escenario,benefit_tp_soles,cost_fp_soles,cost_fn_soles,umbral_optimo,valor_total_test,valor_por_cliente,precision,recall,f1,impacto_mensual_estimado_soles,impacto_anual_estimado_soles
Conservador,40,-2.0,-25,0.060000000000000005,22086.0,2.6822929317464173,0.11773123455184077,0.9762675296655879,0.21012305549106106,268229.29317464173,3218751.518095701
Base,60,-2.5,-40,0.05,36550.0,4.4389118290017,0.11486146095717883,0.9838187702265372,0.20570655238524868,443891.18290017004,5326694.19480204
Optimista,90,-3.5,-60,0.05,56582.0,6.871751275200388,0.11486146095717883,0.9838187702265372,0.20570655238524868,687175.1275200389,8246101.530240467
