population_pct,gain,lift
0.00012144765606023804,0.0010787486515641855,8.882416396979503
0.00024289531212047608,0.0010787486515641855,4.441208198489751
0.0003643429681807141,0.002157497303128371,5.921610931319669
0.00048579062424095217,0.003236245954692557,6.661812297734628
0.0006072382803011902,0.004314994606256742,7.105933117583602
0.0007286859363614282,0.005393743257820928,7.402013664149587
0.0008501335924216663,0.006472491909385114,7.613499768839575
0.0009715812484819043,0.007551240560949299,7.772114347357066
0.0010930289045421424,0.008629989212513484,7.895481241759558
0.0012144765606023804,0.009708737864077669,7.994174757281552
0.0013359242166626185,0.010787486515641856,8.074923997254094
0.0014573718727228565,0.011866235167206042,8.142215030564545
0.0015788195287830945,0.012944983818770227,8.19915359721185
0.0017002671848433326,0.014023732470334413,8.24795808290954
0.0018217148409035706,0.015102481121898598,8.290255303847538
0.0019431624969638087,0.016181229773462782,8.327265372168284
0.0020646101530240467,0.016181229773462782,7.837426232628973
0.0021860578090842847,0.017259978425026967,7.895481241759558
0.002307505465144523,0.018338727076591153,7.9474251972974495
0.002428953121204761,0.019417475728155338,7.994174757281552
0.002550400777264999,0.020496224379719527,8.036471978219552
0.002671848433325237,0.021574973031283712,8.074923997254094
0.002793296089385475,0.022653721682847898,8.110032362459547
0.002914743745445713,0.023732470334412083,8.142215030564545
0.003036191401505951,0.02481121898597627,8.171823085221144
0.003157639057566189,0.025889967637540454,8.19915359721185
0.003279086713626427,0.02696871628910464,8.224459626832873
0.003400534369686665,0.028047464940668825,8.24795808290954
0.003521982025746903,0.028047464940668825,7.963545735223003
0.0036434296818071412,0.02912621359223301,7.994174757281553
0.0037648773378673793,0.02912621359223301,7.736298152207955
0.0038863249939276173,0.030204962243797196,7.772114347357066
0.004007772649987855,0.03128371089536138,7.805759864012292
0.004129220306048093,0.032362459546925564,7.837426232628973
0.004250667962108331,0.03344120819848975,7.867283094467561
0.0043721156181685695,0.034519956850053934,7.895481241759558
0.004493563274228807,0.03559870550161812,7.922155164873612
0.004615010930289046,0.036677454153182305,7.9474251972974495
0.004736458586349283,0.036677454153182305,7.743645064033413
0.004857906242409522,0.037756202804746494,7.772114347357066
0.004979353898469759,0.037756202804746494,7.582550582787381
0.005100801554529998,0.037756202804746494,7.402013664149586
0.005222249210590235,0.038834951456310676,7.436441634680515
0.005343696866650474,0.038834951456310676,7.267431597528684
0.005465144522710711,0.039913700107874865,7.303320148627592
0.00558659217877095,0.040992448759439054,7.337648327939591
0.0057080398348311875,0.042071197411003236,7.370515733663844
0.005829487490891426,0.043149946062567425,7.402013664149587
0.005950935146951664,0.04422869471413161,7.432225964819585
0.006072382803011902,0.04422869471413161,7.283581445523192
0.00619383045907214,0.045307443365695796,7.31493115045371
0.006315278115132378,0.045307443365695796,7.174259397560369
0.006436725771192616,0.045307443365695796,7.038896012700739
0.006558173427252854,0.04638619201725998,7.073035279076271
0.006679621083313092,0.04746494066882417,7.105933117583604
0.00680106873937333,0.04746494066882417,6.97904145476961
0.006922516395433568,0.04854368932038835,7.012433997615398
0.007043964051493806,0.04962243797195254,7.044675073466503
0.007165411707554044,0.05070118662351672,7.075823231492147
0.0072868593636142825,0.05070118662351672,6.957892844300611
0.00740830701967452,0.05177993527508091,6.989442410737971
0.0075297546757347586,0.05285868392664509,7.019974249225736
0.007651202331794996,0.05393743257820928,7.049536822999607
0.007772649987855235,0.05501618122977346,7.078175566343042
0.007894097643915472,0.05609492988133765,7.105933117583604
0.00801554529997571,0.05717367853290183,7.132849530907784
0.00813699295603595,0.05825242718446602,7.158962469207361
0.008258440612096187,0.05825242718446602,7.053683609366076
0.008379888268156424,0.0593311758360302,7.080186983099605
0.008501335924216662,0.06040992448759439,7.105933117583604
0.008622783580276901,0.061488673139158574,7.130954008842699
0.008744231236337139,0.06256742179072276,7.1552798753446005
0.008865678892397377,0.06364617044228695,7.178939279750558
0.008987126548457614,0.06472491909385113,7.201959240794192
0.009108574204517854,0.06472491909385113,7.105933117583602
0.009230021860578091,0.06580366774541532,7.1293078975756545
0.009351469516638329,0.0668824163969795,7.152075540425055
0.009472917172698566,0.06796116504854369,7.174259397560369
0.009594364828758806,0.06903991370010787,7.195881638059344
0.009715812484819043,0.06903991370010787,7.105933117583602
0.009837260140879281,0.07011866235167206,7.127865009921824
0.009958707796939519,0.07119741100323625,7.149261978056674
0.010080155452999758,0.07227615965480043,7.170143356597912
0.010201603109059995,0.07335490830636461,7.190527559459597
0.010323050765120233,0.07335490830636461,7.105933117583603
0.01044449842118047,0.0744336569579288,7.126589899902161
0.01056594607724071,0.07551240560949299,7.146771813661669
0.010687393733300948,0.07551240560949299,7.0655584975973325
0.010808841389361185,0.07659115426105717,7.085972631298255
0.010930289045421423,0.07766990291262135,7.105933117583603
0.011051736701481662,0.07874865156418555,7.125454911862679
0.0111731843575419,0.07982740021574973,7.144552319309601
0.011294632013602137,0.08090614886731391,7.16323902982218
0.011416079669662375,0.08090614886731391,7.087034359292157
0.011537527325722614,0.08198489751887811,7.105933117583603
0.011658974981782852,0.08306364617044229,7.124438151743977
0.01178042263784309,0.08414239482200647,7.142561638808261
0.011901870293903327,0.08414239482200647,7.0696783567796055
0.012023317949963567,0.08522114347357065,7.087988842034148
0.012144765606023804,0.08629989212513485,7.105933117583604
0.012266213262084042,0.08737864077669903,7.123522060943959
0.01238766091814428,0.08845738942826321,7.140766123061955
0.012509108574204519,0.0895361380798274,7.157675349022318
0.012630556230264756,0.09061488673139159,7.174259397560369
0.012752003886324994,0.09061488673139159,7.105933117583604
0.012873451542385232,0.09169363538295577,7.12269239380432
0.01299489919844547,0.09277238403451996,7.139138412525582
0.013116346854505708,0.09277238403451996,7.073035279076271
0.013237794510565946,0.09385113268608414,7.089635105846026
0.013359242166626184,0.09385113268608414,7.025183877611062
0.013480689822686423,0.09492988133764833,7.041915702109877
0.01360213747874666,0.09600862998921252,7.058348744028356
0.013723585134806898,0.0970873786407767,7.074490935647392
0.013845032790867136,0.0970873786407767,7.012433997615398
0.013966480446927373,0.09816612729234088,7.028694714131608
0.014087928102987613,0.09924487594390508,7.044675073466503
0.01420937575904785,0.09924487594390508,6.984464175402687
0.014330823415108088,0.10032362459546926,7.000548516263508
0.014452271071168326,0.10032362459546926,6.941720377471378
0.014573718727228565,0.10032362459546926,6.8838727076591155
0.014695166383288803,0.10140237324703344,6.900389597653499
0.01481661403934904,0.10248112189859762,6.91663571895945
0.014938061695409278,0.10248112189859762,6.860402908236202
0.015059509351469517,0.10248112189859762,6.805077078331071
0.015180957007529755,0.10355987055016182,6.821695792880259
0.015302404663589992,0.104638619201726,6.838050718309618
0.01542385231965023,0.10571736785329018,6.8541480858582
0.01554529997571047,0.10679611650485436,6.869993932038835
0.015666747631770707,0.10787486515641856,6.885594106185662
0.015788195287830945,0.10895361380798274,6.900954277653307
0.015909642943891182,0.11003236245954692,6.9160799426863315
0.01603109059995142,0.1111111111111111,6.930976430976431
0.016152538256011657,0.1121898597626753,6.945648911923824
0.0162739859120719,0.11326860841423948,6.9601024006182675
0.016395433568132136,0.11326860841423948,6.908546086539614
0.016516881224192374,0.11326860841423948,6.857747953550352
0.01663832888025261,0.11434735706580366,6.872526555327207
0.01675977653631285,0.11542610571736785,6.887090974469615
0.016881224192373086,0.11650485436893204,6.901445833624363
0.017002671848433324,0.11758360302049622,6.915595623362615
0.01712411950449356,0.1186623516720604,6.929544706863443
0.017245567160553803,0.11974110032362459,6.94329732439947
0.01736701481661404,0.12081984897518878,6.956857597634296
0.017488462472674278,0.12189859762675297,6.97022953374086
0.017609910128734516,0.12189859762675297,6.922158985232302
0.017731357784794753,0.12297734627831715,6.935585405860708
0.01785280544085499,0.12297734627831715,6.888404552759615
0.01797425309691523,0.12405609492988134,6.9018776057611015
0.018095700752975466,0.12405609492988134,6.85555627954794
0.018217148409035707,0.12405609492988134,6.809852571017619
0.018338596065095945,0.12513484358144553,6.823578159269022
0.018460043721156182,0.1262135922330097,6.837123147675013
0.01858149137721642,0.1272923408845739,6.850491077409028
0.018702939033276657,0.12837108953613807,6.8636853976659795
0.018824386689336895,0.12837108953613807,6.819403556390716
0.018945834345397133,0.12944983818770225,6.832627997676541
0.01906728200145737,0.13052858683926646,6.845683974742166
0.01918872965751761,0.13160733549083065,6.858574686275313
0.01931017731357785,0.13268608414239483,6.871303250493578
0.019431624969638087,0.13268608414239483,6.8283576051779935
0.019553072625698324,0.133764832793959,6.841115734319618
0.019674520281758562,0.1348435814455232,6.853716355694061
0.0197959679378188,0.13592233009708737,6.866162368217285
0.019917415593879037,0.13700107874865156,6.878456600099981
0.020038863249939275,0.13807982740021574,6.890601810990161
0.020160310905999516,0.13915857605177995,6.90260069403829
0.020281758562059753,0.13915857605177995,6.861267755750635
0.02040320621811999,0.14023732470334413,6.873298402424616
0.02052465387418023,0.14023732470334413,6.832627997676542
0.020646101530240466,0.1413160733549083,6.844685576495971
0.020767549186300704,0.1423948220064725,6.856602131001723
0.02088899684236094,0.14347357065803668,6.868380120920198
0.02101044449842118,0.14347357065803668,6.828678501724127
0.02113189215448142,0.14347357065803668,6.789433222978586
0.021253339810541658,0.14347357065803668,6.750636461704422
0.021374787466601895,0.14347357065803668,6.712280572717465
0.021496235122662133,0.14347357065803668,6.674358083606068
0.02161768277872237,0.14347357065803668,6.636861689877944
0.021739130434782608,0.14455231930960086,6.64940668824164
0.021860578090842846,0.14563106796116504,6.6618122977346275
0.021982025746903083,0.14670981661272922,6.674080828669682
0.022103473402963324,0.14778856526429343,6.686214540583473
0.022224921059023562,0.1488673139158576,6.698215643623888
0.0223463687150838,0.1488673139158576,6.661812297734628
0.022467816371144037,0.1499460625674218,6.6738155631359515
0.022589264027204275,0.15102481121898598,6.685689761167368
0.022710711683264512,0.15210355987055016,6.697436962428396
0.02283215933932475,0.15210355987055016,6.661812297734628
0.022953606995384988,0.15318230852211434,6.673561525772961
0.02307505465144523,0.15426105717367852,6.685187077726678
0.023196502307505466,0.1553398058252427,6.696690896152086
0.023317949963565704,0.1553398058252427,6.6618122977346275
0.02343939761962594,0.15641855447680691,6.673318018456104
0.02356084527568618,0.15641855447680691,6.638919471969217
0.023682292931746417,0.15641855447680691,6.604873731087324
0.023803740587806654,0.1574973031283711,6.616493846729631
0.023925188243866892,0.1574973031283711,6.582907583548263
0.024046635899927133,0.15857605177993528,6.594521264424177
0.02416808355598737,0.15857605177993528,6.561382966613
0.024289531212047608,0.15965480043149946,6.572988133764833
0.024410978868107846,0.15965480043149946,6.540286700263515
0.024532426524168083,0.15965480043149946,6.507909043331518
0.02465387418022832,0.16073354908306364,6.51960612389136
0.02477532183628856,0.16073354908306364,6.487647270342873
0.024896769492348796,0.16181229773462782,6.499329070960613
0.025018217148409037,0.162891046386192,6.510897456038373
0.025139664804469275,0.16396979503775622,6.522354069279636
0.025261112460529513,0.1650485436893204,6.533700522778193
0.02538256011658975,0.16612729234088458,6.544938397774371
0.025504007772649988,0.16720604099244876,6.556069245389634
0.025625455428710225,0.16828478964401294,6.567094587340296
0.025746903084770463,0.16936353829557713,6.578015916631047
0.0258683507408307,0.1704422869471413,6.588834698228927
0.02598979839689094,0.1715210355987055,6.599552369718415
0.02611124605295118,0.1715210355987055,6.568856777301121
0.026232693709011417,0.1715210355987055,6.538445403332134
0.026354141365071655,0.1715210355987055,6.508314318524152
0.026475589021131892,0.1725997842502697,6.519204695030829
0.02659703667719213,0.17367853290183388,6.529995616044293
0.026718484333252367,0.17367853290183388,6.5003138177895465
0.026839931989312605,0.17475728155339806,6.511092562491763
0.026961379645372846,0.17475728155339806,6.481763316714773
0.027082827301433084,0.17583603020496225,6.49252857716439
0.02720427495749332,0.17583603020496225,6.463544074587764
0.02732572261355356,0.17691477885652643,6.474294618242838
0.027447170269613796,0.1779935275080906,6.484950024343443
0.027568617925674034,0.1790722761596548,6.495511550214086
0.02769006558173427,0.1790722761596548,6.467022464467533
0.02781151323779451,0.18015102481121897,6.477570036225227
0.027932960893854747,0.18122977346278318,6.488025889967639
0.028054408549914988,0.18230852211434737,6.498391216837819
0.028175856205975226,0.18230852211434737,6.47038090986869
0.028297303862035463,0.18230852211434737,6.4426110347190395
0.0284187515180957,0.18230852211434737,6.415078508929642
0.02854019917415594,0.18338727076591155,6.425577819091556
0.028661646830216176,0.18338727076591155,6.398350794434388
0.028783094486276414,0.18446601941747573,6.408832083896605
0.02890454214233665,0.18446601941747573,6.381904217997879
0.029025989798396892,0.18446601941747573,6.355201689889101
0.02914743745445713,0.18446601941747573,6.328721682847896
0.029268885110517368,0.18446601941747573,6.302461426902469
0.029390332766577605,0.1855447680690399,6.313122397853201
0.029511780422637843,0.1866235167206041,6.323695624187054
0.02963322807869808,0.1866235167206041,6.297778838842025
0.029754675734758318,0.18770226537216828,6.308328379895648
0.029876123390818556,0.18770226537216828,6.282684768595259
0.029997571046878797,0.18770226537216828,6.2572487978722
0.030119018702939034,0.18770226537216828,6.232017955945296
0.030240466358999272,0.18770226537216828,6.206989771383268
0.03036191401505951,0.18878101402373246,6.217691477885652
0.030483361671119747,0.18878101402373246,6.192919798690888
0.030604809327179985,0.18878101402373246,6.168344720124655
0.030726256983240222,0.18878101402373246,6.143963910954202
0.03084770463930046,0.18985976267529667,6.154745219954303
0.0309691522953607,0.19093851132686085,6.165441969668126
0.03109059995142094,0.19201725997842503,6.176055151024811
0.031212047607481176,0.19201725997842503,6.1520238080247145
0.031333495263541414,0.19201725997842503,6.128178754505239
0.03145494291960165,0.19201725997842503,6.104517832673173
0.03157639057566189,0.1930960086299892,6.115202057920505
0.03169783823172213,0.1941747572815534,6.125804411710003
0.031819285887782364,0.1941747572815534,6.102423478840881
0.0319407335438426,0.1941747572815534,6.079220347742626
0.03206218119990284,0.19525350593311758,6.0898385145957965
0.03218362885596308,0.19525350593311758,6.066857991899209
0.032305076512023315,0.19525350593311758,6.044050255087558
0.03242652416808356,0.19525350593311758,6.021413362746404
0.0325479718241438,0.19525350593311758,5.998945402437649
0.032669419480204034,0.19633225458468176,6.009664625465686
0.03279086713626427,0.19741100323624594,6.020304446841663
0.03291231479232451,0.19848975188781015,6.03086574555066
0.03303376244838475,0.19848975188781015,6.008693445015547
0.033155210104444985,0.19848975188781015,5.986683578916589
0.03327665776050522,0.19848975188781015,5.964834368774557
0.03339810541656546,0.19956850053937433,5.97544375796803
0.0335195530726257,0.20064724919093851,5.985976267529666
0.033641000728685935,0.20064724919093851,5.964366244903205
0.03376244838474617,0.20064724919093851,5.942911690065424
0.03388389604080641,0.2017259978425027,5.95344754922999
0.03400534369686665,0.2017259978425027,5.932185236554169
0.034126791352926886,0.2017259978425027,5.911074257064652
0.03424823900898712,0.2017259978425027,5.890113000833927
0.03436968666504737,0.2017259978425027,5.869299880689637
0.034491134321107605,0.20280474649406688,5.87990944588784
0.03461258197716784,0.20280474649406688,5.859278184674198
0.03473402963322808,0.20280474649406688,5.838791198014499
0.03485547728928832,0.20280474649406688,5.818446977812357
0.034976924945348556,0.20280474649406688,5.7982440369171755
0.035098372601408794,0.20280474649406688,5.778180908761753
0.03521982025746903,0.20388349514563106,5.788885169065952
0.03534126791352927,0.20388349514563106,5.768992092883595
0.035462715569589506,0.20388349514563106,5.749235270647692
0.035584163225649744,0.20496224379719524,5.759928721590804
0.03570561088170998,0.20496224379719524,5.7403371272996795
0.03582705853777022,0.20604099244875945,5.750988243468086
0.03594850619383046,0.20711974110032363,5.761567392635355
0.036069953849890694,0.20711974110032363,5.742168175825134
0.03619140150595093,0.20711974110032363,5.722899155100889
0.036312849162011177,0.20711974110032363,5.703759024147374
0.036434296818071414,0.20711974110032363,5.684746494066882
0.03655574447413165,0.20819848975188782,5.695369982116426
0.03667719213019189,0.20819848975188782,5.67651114111604
0.03679863978625213,0.20819848975188782,5.657776780914337
0.036920087442312365,0.20819848975188782,5.639165673082382
0.0370415350983726,0.209277238403452,5.649799282013192
0.03716298275443284,0.209277238403452,5.631335885666744
0.03728443041049308,0.21035598705501618,5.641925724465809
0.037405878066553315,0.21143473570658036,5.652446798077866
0.03752732572261355,0.21251348435814454,5.662899774126092
0.03764877337867379,0.21359223300970873,5.673285311619167
0.03777022103473403,0.21359223300970873,5.655043236662192
0.037891668690794265,0.21359223300970873,5.636918098083147
0.0380131163468545,0.21467098166127294,5.647287102232976
0.03813456400291474,0.21574973031283712,5.657590061770385
0.038256011658974985,0.21574973031283712,5.639629458399685
0.03837745931503522,0.2168284789644013,5.649891442382533
0.03849890697109546,0.2168284789644013,5.632068440987004
0.0386203546271557,0.21790722761596548,5.642289660974401
0.038741802283215936,0.21898597626752966,5.652446798077865
0.03886324993927617,0.22006472491909385,5.662540453074433
0.03898469759533641,0.22114347357065803,5.672571219254823
0.03910614525139665,0.22114347357065803,5.654954538449684
0.039227592907456886,0.22114347357065803,5.637446939259437
0.039349040563517124,0.2222222222222222,5.647462277091907
0.03947048821957736,0.2222222222222222,5.63008547008547
0.0395919358756376,0.2222222222222222,5.612815269256987
0.039713383531697836,0.2222222222222222,5.595650696568128
0.039834831187758074,0.22330097087378642,5.605671323703529
0.03995627884381831,0.22330097087378642,5.588632809041816
0.04007772649987855,0.2243797195253506,5.598613971429506
0.040199174155938794,0.2243797195253506,5.581699729823978
0.04032062181199903,0.22545846817691478,5.591641647496133
0.04044206946805927,0.22653721682847897,5.601523853951038
0.04056351712411951,0.22653721682847897,5.5847528244481905
0.040684964780179744,0.22761596548004315,5.594596596306493
0.04080641243623998,0.22761596548004315,5.5779460111984385
0.04092786009230022,0.22761596548004315,5.5613942426192144
0.04104930774836046,0.22761596548004315,5.544940413499039
0.041170755404420695,0.22869471413160733,5.554785475397211
0.04129220306048093,0.2297734627831715,5.564572625166571
0.04141365071654117,0.2297734627831715,5.548254230371361
0.04153509837260141,0.2308522114347357,5.558003242554427
0.041656546028661645,0.2308522114347357,5.541799151468262
0.04177799368472188,0.2308522114347357,5.525689270213993
0.04189944134078212,0.2308522114347357,5.509672779575692
0.04202088899684236,0.2319309600862999,5.519420593498825
0.042142336652902596,0.2319309600862999,5.5035144822783675
0.04226378430896284,0.23300970873786409,5.513223970539002
0.04238523196502308,0.23300970873786409,5.497426767185022
0.042506679621083315,0.23408845738942827,5.507098166127292
0.04262812727714355,0.23516720604099245,5.516714457383281
0.04274957493320379,0.23624595469255663,5.5262761106207705
0.04287102258926403,0.2373247033441208,5.535783590185527
0.042992470245324266,0.238403451995685,5.54523735517647
0.0431139179013845,0.238403451995685,5.52961696826048
0.04323536555744474,0.23948220064724918,5.539034944183848
0.04335681321350498,0.2405609492988134,5.548400158337337
0.043478260869565216,0.2405609492988134,5.532901833872708
0.043599708525625454,0.2405609492988134,5.51748985104855
0.04372115618168569,0.2405609492988134,5.502163490351193
0.04384260383774593,0.2405609492988134,5.486922040239417
0.04396405149380617,0.2405609492988134,5.471764797034336
0.044085499149866404,0.24163969795037757,5.481160531469446
0.04420694680592665,0.24271844660194175,5.4905046409900775
0.044328394461986886,0.24271844660194175,5.4754621625216116
0.044449842118047124,0.24271844660194175,5.460501883389039
0.04457128977410736,0.24379719525350593,5.469825901137241
0.0446927374301676,0.24379719525350593,5.454962243797195
0.04481418508622784,0.24379719525350593,5.44017914828555
0.044935632742288074,0.24487594390507011,5.449482492200938
0.04505708039834831,0.24487594390507011,5.434793860146489
0.04517852805440855,0.24487594390507011,5.420184199232117
0.04529997571046879,0.2459546925566343,5.429466323086667
0.045421423366529025,0.24703344120819848,5.438698809915257
0.04554287102258926,0.24703344120819848,5.424195613088817
0.0456643186786495,0.2481121898597627,5.433393008790654
0.04578576633470974,0.2481121898597627,5.418980825743464
0.045907213990769975,0.2481121898597627,5.404644897633032
0.04602866164683021,0.24919093851132687,5.413821075731572
0.04615010930289046,0.24919093851132687,5.399574178163856
0.046271556958950695,0.24919093851132687,5.385402067460014
0.04639300461501093,0.25026968716289105,5.394556555233625
0.04651445227107117,0.2513484358144552,5.403663238893535
0.04663589992713141,0.2524271844660194,5.412722491909385
0.046757347583191645,0.2524271844660194,5.39866347244988
0.04687879523925188,0.2535059331175836,5.407688739093739
0.04700024289531212,0.2535059331175836,5.393715383178769
0.04712169055137236,0.2545846817691478,5.402706880637018
0.047243138207432596,0.255663430420712,5.411652149316562
0.047364585863492834,0.255663430420712,5.397776118164468
0.04748603351955307,0.255663430420712,5.383971064153817
0.04760748117561331,0.25674217907227614,5.392895669594699
0.047728928831673546,0.25782092772384035,5.401774857196187
0.047850376487733784,0.25782092772384035,5.388064768726146
0.04797182414379402,0.25782092772384035,5.374424098425574
0.048093271799854266,0.2588996763754045,5.383282664836062
0.048214719455914504,0.2588996763754045,5.369722758879297
0.04833616711197474,0.2599784250269687,5.378548622291609
0.04845761476803498,0.2599784250269687,5.3650685505565425
0.048579062424095217,0.26105717367853293,5.3738619201726
0.048700510080155454,0.2621359223300971,5.382611432583589
0.04882195773621569,0.2632146709816613,5.391317415082087
0.04894340539227593,0.2632146709816613,5.37793945623573
0.04906485304833617,0.26429341963322545,5.386613904108858
0.049186300704396405,0.26429341963322545,5.373313622864144
0.04930774836045664,0.26537216828478966,5.381956733145217
0.04942919601651688,0.26537216828478966,5.368733252228398
0.04955064367257712,0.26537216828478966,5.355574592296466
0.049672091328637355,0.26537216828478966,5.342480277889873
0.04979353898469759,0.2664509169363538,5.351114268424237
0.04991498664075783,0.2664509169363538,5.33809452567868
0.050036434296818075,0.267529665587918,5.346697248667274
0.05015788195287831,0.2686084142394822,5.355258311980378
0.05027932960893855,0.2686084142394822,5.3423229054297
0.05040077726499879,0.2696871628910464,5.350853251192472
0.050522224921059025,0.2707659115426106,5.359342585677537
0.05064367257711926,0.2707659115426106,5.346490445184306
0.0507651202331795,0.2707659115426106,5.333699798186258
0.05088656788923974,0.2707659115426106,5.320970204395837
0.051008015545299976,0.2707659115426106,5.308301227718704
0.05112946320136021,0.27184466019417475,5.316790812443788
0.05125091085742045,0.27292340884573896,5.325240162170177
0.05137235851348069,0.2740021574973031,5.333649562252468
0.051493806169540926,0.2740021574973031,5.321070200077344
0.051615253825601164,0.2750809061488673,5.329449838187703
0.0517367014816614,0.2750809061488673,5.3169393925581545
0.05185814913772164,0.2750809061488673,5.3044875438636385
0.05197959679378188,0.2761596548004315,5.312847190716711
0.05210104444984212,0.2761596548004315,5.300462931530892
0.05222249210590236,0.2761596548004315,5.288136273550587
0.052343939761962596,0.2761596548004315,5.275866815839334
0.052465387418022834,0.2761596548004315,5.263654161173038
0.05258683507408307,0.2761596548004315,5.25149791599712
0.05270828273014331,0.2761596548004315,5.239397690384223
0.05282973038620355,0.2772384034519957,5.2477724460315684
0.052951178042263784,0.2772384034519957,5.235736270696634
0.05307262569832402,0.2783171521035599,5.2440810764776025
0.05319407335438426,0.2783171521035599,5.232108288631763
0.0533155210104445,0.27939590075512405,5.240423341270368
0.053436968666504735,0.27939590075512405,5.228513288222026
0.05355841632256497,0.27939590075512405,5.2166572490197085
0.05367986397862521,0.28047464940668826,5.22495082175265
0.05380131163468545,0.28047464940668826,5.213156350371718
0.05392275929074569,0.28047464940668826,5.20141500724025
0.05404420694680593,0.2815533980582524,5.209686920475619
0.05416565460286617,0.2826321467098166,5.217921739929664
0.054287102258926405,0.2837108953613808,5.226119714553936
0.05440854991498664,0.284789644012945,5.234281091077207
0.05452999757104688,0.284789644012945,5.222623449448974
0.05465144522710712,0.2858683926645092,5.230756322665708
0.054772892883167355,0.2858683926645092,5.219158193347159
0.05489434053922759,0.28694714131607335,5.2272627468950175
0.05501578819528783,0.28694714131607335,5.215723535533218
0.05513723585134807,0.28694714131607335,5.204235157701648
0.055258683507408306,0.28694714131607335,5.192797278234171
0.05538013116346854,0.28802588996763756,5.20088854823142
0.05550157881952878,0.28802588996763756,5.189508048125881
0.05562302647558902,0.28802588996763756,5.178177244527353
0.055744474131649256,0.2891046386192017,5.186247482332259
0.055865921787709494,0.2891046386192017,5.174973031283711
0.05598736944376974,0.2891046386192017,5.1637474932548955
0.056108817099829976,0.2891046386192017,5.152570550628803
0.056230264755890214,0.2901833872707659,5.160626373191116
0.05635171241195045,0.2912621359223301,5.168647472380314
0.05647316006801069,0.2912621359223301,5.157532101471969
0.056594607724070926,0.2912621359223301,5.146464436018167
0.056716055380131164,0.2912621359223301,5.135444169559884
0.0568375030361914,0.2923408845738943,5.143450520473174
0.05695895069225164,0.2923408845738943,5.132483675013743
0.05708039834831188,0.2923408845738943,5.121563496981799
0.057201846004372114,0.29341963322545844,5.129548322671815
0.05732329366043235,0.29341963322545844,5.11868063554751
0.05744474131649259,0.29449838187702265,5.126637793605506
0.05756618897255283,0.29449838187702265,5.115822102057816
0.057687636628613065,0.29449838187702265,5.10505195026401
0.0578090842846733,0.29557713052858686,5.11298758985795
0.05793053194073355,0.296655879180151,5.120889956329902
0.058051979596793785,0.296655879180151,5.110176797425447
0.05817342725285402,0.296655879180151,5.09950836987341
0.05829487490891426,0.2977346278317152,5.107389428263215
0.0584163225649745,0.2988133764832794,5.115237717179465
0.058537770221034735,0.2988133764832794,5.104625190795274
0.05865921787709497,0.2988133764832794,5.094056608619715
0.05878066553315521,0.2988133764832794,5.083531698271328
0.05890211318921545,0.2988133764832794,5.073050189615098
0.059023560845275685,0.2988133764832794,5.062611814739347
0.05914500850133592,0.2998921251348436,5.07045535597598
0.05926645615739616,0.30097087378640774,5.078266751551806
0.0593879038134564,0.30097087378640774,5.067881747969901
0.059509351469516636,0.30204962243797195,5.0756665125597165
0.059630799125576874,0.30204962243797195,5.065329106220491
0.05975224678163711,0.30312837108953616,5.0730874137220345
0.059873694437697356,0.30312837108953616,5.062797175560326
0.05999514209375759,0.30312837108953616,5.052548598281864
0.06011658974981783,0.3042071197411003,5.0602857049458985
0.06023803740587807,0.30528586839266453,5.067991613599193
0.060359485061938306,0.3063646170442287,5.0756665125597165
0.060480932717998544,0.3074433656957929,5.083310588632848
0.06060238037405878,0.30852211434735705,5.090924027126529
0.06072382803011902,0.30852211434735705,5.080742179072276
0.060845275686179257,0.30852211434735705,5.07060097711804
0.060966723342239494,0.30960086299892126,5.078194234926529
0.06108817099829973,0.3106796116504854,5.085757300855064
0.06120961865435997,0.3106796116504854,5.0756665125597165
0.06133106631042021,0.3117583603020496,5.083204631142726
0.061452513966480445,0.31283710895361383,5.090712954790625
0.06157396162254068,0.31283710895361383,5.080672100836403
0.06169540927860092,0.313915857605178,5.088155849450858
0.061816856934661164,0.3149946062567422,5.095610192373311
0.0619383045907214,0.3149946062567422,5.085618799839246
0.06205975224678164,0.3149946062567422,5.0756665125597165
0.06218119990284188,0.3149946062567422,5.065753101402374
0.062302647558902115,0.3149946062567422,5.055878339021472
0.06242409521496235,0.3149946062567422,5.046041999840496
0.06254554287102258,0.3149946062567422,5.036243860034982
0.06266699052708283,0.3149946062567422,5.026483697515533
0.06278843818314307,0.3149946062567422,5.016761291911054
0.0629098858392033,0.3149946062567422,5.007076424552153
0.06303133349526355,0.3149946062567422,4.997428878454749
0.06315278115132378,0.3149946062567422,4.987818438303876
0.06327422880738402,0.3149946062567422,4.978244890437649
0.06339567646344425,0.3149946062567422,4.968708022831447
0.0635171241195045,0.31607335490830635,4.976191212839377
0.06363857177556473,0.31715210355987056,4.983645841053386
0.06376001943162497,0.3182308522114347,4.99107207068372
0.0638814670876852,0.3193096008629989,4.998470063699493
0.06400291474374545,0.32038834951456313,5.005839980840442
0.06412436239980568,0.32038834951456313,4.9963592233009715
0.06424581005586592,0.32038834951456313,4.986914309835374
0.06436725771192615,0.32038834951456313,4.977505037552666
0.0644887053679864,0.3214670981661273,4.984858919585484
0.06461015302404663,0.3214670981661273,4.975488884022354
0.06473160068010687,0.3225458468176915,4.982818954403137
0.06485304833616712,0.3225458468176915,4.973487832765677
0.06497449599222735,0.3225458468176915,4.9641915938259285
0.0650959436482876,0.3225458468176915,4.95493004234491
0.06521739130434782,0.3225458468176915,4.945702984537936
0.06533883896040807,0.32362459546925565,4.953020295713477
0.0654602866164683,0.32362459546925565,4.943831018726996
0.06558173427252854,0.32362459546925565,4.9346757760997235
0.06570318192858877,0.32470334412081986,4.941972893698393
0.06582462958464902,0.32470334412081986,4.932854862529208
0.06594607724070925,0.325782092772384,4.940128456515304
0.0660675248967695,0.325782092772384,4.931047338029062
0.06618897255282973,0.325782092772384,4.921999544748275
0.06631042020888997,0.3268608414239482,4.929253055466647
0.0664318678649502,0.3268608414239482,4.920241623921005
0.06655331552101044,0.3268608414239482,4.9112630808116595
0.06667476317707069,0.3268608414239482,4.902317246420381
0.06679621083313092,0.32793959007551243,4.90955379033049
0.06691765848919116,0.3290183387270766,4.916764067293554
0.0670391061452514,0.3290183387270766,4.907856886012226
0.06716055380131164,0.3290183387270766,4.89898191876808
0.06728200145737187,0.3300970873786408,4.906172233710701
0.06740344911343212,0.3300970873786408,4.897332283740051
0.06752489676949235,0.3300970873786408,4.88852413215059
0.06764634442555259,0.3300970873786408,4.879747607676352
0.06776779208161282,0.3300970873786408,4.8710025402790835
0.06788923973767307,0.3300970873786408,4.862288761137259
0.0680106873937333,0.33117583603020495,4.869467560486978
0.06813213504979354,0.33225458468176916,4.87662076696914
0.06825358270585377,0.33225458468176916,4.86794350581795
0.06837503036191402,0.3333333333333333,4.875074008288928
0.06849647801797425,0.3333333333333333,4.866430260047282
0.06861792567403449,0.3344120819848975,4.873538200112648
0.06873937333009474,0.3344120819848975,4.864927708593014
0.06886082098615497,0.3344120819848975,4.856347589177506
0.06898226864221521,0.3344120819848975,4.847797681450081
0.06910371629827544,0.3354908306364617,4.854888399755054
0.06922516395433569,0.3365695792880259,4.861954238346676
0.06934661161039592,0.3365695792880259,4.853439432325053
0.06946805926645616,0.3365695792880259,4.844954398352456
0.06958950692251639,0.3376483279395901,4.852000579850934
0.06971095457857664,0.3376483279395901,4.843547617168266
0.06983240223463687,0.33872707659115425,4.850571736785329
0.06995384989069711,0.33872707659115425,4.842150605297854
0.07007529754675734,0.33980582524271846,4.84915279904427
0.07019674520281759,0.33980582524271846,4.84076326132966
0.07031819285887782,0.3408845738942826,4.847743663981905
0.07043964051493806,0.3419633225458468,4.854699996280178
0.07056108817099829,0.3419633225458468,4.846344230365754
0.07068253582705854,0.3419633225458468,4.838017178423544
0.07080398348311878,0.3419633225458468,4.82971869269726
0.07092543113917901,0.3419633225458468,4.821448626442642
0.07104687879523926,0.3419633225458468,4.813206833918808
0.07116832645129949,0.343042071197411,4.820150877541779
0.07128977410735973,0.3441208198489752,4.827071261731621
0.07141122176341996,0.3441208198489752,4.818861956864731
0.07153266941948021,0.3451995685005394,4.825761030617048
0.07165411707554044,0.3451995685005394,4.817581774632952
0.07177556473160068,0.34627831715210355,4.824459667394959
0.07189701238766091,0.34735706580366776,4.831314324032771
0.07201846004372116,0.34735706580366776,4.823167082339629
0.07213990769978139,0.3484358144552319,4.8300008353945785
0.07226135535584163,0.34951456310679613,4.836811617851024
0.07238280301190186,0.3505933117583603,4.843599545332784
0.07250425066796211,0.3516720604099245,4.850364732688975
0.07262569832402235,0.35275080906148865,4.857107294000497
0.07274714598008258,0.35382955771305286,4.86382734258644
0.07286859363614283,0.35382955771305286,4.855720963682129
0.07299004129220306,0.35382955771305286,4.847641561080328
0.0731114889482633,0.35382955771305286,4.839589000347636
0.07323293660432353,0.35382955771305286,4.831563147942417
0.07335438426038378,0.35490830636461707,4.83826985861963
0.07347583191644401,0.3559870550161812,4.844954398352456
0.07359727957250425,0.3559870550161812,4.836959424097749
0.07371872722856448,0.35706580366774543,4.843624097858675
0.07384017488462473,0.3581445523193096,4.85026684835065
0.07396162254068496,0.3592233009708738,4.856887783570074
0.0740830701967452,0.3592233009708738,4.848925672449467
0.07420451785280543,0.3592233009708738,4.84098962388572
0.07432596550886568,0.3592233009708738,4.833079510121201
0.07444741316492591,0.3592233009708738,4.8251952042319335
0.07456886082098615,0.36030204962243795,4.831803056337384
0.0746903084770464,0.36138079827400216,4.8383894194929
0.07481175613310663,0.36245954692556637,4.844954398352457
0.07493320378916687,0.3635382955771305,4.85149809689156
0.0750546514452271,0.36461704422869473,4.858020618412739
0.07517609910128735,0.3656957928802589,4.864522065550972
0.07529754675734758,0.3656957928802589,4.856676062219439
0.07541899441340782,0.3656957928802589,4.848855327819729
0.07554044206946806,0.3656957928802589,4.841059740475967
0.0756618897255283,0.3667745415318231,4.847546669298605
0.07578333738158853,0.3667745415318231,4.839778165020884
0.07590478503764878,0.3667745415318231,4.83203451995685
0.076026232693709,0.3667745415318231,4.824315614972894
0.07614768034976925,0.3667745415318231,4.8166213316954245
0.07626912800582948,0.36785329018338725,4.823095527659253
0.07639057566188973,0.36785329018338725,4.8154276492369
0.07651202331794997,0.36785329018338725,4.807784113285731
0.0766334709740102,0.36785329018338725,4.800164804072917
0.07675491863007045,0.36893203883495146,4.806624062922452
0.07687636628613068,0.36893203883495146,4.799030659979447
0.07699781394219092,0.36893203883495146,4.791461210988944
0.07711926159825115,0.36893203883495146,4.783915602782662
0.0772407092543114,0.37001078748651567,4.7903597864213365
0.07736215691037163,0.37001078748651567,4.782839598373579
0.07748360456643187,0.3710895361380798,4.789265267336911
0.0776050522224921,0.3710895361380798,4.781770329516353
0.07772649987855235,0.37216828478964403,4.7881775889967635
0.07784794753461258,0.37216828478964403,4.7807077331636965
0.07796939519067282,0.3732470334412082,4.787096687468704
0.07809084284673305,0.3732470334412082,4.779651747052735
0.0782122905027933,0.3732470334412082,4.772229927569733
0.07833373815885353,0.3732470334412082,4.764831121480478
0.07845518581491377,0.3743257820927724,4.771205092495182
0.07857663347097402,0.3743257820927724,4.763830741502145
0.07869808112703425,0.3743257820927724,4.756479150851679
0.07881952878309449,0.37540453074433655,4.76283652719394
0.07894097643915472,0.37648327939590076,4.769174342378226
0.07906242409521497,0.37648327939590076,4.761848421729411
0.0791838717512752,0.3775620280474649,4.768168311262003
0.07930531940733544,0.3775620280474649,4.760866368978294
0.07942676706339567,0.3775620280474649,4.753586756793312
0.07954821471945592,0.3775620280474649,4.746329372431795
0.07966966237551615,0.3775620280474649,4.739094114242113
0.07979111003157639,0.3775620280474649,4.731880881191516
0.07991255768763662,0.3775620280474649,4.724689572861438
0.08003400534369687,0.3775620280474649,4.717520089442831
0.0801554529997571,0.3775620280474649,4.710372331731555
0.08027690065581734,0.3775620280474649,4.703246201123791
0.08039834831187759,0.3786407766990291,4.7095591470389815
0.08051979596793782,0.3786407766990291,4.702455739577385
0.08064124362399806,0.37971952535059333,4.708750861049375
0.0807626912800583,0.3807982740021575,4.71502704982521
0.08088413893611854,0.3807982740021575,4.707947429630277
0.08100558659217877,0.3818770226537217,4.71420600379422
0.08112703424823901,0.38295577130528585,4.720445839712161
0.08124848190429924,0.38295577130528585,4.713389866857584
0.08136992956035949,0.38403451995685006,4.719612294514483
0.08149137721641972,0.3851132686084142,4.725816175442151
0.08161282487247996,0.3851132686084142,4.7187837108953605
0.0817342725285402,0.3851132686084142,4.711772145203095
0.08185572018460044,0.3861920172599784,4.717960044686443
0.08197716784066067,0.3861920172599784,4.71097047424987
0.08209861549672091,0.3861920172599784,4.704001583015772
0.08222006315278114,0.38727076591154264,4.710173539904937
0.08234151080884139,0.38727076591154264,4.703226381291508
0.08246295846490163,0.3883495145631068,4.709381300313138
0.08258440612096186,0.389428263214671,4.715518116631766
0.08270585377702211,0.389428263214671,4.708593714111014
0.08282730143308234,0.389428263214671,4.7016896177560135
0.08294874908914258,0.39050701186623515,4.70781074041959
0.08307019674520282,0.39050701186623515,4.700927976179211
0.08319164440126306,0.39158576051779936,4.707032338837314
0.08331309205732329,0.3926645091693635,4.713118904519737
0.08343453971338353,0.3926645091693635,4.706258469433099
0.08355598736944377,0.3926645091693635,4.699417977471715
0.08367743502550401,0.39374325782092773,4.705489092739505
0.08379888268156424,0.3948220064724919,4.711542610571737
0.08392033033762449,0.3959007551240561,4.717578607368274
0.08404177799368472,0.3959007551240561,4.71076129724202
0.08416322564974496,0.3969795037756203,4.716781001570646
0.08428467330580519,0.3969795037756203,4.709984487159161
0.08440612096186544,0.3969795037756203,4.703207531062529
0.08452756861792568,0.3969795037756203,4.696450048977669
0.08464901627398591,0.39805825242718446,4.702455739577385
0.08477046393004616,0.39913700107874867,4.708444221894579
0.08489191158610639,0.39913700107874867,4.701708250189437
0.08501335924216663,0.4002157497303128,4.707680690399137
0.08513480689822686,0.40129449838187703,4.713636090836484
0.0852562545542871,0.40129449838187703,4.706921509510506
0.08537770221034734,0.4023732470334412,4.712861047046024
0.08549914986640758,0.4023732470334412,4.706166642149651
0.08562059752246781,0.4023732470334412,4.699491228472843
0.08574204517852806,0.4023732470334412,4.6928347253163665
0.08586349283458829,0.4023732470334412,4.68619705243756
0.08598494049064853,0.4023732470334412,4.679578130047111
0.08610638814670876,0.4023732470334412,4.6729778788058605
0.086227835802769,0.4034519956850054,4.6789066654511755
0.08634928345882925,0.4034519956850054,4.672325924712144
0.08647073111488948,0.4045307443365696,4.67823897312825
0.08659217877094973,0.4045307443365696,4.6716776281449
0.08671362642700996,0.4045307443365696,4.665134662279152
0.0868350740830702,0.4045307443365696,4.658609998415824
0.08695652173913043,0.4045307443365696,4.65210355987055
0.08707796939519068,0.40560949298813376,4.658003577774467
0.08719941705125091,0.40668824163969797,4.663887161088124
0.08732086470731115,0.40668824163969797,4.657400530822355
0.08744231236337138,0.40668824163969797,4.65093191897399
0.08756376001943163,0.40668824163969797,4.64448125057042
0.08768520767549186,0.40668824163969797,4.638048451054395
0.0878066553315521,0.40668824163969797,4.631633446281152
0.08792810298761233,0.4077669902912621,4.637504693450625
0.08804955064367258,0.4077669902912621,4.631108135252762
0.08817099829973281,0.40884573894282633,4.636963931756518
0.08829244595579305,0.4099244875943905,4.642803618778832
0.0884138936118533,0.4099244875943905,4.636426141280509
0.08853534126791353,0.4099244875943905,4.630066160291099
0.08865678892397377,0.4110032362459547,4.635891297601631
0.088778236580034,0.4120819848975189,4.641700497463982
0.08889968423609425,0.41316073354908306,4.64749382519556
0.08902113189215448,0.41423948220064727,4.653271345757339
0.08914257954821472,0.4153182308522114,4.659033123756279
0.08926402720427495,0.4153182308522114,4.65269430317974
0.0893854748603352,0.4153182308522114,4.646372707659115
0.08950692251639543,0.41639697950377563,4.652120392447881
0.08962837017245567,0.4174757281553398,4.657852500855105
0.0897498178285159,0.4174757281553398,4.651549588134057
0.08987126548457615,0.418554476806904,4.657266975713577
0.08999271314063638,0.41963322545846815,4.662968931747675
0.09011416079669662,0.42071197411003236,4.668655518628041
0.09023560845275687,0.42071197411003236,4.662371998414544
0.0903570561088171,0.42179072276159657,4.668044101100788
0.09047850376487734,0.42179072276159657,4.661778270092599
0.09059995142093757,0.4228694714131607,4.667435961951696
0.09072139907699782,0.4228694714131607,4.661187721038775
0.09084284673305805,0.4228694714131607,4.6549561866523606
0.0909642943891183,0.42394822006472493,4.660600325784973
0.09108574204517852,0.42394822006472493,4.6543861920172604
0.09120718970123877,0.4250269687162891,4.660016059134387
0.091328637357299,0.4250269687162891,4.6538192292685165
0.09145008501335924,0.4250269687162891,4.647638858446115
0.09157153266941948,0.4250269687162891,4.6414748811802715
0.09169298032547972,0.4250269687162891,4.635327232331026
0.09181442798153995,0.4250269687162891,4.629195847103075
0.0919358756376002,0.4261057173678533,4.634814368305025
0.09205732329366043,0.42718446601941745,4.640418064912775
0.09217877094972067,0.42718446601941745,4.634304207119741
0.09230021860578091,0.42718446601941745,4.628206438426162
0.09242166626184115,0.42718446601941745,4.622124695405891
0.09254311391790139,0.42826321467098166,4.627715629397458
0.09266456157396162,0.42934196332254587,4.633291908254053
0.09278600923002187,0.42934196332254587,4.627227390049532
0.0929074568860821,0.42934196332254587,4.621178726794565
0.09302890454214234,0.42934196332254587,4.61514585639405
0.09315035219820257,0.42934196332254587,4.609128717076718
0.09327179985426282,0.43042071197411,4.614692893743258
0.09339324751032305,0.43149946062567424,4.620242599209105
0.09351469516638329,0.4325782092772384,4.625777889855559
0.09363614282244352,0.4325782092772384,4.619778177936162
0.09375759047850377,0.4325782092772384,4.613794009311892
0.093879038134564,0.4325782092772384,4.607825323659484
0.09400048579062424,0.4336569579288026,4.613348051144394
0.09412193344668449,0.43473570658036675,4.618856526429341
0.09424338110274472,0.43473570658036675,4.612904391730335
0.09436482875880496,0.43473570658036675,4.606967577841364
0.09448627641486519,0.43473570658036675,4.601046025684756
0.09460772407092544,0.43581445523193096,4.606542008189627
0.09472917172698567,0.43581445523193096,4.600636185102204
0.09485061938304591,0.43581445523193096,4.594745485761485
0.09497206703910614,0.43581445523193096,4.588869852147979
0.09509351469516639,0.43581445523193096,4.583009226538595
0.09521496235122662,0.43581445523193096,4.577163551504745
0.09533641000728686,0.4368932038834951,4.582647950034011
0.09545785766334709,0.4368932038834951,4.576817609130661
0.09557930531940734,0.43797195253505933,4.582288509750544
0.09570075297546757,0.43905070118662354,4.587745524835861
0.09582220063152781,0.43905070118662354,4.581930891724535
0.09594364828758804,0.43905070118662354,4.5761309792033655
0.09606509594364829,0.4401294498381877,4.581575082133549
0.09618654359970853,0.4401294498381877,4.575790265110653
0.09630799125576876,0.4401294498381877,4.570020037790211
0.09642943891182901,0.4401294498381877,4.564264345047402
0.09655088656788924,0.4401294498381877,4.558523132034765
0.09667233422394948,0.4412081984897519,4.563955158749518
0.09679378188000971,0.4412081984897519,4.558228740733522
0.09691522953606996,0.4412081984897519,4.552516674642377
0.09703667719213019,0.44228694714131606,4.557935823231034
0.09715812484819043,0.44228694714131606,4.552238403451995
0.09727957250425066,0.44228694714131606,4.5465552094401955
0.09740102016031091,0.44228694714131606,4.54088618798204
0.09752246781637114,0.44336569579288027,4.546292825851278
0.09764391547243138,0.44336569579288027,4.540638232784299
0.09776536312849161,0.44336569579288027,4.534997688395747
0.09788681078455186,0.44336569579288027,4.529371140395256
0.09800825844061209,0.4444444444444444,4.5347652485198955
0.09812970609667233,0.44552319309600863,4.540146004891751
0.09825115375273258,0.44660194174757284,4.545513459022886
0.09837260140879281,0.44660194174757284,4.539901714011747
0.09849404906485305,0.447680690399137,4.545256232733038
0.09861549672091328,0.4487594390507012,4.550597562984573
0.09873694437697353,0.4487594390507012,4.545000272009193
0.09885839203303376,0.4487594390507012,4.539416733591491
0.098979839689094,0.44983818770226536,4.544745567534298
0.09910128734515423,0.44983818770226536,4.539176026397614
0.09922273500121448,0.45091693635382957,4.544492110082537
0.09934418265727471,0.45091693635382957,4.538936496256031
0.09946563031333495,0.45091693635382957,4.533394449252055
0.09958707796939519,0.4519956850053937,4.538698134554161
0.09970852562545543,0.45307443365695793,4.5439888997946305
0.09982997328151566,0.45307443365695793,4.53846093276325
0.0999514209375759,0.45415318230852214,4.543739128953064
0.10007286859363615,0.4552319309600863,4.549004513987075
0.10019431624969638,0.4552319309600863,4.543490569121637
0.10031576390575662,0.4552319309600863,4.537989975212288
0.10043721156181686,0.4563106796116505,4.543243211514305
0.1005586592178771,0.45738942826321466,4.548483758839746
0.10068010687393733,0.45738942826321466,4.5429970474298065
0.10080155452999758,0.45846817691477887,4.548225263513602
0.1009230021860578,0.45846817691477887,4.542752068250649
0.10104444984211805,0.45846817691477887,4.5372920297070785
0.10116589749817828,0.45846817691477887,4.531845100499747
0.10128734515423853,0.45846817691477887,4.526411233472769
0.10140879281029876,0.45846817691477887,4.520990381696155
0.101530240466359,0.45846817691477887,4.515582498464461
0.10165168812241923,0.459546925566343,4.520799743265554
0.10177313577847948,0.459546925566343,4.515404994168578
0.1018945834345397,0.459546925566343,4.510023105021775
0.10201603109059995,0.459546925566343,4.504654029896749
0.1021374787466602,0.46062567421790723,4.509859454827881
0.10225892640272043,0.46062567421790723,4.504503327209321
0.10238037405878067,0.4617044228694714,4.509696581147363
0.1025018217148409,0.4627831715210356,4.514877528796454
0.10262326937090115,0.4627831715210356,4.5095344784665174
0.10274471702696138,0.4638619201725998,4.514703369623152
0.10286616468302162,0.4638619201725998,4.5093731413237155
0.10298761233908185,0.4638619201725998,4.504055484317438
0.1031090599951421,0.46494066882416396,4.509212564308794
0.10323050765120233,0.46601941747572817,4.514357509994289
0.10335195530726257,0.4670981661272923,4.519490364150558
0.1034734029633228,0.46817691477885653,4.52461116935341
0.10359485061938305,0.4692556634304207,4.529719967978997
0.10371629827544328,0.4703344120819849,4.534816802204993
0.10383774593150352,0.4714131607335491,4.539901714011747
0.10395919358756377,0.47249190938511326,4.5449747451834375
0.104080641243624,0.47249190938511326,4.539671390754986
0.10420208889968424,0.47249190938511326,4.534380398458068
0.10432353655574447,0.47249190938511326,4.529101725118769
0.10444498421180472,0.47357065803667747,4.534163718923258
0.10456643186786495,0.47357065803667747,4.528897558970967
0.10468787952392519,0.4746494066882416,4.533948044861927
0.10480932717998542,0.4746494066882416,4.528694339132076
0.10493077483604567,0.47572815533980584,4.533733369291622
0.1050522224921059,0.47572815533980584,4.528492059038106
0.10517367014816614,0.47572815533980584,4.523262853427207
0.10529511780422637,0.47680690399137,4.52829071218563
0.10541656546028662,0.47680690399137,4.523073787402005
0.10553801311634685,0.47680690399137,4.517868869349759
0.1056594607724071,0.4778856526429342,4.522885590645886
0.10578090842846732,0.4778856526429342,4.517692840254788
0.10590235608452757,0.4778856526429342,4.512511999841651
0.10602380374058781,0.4778856526429342,4.507343028478717
0.10614525139664804,0.4778856526429342,4.502185885425538
0.10626669905270829,0.4778856526429342,4.497040530127909
0.10638814670876852,0.4778856526429342,4.4919069222168035
0.10650959436482876,0.4778856526429342,4.486785021507321
0.106631042020889,0.4778856526429342,4.4816747879976315
0.10675248967694924,0.4778856526429342,4.476576181867941
0.10687393733300947,0.4778856526429342,4.471489163479455
0.10699538498906971,0.47896440129449835,4.476495891326787
0.10711683264512994,0.48004314994606256,4.4814912660497495
0.10723828030119019,0.48004314994606256,4.476415964502694
0.10735972795725042,0.4811218985976268,4.4814001278878495
0.10748117561331066,0.4811218985976268,4.476336398929784
0.1076026232693709,0.48220064724919093,4.4813094011849195
0.10772407092543114,0.48327939590075514,4.486271190357179
0.10784551858149138,0.48327939590075514,4.4812190831608305
0.10796696623755161,0.48327939590075514,4.476178341784947
0.10808841389361186,0.48327939590075514,4.471148927917772
0.10820986154967209,0.4843581445523193,4.476099845391467
0.10833130920573233,0.4843581445523193,4.47108179623744
0.10845275686179257,0.4854368932038835,4.476021700605573
0.10857420451785281,0.48651564185544766,4.480950553733508
0.10869565217391304,0.48759439050701187,4.485868392664509
0.10881709982997329,0.48759439050701187,4.480861843119125
0.10893854748603352,0.48759439050701187,4.475866456448981
0.10905999514209376,0.48759439050701187,4.470882195361621
0.10918144279815399,0.4886731391585761,4.475789352426825
0.10930289045421424,0.4886731391585761,4.47081625314635
0.10942433811027447,0.4886731391585761,4.465854192931982
0.10954578576633471,0.4886731391585761,4.4609031350684205
0.10966723342239494,0.48975188781014023,4.465799606011844
0.10978868107845519,0.49083063646170444,4.470685244054949
0.10991012873451543,0.4919093851132686,4.4755600851079045
0.11003157639057566,0.4929881337648328,4.480424164922333
0.1101530240466359,0.4929881337648328,4.4754843367360895
0.11027447170269614,0.4929881337648328,4.470555389228671
0.11039591935875638,0.49406688241639696,4.475408921690443
0.11051736701481661,0.49406688241639696,4.4704908899083655
0.11063881467087686,0.49514563106796117,4.475333837775622
0.11076026232693709,0.49514563106796117,4.470426673479817
0.11088170998299733,0.49514563106796117,4.465530258722445
0.11100315763905756,0.49514563106796117,4.460644558220561
0.1111246052951178,0.49514563106796117,4.455769536845456
0.11124605295117804,0.49514563106796117,4.450905159621826
0.11136750060723828,0.4962243797195254,4.455737778201278
0.11148894826329851,0.49730312837108953,4.460559868199947
0.11161039591935876,0.49730312837108953,4.455706157788413
0.11173184357541899,0.49730312837108953,4.450862998921251
0.11185329123147923,0.49730312837108953,4.4460303572286115
0.11197473888753948,0.49730312837108953,4.441208198489751
0.11209618654359971,0.49730312837108953,4.436396488632234
0.11221763419965995,0.49730312837108953,4.431595193731116
0.11233908185572018,0.49838187702265374,4.436406892329223
0.11246052951178043,0.4994606256742179,4.441208198489751
0.11258197716784066,0.5005393743257821,4.445999145845189
0.1127034248239009,0.5005393743257821,4.441208198489752
0.11282487247996113,0.5016181229773463,4.4459888316420555
0.11294632013602138,0.5016181229773463,4.441208198489752
0.11306776779208161,0.5026968716289104,4.445978561753436
0.11318921544814185,0.5026968716289104,4.441208198489751
0.11331066310420208,0.5026968716289104,4.436448061085154
0.11343211076026233,0.5026968716289104,4.43169811669427
0.11355355841632256,0.5037756202804746,4.43645824319725
0.1136750060723828,0.5037756202804746,4.431718437381868
0.11379645372844305,0.5048543689320388,4.436468381842484
0.11391790138450328,0.505933117583603,4.441208198489752
0.11403934904056352,0.505933117583603,4.436478477298602
0.11416079669662375,0.505933117583603,4.431758819344029
0.114282244352684,0.505933117583603,4.427049192543451
0.11440369200874423,0.505933117583603,4.422349564950517
0.11452513966480447,0.505933117583603,4.417659904754387
0.1146465873208647,0.5070118662351673,4.422389519682593
0.11476803497692495,0.5070118662351673,4.417709742413087
0.11488948263298518,0.5070118662351673,4.4130398589644475
0.11501093028904542,0.5070118662351673,4.408379837994052
0.11513237794510565,0.5080906148867314,4.413099285841082
0.1152538256011659,0.5080906148867314,4.4084490231584255
0.11537527325722613,0.5080906148867314,4.40380855050247
0.11549672091328637,0.5080906148867314,4.399177836989849
0.1156181685693466,0.5080906148867314,4.394556851866961
0.11573961622540685,0.5091693635382956,4.399266043414822
0.1158610638814671,0.5102481121898598,4.403965362443716
0.11598251153752732,0.5102481121898598,4.3993538803888015
0.11610395919358757,0.511326860841424,4.404043276326658
0.1162254068496478,0.5124056094929881,4.408722872064017
0.11634685450570804,0.5124056094929881,4.404120864890672
0.11646830216176828,0.5124056094929881,4.399528455229681
0.11658974981782852,0.5124056094929881,4.394945613088816
0.11671119747388875,0.5124056094929881,4.390372308600691
0.116832645129949,0.5124056094929881,4.385808512022104
0.11695409278600923,0.5124056094929881,4.3812541937334
0.11707554044206947,0.5124056094929881,4.376709324237826
0.1171969880981297,0.5124056094929881,4.372173874160896
0.11731843575418995,0.5134843581445523,4.376842862279755
0.11743988341025018,0.5145631067961165,4.381502193753075
0.11756133106631042,0.5145631067961165,4.376975848511594
0.11768277872237067,0.5156418554476807,4.381625425960993
0.1178042263784309,0.5167206040992449,4.3862654166527655
0.11792567403449114,0.517799352750809,4.39089585020614
0.11804712169055137,0.5188781014023732,4.395516756118458
0.11816856934661162,0.5188781014023732,4.390999267160474
0.11829001700267185,0.5188781014023732,4.386491054360515
0.11841146465873209,0.5188781014023732,4.3819920891765545
0.11853291231479232,0.5199568500539374,4.386603179655862
0.11865435997085257,0.5210355987055016,4.391204830850666
0.1187758076269128,0.5210355987055016,4.386714846361044
0.11889725528297304,0.5210355987055016,4.3822340344648625
0.11901870293903327,0.5210355987055016,4.377762367082756
0.11914015059509352,0.5221143473570659,4.3823542672151685
0.11926159825115375,0.52319309600863,4.386936815208818
0.11938304590721399,0.5242718446601942,4.391510039605329
0.11950449356327422,0.5253505933117584,4.396073968830303
0.11962594121933447,0.5253505933117584,4.391610949572607
0.11974738887539471,0.5253505933117584,4.387156983092311
0.11986883653145494,0.5253505933117584,4.382712041873372
0.11999028418751519,0.5253505933117584,4.378276098511152
0.12011173184357542,0.5253505933117584,4.373849125711849
0.12023317949963566,0.5253505933117584,4.369431096291938
0.12035462715569589,0.5264293419633226,4.373985067331986
0.12047607481175614,0.5264293419633226,4.36957580819153
0.12059752246781637,0.5275080906148867,4.374120461352444
0.12071897012387661,0.5285868392664509,4.378655970342009
0.12084041777993684,0.5285868392664509,4.374255311075333
0.12096186543599709,0.5296655879180151,4.37878157722584
0.12108331309205732,0.5296655879180151,4.374389619776266
0.12120476074811756,0.5296655879180151,4.370006463844626
0.1213262084041778,0.5307443365695793,4.374523390704621
0.12144765606023804,0.5318230852211435,4.379031283710896
0.12156910371629828,0.5318230852211435,4.374656627083811
0.12169055137235851,0.5318230852211435,4.370290702306283
0.12181199902841876,0.5318230852211435,4.365933483261112
0.12193344668447899,0.5318230852211435,4.3615849439351555
0.12205489434053923,0.5318230852211435,4.357245058418801
0.12217634199659946,0.5329018338727076,4.361743240663891
0.12229778965265971,0.5329018338727076,4.357411817386171
0.12241923730871994,0.5329018338727076,4.3530889882022565
0.12254068496478018,0.5329018338727076,4.348774727559836
0.12266213262084041,0.5329018338727076,4.3444690100077965
0.12278358027690066,0.5329018338727076,4.340171810195722
0.12290502793296089,0.5329018338727076,4.335883102873394
0.12302647558902113,0.5329018338727076,4.331602862890301
0.12314792324508136,0.5329018338727076,4.327331065195143
0.12326937090114161,0.5329018338727076,4.323067684835344
0.12339081855720184,0.5339805825242718,4.327555232780369
0.12351226621326208,0.5339805825242718,4.323300016228962
0.12363371386932233,0.5339805825242718,4.319053159631487
0.12375516152538256,0.535059331175836,4.32353143562496
0.1238766091814428,0.5361380798274002,4.3280009306851115
0.12399805683750303,0.5361380798274002,4.323761948382775
0.12411950449356328,0.5361380798274002,4.319531261544827
0.12424095214962351,0.5372168284789643,4.323991559819934
0.12436239980568375,0.5372168284789643,4.3197689118122975
0.12448384746174398,0.5372168284789643,4.315554503117847
0.12460529511780423,0.5382955771305286,4.320005635568004
0.12472674277386446,0.5382955771305286,4.315799203595689
0.1248481904299247,0.5393743257820928,4.320241438219603
0.12496963808598494,0.540453074433657,4.324675038762616
0.12509108574204517,0.540453074433657,4.320476325132749
0.12521253339810542,0.540453074433657,4.316285756437178
0.12533398105416566,0.540453074433657,4.312103308998771
0.12545542871022589,0.5415318230852212,4.316527619829343
0.12557687636628614,0.5426105717367853,4.320943372998733
0.12569832402234637,0.5436893203883495,4.325350593311758
0.1258197716784066,0.5436893203883495,4.321175544476516
0.12594121933446684,0.5436893203883495,4.317008547808746
0.1260626669905271,0.5436893203883495,4.31284958003629
0.12618411464658733,0.5447680690399137,4.317247623170981
0.12630556230264756,0.5447680690399137,4.313096423533317
0.1264270099587078,0.5447680690399137,4.308953199303218
0.12654845761476805,0.5447680690399137,4.304817927518857
0.12666990527082828,0.5447680690399137,4.300690585306471
0.1267913529268885,0.5458468176914779,4.305079211562863
0.12691280058294874,0.5458468176914779,4.300959518537445
0.127034248239009,0.5469255663430421,4.305339496432704
0.12715569589506923,0.5469255663430421,4.301227424325319
0.12727714355112946,0.5469255663430421,4.297123199683787
0.1273985912071897,0.5469255663430421,4.293026800065404
0.12752003886324995,0.5480043149946062,4.297397647300559
0.12764148651931018,0.5490830636461704,4.301760177033842
0.1277629341753704,0.5501618122977346,4.3061144129843605
0.12788438183143067,0.5501618122977346,4.302025035574118
0.1280058294874909,0.5501618122977346,4.2979434178933085
0.12812727714355113,0.5501618122977346,4.293869537876348
0.12824872479961136,0.5501618122977346,4.289803373541238
0.12837017245567162,0.5501618122977346,4.2857449029891646
0.12849162011173185,0.5512405609492989,4.290089583040196
0.12861306776779208,0.552319309600863,4.294426057840893
0.1287345154238523,0.552319309600863,4.290374712503308
0.12885596307991257,0.552319309600863,4.286331004008959
0.1289774107359728,0.5533980582524272,4.290658768032472
0.12909885839203303,0.5533980582524272,4.286622400423787
0.12922030604809326,0.5533980582524272,4.282593619972261
0.12934175370415352,0.5544768069039914,4.2869127023919855
0.12946320136021375,0.5555555555555556,4.291223681467584
0.12958464901627398,0.5555555555555556,4.287201916067896
0.12970609667233424,0.5555555555555556,4.283187682064086
0.12982754432839447,0.5555555555555556,4.279180958320341
0.1299489919844547,0.5555555555555556,4.275181723779855
0.13007043964051493,0.5555555555555556,4.271189957464467
0.1301918872965752,0.5555555555555556,4.267205638474295
0.13031333495263542,0.5555555555555556,4.263228745987367
0.13043478260869565,0.5555555555555556,4.2592592592592595
0.13055623026475588,0.5555555555555556,4.255297157622739
0.13067767792081614,0.5555555555555556,4.2513424204874015
0.13079912557687637,0.5555555555555556,4.2473950273393175
0.1309205732329366,0.5566343042071198,4.251694676105218
0.13104202088899683,0.5566343042071198,4.2477542732543325
0.1311634685450571,0.5577130528586839,4.2520456270725955
0.13128491620111732,0.5587918015102481,4.256329041290826
0.13140636385717755,0.5587918015102481,4.2523952806241985
0.1315278115132378,0.5598705501618123,4.2566704617103985
0.13164925916929804,0.5598705501618123,4.252743643941294
0.13177070682535827,0.5598705501618123,4.248824064545956
0.1318921544814185,0.5598705501618123,4.244911703528879
0.13201360213747876,0.5598705501618123,4.241006540968135
0.132135049793539,0.5609492988133765,4.245272542674027
0.13225649744959922,0.5620280474649406,4.249530709666043
0.13237794510565945,0.5620280474649406,4.245632057638827
0.1324993927617197,0.5620280474649406,4.241740552544749
0.13262084041777994,0.5620280474649406,4.237856174749378
0.13274228807384017,0.5620280474649406,4.233978904690138
0.1328637357299004,0.5620280474649406,4.230108722875979
0.13298518338596066,0.5620280474649406,4.226245609887051
0.1331066310420209,0.5631067961165048,4.230493940897172
0.13322807869808112,0.5631067961165048,4.226637519802462
0.13334952635414138,0.5631067961165048,4.2227881231541895
0.1334709740102016,0.5631067961165048,4.218945731777343
0.13359242166626184,0.5631067961165048,4.215110326566637
0.13371386932232207,0.564185544768069,4.219349478310882
0.13383531697838233,0.564185544768069,4.215520667532014
0.13395676463444256,0.5652642934196332,4.219751760668413
0.1340782122905028,0.5663430420711975,4.223975188781014
0.13419965994656302,0.5674217907227616,4.228190972679836
0.13432110760262328,0.5674217907227616,4.2243680152000165
0.1344425552586835,0.5674217907227616,4.220551964599113
0.13456400291474374,0.5674217907227616,4.21674280217619
0.13468545057080397,0.5685005393743258,4.22094990190099
0.13480689822686423,0.5685005393743258,4.21714724433171
0.13492834588292446,0.5685005393743258,4.213351432230602
0.1350497935389847,0.5685005393743258,4.209562447129675
0.13517124119504492,0.5685005393743258,4.205780270627312
0.13529268885110518,0.5685005393743258,4.20200488438797
0.1354141365071654,0.5685005393743258,4.198236270141882
0.13553558416322564,0.56957928802589,4.202433564162346
0.1356570318192859,0.5706580366774542,4.206623342884653
0.13577847947534613,0.5717367853290184,4.210805626475078
0.13589992713140636,0.5728155339805825,4.214980435027807
0.1360213747874666,0.5738942826321467,4.219147788565264
0.13614282244352685,0.5738942826321467,4.215384052803832
0.13626427009958708,0.5738942826321467,4.211627026018802
0.1363857177556473,0.5749730312837109,4.215786232938625
0.13650716541170754,0.5749730312837109,4.212035533443128
0.1366286130677678,0.5749730312837109,4.208291501857845
0.13675006072382803,0.5749730312837109,4.204554120417474
0.13687150837988826,0.5749730312837109,4.200823371419766
0.1369929560359485,0.5749730312837109,4.1970992372252445
0.13711440369200875,0.5749730312837109,4.193381700256931
0.13723585134806898,0.5749730312837109,4.189670743000067
0.1373572990041292,0.5760517799352751,4.193819943401464
0.13747874666018947,0.5760517799352751,4.190115155465596
0.1376001943162497,0.5760517799352751,4.186416907314259
0.13772164197230993,0.5771305285868392,4.190558000338655
0.13784308962837016,0.5782092772384034,4.194691796282832
0.13796453728443042,0.5782092772384034,4.190999285898779
0.13808598494049065,0.5782092772384034,4.187313270695703
0.13820743259655088,0.5782092772384034,4.183633733550979
0.1383288802526111,0.5782092772384034,4.17996065740212
0.13845032790867137,0.5782092772384034,4.176294025246503
0.1385717755647316,0.5782092772384034,4.172633820141116
0.13869322322079183,0.5782092772384034,4.168980025202289
0.13881467087685206,0.5782092772384034,4.165332623605437
0.13893611853291232,0.5782092772384034,4.161691598584802
0.13905756618897255,0.5782092772384034,4.1580569334332
0.13917901384503278,0.5792880258899676,4.162179411150082
0.13930046150109304,0.5803667745415318,4.166294700588468
0.13942190915715327,0.5803667745415318,4.162665524020011
0.1395433568132135,0.5803667745415318,4.159042664556113
0.13966480446927373,0.5803667745415318,4.1554261057173685
0.139786252125334,0.5803667745415318,4.151815831081644
0.13990769978139422,0.5814455231930961,4.155922255183987
0.14002914743745445,0.5814455231930961,4.1523178126382945
0.14015059509351468,0.5814455231930961,4.148719616960098
0.14027204274957494,0.5814455231930961,4.145127651923769
0.14039349040563517,0.5814455231930961,4.141541901359821
0.1405149380616954,0.5814455231930961,4.1379623491546695
0.14063638571775564,0.5825242718446602,4.142059459731375
0.1407578333738159,0.5836030204962244,4.1461495002294315
0.14087928102987612,0.5846817691477886,4.1502324889335265
0.14100072868593636,0.5846817691477886,4.146657783947366
0.14112217634199659,0.5857605177993528,4.150733307710732
0.14124362399805684,0.5857605177993528,4.147164319483982
0.14136507165411707,0.5857605177993528,4.143601463539408
0.1414865193101773,0.5857605177993528,4.140044724085726
0.14160796696623756,0.5868392664509169,4.144111938213421
0.1417294146222978,0.5868392664509169,4.140560856861054
0.14185086227835803,0.5868392664509169,4.13701585612744
0.14197230993441826,0.5868392664509169,4.1334769204079125
0.14209375759047851,0.5879180151024811,4.137535843037461
0.14221520524653875,0.5879180151024811,4.134002507560913
0.14233665290259898,0.5879180151024811,4.13047520166709
0.1424581005586592,0.5879180151024811,4.126953909935064
0.14257954821471946,0.5889967637540453,4.131004559412955
0.1427009958707797,0.5889967637540453,4.1274888108517525
0.14282244352683993,0.5900755124056095,4.131532116622269
0.14294389118290016,0.5900755124056095,4.128021893923355
0.14306533883896042,0.5911542610571737,4.132057882465848
0.14318678649502065,0.5922330097087378,4.136087024547708
0.14330823415108088,0.5922330097087378,4.132581866052329
0.14342968180714114,0.5922330097087378,4.129082643473113
0.14355112946320137,0.5922330097087378,4.125589341744287
0.1436725771192616,0.593311758360302,4.1296103282660415
0.14379402477532183,0.593311758360302,4.126122481705006
0.14391547243138209,0.593311758360302,4.122640521804833
0.14403692008744232,0.593311758360302,4.119164433675149
0.14415836774350255,0.5943905070118662,4.123177282843898
0.14427981539956278,0.5943905070118662,4.119706594895376
0.14440126305562304,0.5943905070118662,4.116241744941721
0.14452271071168327,0.5943905070118662,4.1127827182653
0.1446441583677435,0.5943905070118662,4.109329500197907
0.14476560602380373,0.5943905070118662,4.10588207612056
0.144887053679864,0.5943905070118662,4.102440431463291
0.14500850133592422,0.5943905070118662,4.0990045517049465
0.14512994899198445,0.5943905070118662,4.095574422372977
0.1452513966480447,0.5943905070118662,4.092150029043233
0.14537284430410494,0.5943905070118662,4.088731357339771
0.14549429196016517,0.5943905070118662,4.085318392934647
0.1456157396162254,0.5943905070118662,4.081911121547712
0.14573718727228566,0.5943905070118662,4.078509528946422
0.1458586349283459,0.5954692556634305,4.082509451401071
0.14598008258440612,0.5954692556634305,4.079113020909057
0.14610153024046635,0.5965480043149946,4.083105791795234
0.1462229778965266,0.5965480043149946,4.079714507915004
0.14634442555258684,0.5965480043149946,4.076328852721714
0.14646587320864707,0.5965480043149946,4.072948812213653
0.1465873208647073,0.5965480043149946,4.069574372435514
0.14670876852076756,0.5965480043149946,4.066205519478199
0.1468302161768278,0.5965480043149946,4.062842239478631
0.14695166383288802,0.5965480043149946,4.059484518619558
0.14707311148894828,0.5965480043149946,4.056132343129368
0.1471945591450085,0.5965480043149946,4.052785699281902
0.14731600680106874,0.5965480043149946,4.049444573396261
0.14743745445712897,0.5965480043149946,4.0461089518366276
0.14755890211318923,0.5965480043149946,4.04277882101207
0.14768034976924946,0.5976267529665588,4.046758786123886
0.1478017974253097,0.5976267529665588,4.043433594023537
0.14792324508136992,0.5976267529665588,4.04011386200874
0.14804469273743018,0.5976267529665588,4.036799576642038
0.1481661403934904,0.5976267529665588,4.033490724530036
0.14828758804955064,0.5976267529665588,4.030187292323214
0.14840903570561087,0.5976267529665588,4.026889266715749
0.14853048336167113,0.5976267529665588,4.023596634445335
0.14865193101773136,0.5976267529665588,4.020309382293011
0.1487733786737916,0.5976267529665588,4.017027497082975
0.14889482632985182,0.5976267529665588,4.013750965682418
0.14901627398591208,0.5976267529665588,4.010479775001341
0.1491377216419723,0.5976267529665588,4.007213911992382
0.14925916929803254,0.598705501618123,4.011180716292616
0.1493806169540928,0.598705501618123,4.007919593759044
0.14950206461015303,0.598705501618123,4.004663769556153
0.14962351226621326,0.5997842502696872,4.00862298435114
0.1497449599222735,0.5997842502696872,4.005371870819631
0.14986640757833375,0.6008629989212514,4.009324094908901
0.14998785523439398,0.6019417475728155,4.013269918635273
0.1501093028904542,0.6019417475728155,4.010022936500455
0.15023075054651444,0.6030204962243797,4.013961815611595
0.1503521982025747,0.6030204962243797,4.010719520122409
0.15047364585863493,0.6030204962243797,4.007482458362826
0.15059509351469516,0.6030204962243797,4.004250617670599
0.1507165411707554,0.6030204962243797,4.001023985424289
0.15083798882681565,0.6040992448759439,4.004954253066443
0.15095943648287588,0.6040992448759439,4.0017322464268075
0.1510808841389361,0.6051779935275081,4.0056556259690534
0.15120233179499637,0.6051779935275081,4.002438231891969
0.1513237794510566,0.6051779935275081,3.9992260021713495
0.15144522710711683,0.6062567421790723,4.00314195276863
0.15156667476317706,0.6062567421790723,3.9999343069731426
0.15168812241923732,0.6062567421790723,3.9967317975200007
0.15180957007529755,0.6062567421790723,3.9935344120819853
0.15193101773135778,0.6062567421790723,3.9903421383712883
0.152052465387418,0.6062567421790723,3.9871549641393624
0.15217391304347827,0.6062567421790723,3.9839728771767606
0.1522953606995385,0.6062567421790723,3.9807958653129836
0.15241680835559873,0.6062567421790723,3.97762391641632
0.15253825601165896,0.6062567421790723,3.974457018393696
0.15265970366771922,0.6062567421790723,3.971295159190518
0.15278115132377945,0.6062567421790723,3.968138326790526
0.15290259897983968,0.6062567421790723,3.964986509215633
0.15302404663589994,0.6062567421790723,3.9618396945257786
0.15314549429196017,0.6062567421790723,3.9586978708187797
0.1532669419480204,0.6062567421790723,3.9555610262301757
0.15338838960408063,0.6062567421790723,3.9524291489330814
0.1535098372601409,0.6062567421790723,3.949302227138039
0.15363128491620112,0.6062567421790723,3.946180249092871
0.15375273257226135,0.6073354908306364,3.9500793297784047
0.15387418022832158,0.6073354908306364,3.9469616665346967
0.15399562788438184,0.6073354908306364,3.943848920740899
0.15411707554044207,0.6073354908306364,3.9407410807718364
0.1542385231965023,0.6073354908306364,3.937638135038945
0.15435997085256253,0.6073354908306364,3.9345400719901344
0.1544814185086228,0.6073354908306364,3.9314468801096383
0.15460286616468302,0.6073354908306364,3.9283585479178793
0.15472431382074325,0.6073354908306364,3.925275063971319
0.15484576147680348,0.6073354908306364,3.922196416862322
0.15496720913286374,0.6073354908306364,3.9191225952190125
0.15508865678892397,0.6073354908306364,3.9160535877051372
0.1552101044449842,0.6084142394822006,3.9199396305918937
0.15533155210104446,0.6084142394822006,3.9168747833435806
0.1554529997571047,0.6084142394822006,3.9138147249190935
0.15557444741316492,0.6084142394822006,3.910759444103388
0.15569589506922515,0.6084142394822006,3.9077089297164123
0.1558173427252854,0.6084142394822006,3.9046631706129693
0.15593879038134564,0.6094929881337648,3.908539925462165
0.15606023803740587,0.6094929881337648,3.9054982601505213
0.1561816856934661,0.6094929881337648,3.902461325267045
0.15630313334952636,0.6105717367853291,3.9063307542271946
0.1564245810055866,0.6105717367853291,3.903297888734782
0.15654602866164682,0.6105717367853291,3.900269729007292
0.15666747631770706,0.6105717367853291,3.897246264101085
0.1567889239737673,0.6105717367853291,3.8942274831064285
0.15691037162982754,0.6105717367853291,3.891213375147368
0.15703181928588777,0.6116504854368932,3.8950735476313834
0.15715326694194803,0.6116504854368932,3.8920634444261033
0.15727471459800826,0.6116504854368932,3.8890579900288635
0.1573961622540685,0.6116504854368932,3.8860571736785325
0.15751760991012873,0.6116504854368932,3.883060984647169
0.15763905756618898,0.6116504854368932,3.8800694122398904
0.15776050522224921,0.6116504854368932,3.8770824457947484
0.15788195287830945,0.6116504854368932,3.8741000746825986
0.15800340053436968,0.6116504854368932,3.871122288306978
0.15812484819042993,0.6116504854368932,3.8681490761039767
0.15824629584649016,0.6127292340884574,3.871997324239722
0.1583677435025504,0.6127292340884574,3.8690280011383114
0.15848919115861063,0.6127292340884574,3.8660632287236463
0.15861063881467088,0.6127292340884574,3.8631029965423873
0.15873208647073112,0.6127292340884574,3.860147294173189
0.15885353412679135,0.6127292340884574,3.8571961112265734
0.1589749817828516,0.6138079827400216,3.8610350877626716
0.15909642943891183,0.6138079827400216,3.8580877327338454
0.15921787709497207,0.6138079827400216,3.8551448740513634
0.1593393247510323,0.6138079827400216,3.8522065014339466
0.15946077240709255,0.6138079827400216,3.8492726046316355
0.15958222006315279,0.6138079827400216,3.846343173425675
0.15970366771921302,0.6138079827400216,3.843418197628394
0.15982511537527325,0.6138079827400216,3.8404976670830835
0.1599465630313335,0.6138079827400216,3.8375815716638857
0.16006801068739374,0.6138079827400216,3.8346699012756735
0.16018945834345397,0.6148867313915858,3.8384968508554342
0.1603109059995142,0.6148867313915858,3.835588898695695
0.16043235365557446,0.6148867313915858,3.8326853491887336
0.1605538013116347,0.61596548004315,3.836505115488122
0.16067524896769492,0.61596548004315,3.8336052627931196
0.16079669662375518,0.61596548004315,3.8307097905402543
0.1609181442798154,0.61596548004315,3.827818688811545
0.16103959193587564,0.61596548004315,3.8249319477189268
0.16116103959193587,0.61596548004315,3.8220495574041427
0.16128248724799613,0.6170442286947141,3.825860074602617
0.16140393490405636,0.6170442286947141,3.822981323605926
0.1615253825601166,0.6181229773462783,3.82678541012726
0.16164683021617682,0.6181229773462783,3.823910289608757
0.16176827787223708,0.6192017259978425,3.8277079668665426
0.1618897255282973,0.6202804746494067,3.831499946183957
0.16201117318435754,0.6202804746494067,3.8286277573187517
0.16213262084041777,0.6202804746494067,3.8257598713582137
0.16225406849647803,0.6202804746494067,3.8228962786401306
0.16237551615253826,0.6202804746494067,3.8200369695312
0.1624969638085985,0.6202804746494067,3.8171819344269173
0.16261841146465872,0.6202804746494067,3.8143311637514676
0.16273985912071898,0.6202804746494067,3.8114846479576228
0.1628613067767792,0.6202804746494067,3.808642377526633
0.16298275443283944,0.6202804746494067,3.8058043429681185
0.1631042020888997,0.6202804746494067,3.8029705348199663
0.16322564974495993,0.6202804746494067,3.800140943648225
0.16334709740102016,0.6202804746494067,3.797315560047
0.1634685450570804,0.6202804746494067,3.7944943746383473
0.16358999271314065,0.6202804746494067,3.7916773780721713
0.16371144036920088,0.6202804746494067,3.7888645610261236
0.1638328880252611,0.6202804746494067,3.786055914205497
0.16395433568132134,0.6202804746494067,3.7832514283431222
0.1640757833373816,0.6202804746494067,3.780451094199271
0.16419723099344183,0.6202804746494067,3.7776549025615496
0.16431867864950206,0.6213592233009708,3.781427823104356
0.1644401263055623,0.6213592233009708,3.7786350403694198
0.16456157396162255,0.6213592233009708,3.775846379823021
0.16468302161768278,0.6213592233009708,3.7730618323452756
0.164804469273743,0.6213592233009708,3.770281388843179
0.16492591692980327,0.6213592233009708,3.7675050402505104
0.1650473645858635,0.622437971952535,3.7712687719331663
0.16516881224192373,0.6235167206040992,3.775026968716289
0.16529025989798396,0.6235167206040992,3.772253253089018
0.16541170755404422,0.6235167206040992,3.769483610465604
0.16553315521010445,0.6235167206040992,3.7667180318812568
0.16565460286616468,0.6235167206040992,3.763956508397473
0.1657760505222249,0.6245954692556634,3.767706295861636
0.16589749817828517,0.6245954692556634,3.7649480921311365
0.1660189458343454,0.6256742179072277,3.7686916680673828
0.16614039349040563,0.6256742179072277,3.7659367764971585
0.16626184114646586,0.6256742179072277,3.763185909604173
0.16638328880252612,0.6256742179072277,3.7604390585752645
0.16650473645858635,0.6256742179072277,3.757696214622985
0.16662618411464658,0.6256742179072277,3.754957368985505
0.16674763177070684,0.6256742179072277,3.75222251292652
0.16686907942676707,0.6256742179072277,3.749491637735162
0.1669905270828273,0.6256742179072277,3.7467647347259
0.16711197473888753,0.6267529665587918,3.7504970397130024
0.1672334223949478,0.6267529665587918,3.7477733672077638
0.16735487005100802,0.6267529665587918,3.745053647783085
0.16747631770706825,0.6267529665587918,3.74233787283908
0.16759776536312848,0.6267529665587918,3.739626033800791
0.16771921301918874,0.6267529665587918,3.7369181221180963
0.16784066067524897,0.6267529665587918,3.7342141292656232
0.1679621083313092,0.6267529665587918,3.731514046742655
0.16808355598736943,0.6267529665587918,3.7288178660730433
0.1682050036434297,0.6267529665587918,3.72612557880512
0.16832645129948992,0.6267529665587918,3.72343717651161
0.16844789895555015,0.627831715210356,3.7271567001024306
0.16856934661161038,0.627831715210356,3.7244714287046623
0.16869079426767064,0.627831715210356,3.721790023788388
0.16881224192373087,0.627831715210356,3.719112477008684
0.1689336895797911,0.627831715210356,3.7164387800446237
0.16905513723585136,0.627831715210356,3.7137689245991887
0.1691765848919116,0.6289104638619202,3.7174793678672295
0.16929803254797182,0.6289104638619202,3.714812596441213
0.16941948020403205,0.6289104638619202,3.7121496483434058
0.1695409278600923,0.6289104638619202,3.7094905153574858
0.16966237551615254,0.6289104638619202,3.706835189290659
0.16978382317221277,0.6289104638619202,3.70418366197357
0.169905270828273,0.6289104638619202,3.7015359252602225
0.17002671848433326,0.6289104638619202,3.6988919710278934
0.1701481661403935,0.6289104638619202,3.6962517911770525
0.17026961379645372,0.6289104638619202,3.6936153776312772
0.17039106145251395,0.6289104638619202,3.690982722337171
0.1705125091085742,0.6289104638619202,3.688353817264281
0.17063395676463444,0.6289104638619202,3.6857286544050183
0.17075540442069467,0.6289104638619202,3.683107225774574
0.17087685207675493,0.6289104638619202,3.680489523410839
0.17099829973281516,0.6289104638619202,3.677875539374326
0.1711197473888754,0.6299892125134844,3.6815693228076865
0.17124119504493562,0.6299892125134844,3.6789582807347734
0.17136264270099588,0.6299892125134844,3.6763509396428278
0.1714840903570561,0.6299892125134844,3.6737472916685765
0.17160553801311634,0.6299892125134844,3.6711473289710055
0.17172698566917657,0.6299892125134844,3.6685510437312807
0.17184843332523683,0.6299892125134844,3.6659584281526714
0.17196988098129706,0.6299892125134844,3.6633694744604735
0.1720913286373573,0.6299892125134844,3.660784174901927
0.17221277629341752,0.6299892125134844,3.658202521746143
0.17233422394947778,0.6299892125134844,3.655624507284024
0.172455671605538,0.6299892125134844,3.6530501238281903
0.17257711926159824,0.6299892125134844,3.6504793637128996
0.1726985669176585,0.6299892125134844,3.6479122192939735
0.17282001457371873,0.6299892125134844,3.6453486829487214
0.17294146222977896,0.6299892125134844,3.642788747075864
0.1730629098858392,0.6299892125134844,3.6402324040954603
0.17318435754189945,0.6299892125134844,3.637679646448829
0.17330580519795968,0.6299892125134844,3.6351304665984796
0.17342725285401991,0.6299892125134844,3.6325848570280326
0.17354870051008014,0.6299892125134844,3.630042810242149
0.1736701481661404,0.6299892125134844,3.6275043187664546
0.17379159582220063,0.6299892125134844,3.6249693751474705
0.17391304347826086,0.6299892125134844,3.6224379719525355
0.1740344911343211,0.6299892125134844,3.6199101017697353
0.17415593879038135,0.6310679611650486,3.6235799109016806
0.17427738644644158,0.6310679611650486,3.621054768106627
0.17439883410250182,0.6310679611650486,3.6185331422235447
0.17452028175856207,0.6310679611650486,3.6160150259102366
0.1746417294146223,0.6310679611650486,3.6135004118449303
0.17476317707068253,0.6310679611650486,3.610989292726206
0.17488462472674277,0.6310679611650486,3.608481661272924
0.17500607238280302,0.6310679611650486,3.6059775102241565
0.17512752003886325,0.6310679611650486,3.603476832339119
0.17524896769492349,0.6310679611650486,3.6009796203970965
0.17537041535098372,0.6310679611650486,3.598485867197376
0.17549186300704397,0.6310679611650486,3.595995565559176
0.1756133106631042,0.6310679611650486,3.5935087083215835
0.17573475831916444,0.6321467098166127,3.5971637931098748
0.17585620597522467,0.6321467098166127,3.594679563970987
0.17597765363128492,0.6321467098166127,3.5921987637197987
0.17609910128734516,0.6321467098166127,3.5897213852620613
0.1762205489434054,0.6321467098166127,3.58724742152308
0.17634199659946562,0.6321467098166127,3.584776865447651
0.17646344425552588,0.6321467098166127,3.582309709999992
0.1765848919115861,0.6321467098166127,3.579845948163679
0.17670633956764634,0.6321467098166127,3.5773855729415733
0.1768277872237066,0.6321467098166127,3.5749285773557613
0.17694923487976683,0.6321467098166127,3.572474954447487
0.17707068253582706,0.6321467098166127,3.570024697277084
0.1771921301918873,0.6321467098166127,3.5675777989239132
0.17731357784794755,0.6321467098166127,3.5651342524862937
0.17743502550400778,0.6321467098166127,3.5626940510814435
0.177556473160068,0.6321467098166127,3.56025718784541
0.17767792081612824,0.6321467098166127,3.557823655933007
0.1777993684721885,0.6321467098166127,3.555393448517752
0.17792081612824873,0.6321467098166127,3.5529665587918013
0.17804226378430896,0.6321467098166127,3.5505429799658863
0.1781637114403692,0.6321467098166127,3.54812270526925
0.17828515909642945,0.6321467098166127,3.5457057279495836
0.17840660675248968,0.6321467098166127,3.5432920412729674
0.1785280544085499,0.6321467098166127,3.540881638523802
0.17864950206461017,0.6321467098166127,3.538474513004751
0.1787709497206704,0.6332254584681769,3.5421049083063645
0.17889239737673063,0.6332254584681769,3.5397002206564623
0.17901384503279086,0.6332254584681769,3.5372987958120548
0.17913529268885112,0.6332254584681769,3.5349006271369277
0.17925674034491135,0.6332254584681769,3.5325057080128515
0.17937818800097158,0.6343042071197411,3.5361278547216983
0.1794996356570318,0.6343042071197411,3.5337353460243226
0.17962108331309207,0.6343042071197411,3.5313460726328247
0.1797425309691523,0.6353829557713053,3.534961660689816
0.17986397862521253,0.6353829557713053,3.5325747858345227
0.17998542628127276,0.6353829557713053,3.53019113213288
0.18010687393733302,0.6353829557713053,3.527810693068731
0.18022832159339325,0.6353829557713053,3.5254334621434826
0.18034976924945348,0.6353829557713053,3.523059432876046
0.18047121690551374,0.6353829557713053,3.520688598802778
0.18059266456157397,0.6353829557713053,3.518320953477423
0.1807141122176342,0.6364617044228694,3.5219258563292386
0.18083555987369443,0.6364617044228694,3.519560560253799
0.1809570075297547,0.6364617044228694,3.5171984390724202
0.18107845518581492,0.6364617044228694,3.5148394863969865
0.18119990284187515,0.6364617044228694,3.5124836958565058
0.18132135049793538,0.6375404530744336,3.5160804357768836
0.18144279815399564,0.6375404530744336,3.5137269682830565
0.18156424581005587,0.6375404530744336,3.511376649240727
0.1816856934661161,0.6375404530744336,3.509029472336154
0.18180714112217633,0.6375404530744336,3.5066854312724693
0.1819285887782366,0.6375404530744336,3.504344519769617
0.18205003643429682,0.6375404530744336,3.5020067315643004
0.18217148409035705,0.6375404530744336,3.4996720604099245
0.18229293174641728,0.6375404530744336,3.49734050007654
0.18241437940247754,0.6375404530744336,3.4950120443507897
0.18253582705853777,0.6375404530744336,3.4926866870358526
0.182657274714598,0.6375404530744336,3.4903644219513876
0.18277872237065826,0.6375404530744336,3.488045242933479
0.1829001700267185,0.6375404530744336,3.485729143834586
0.18302161768277872,0.6375404530744336,3.4834161185234813
0.18314306533883895,0.6375404530744336,3.4811061608852034
0.1832645129948992,0.6386192017259978,3.4846855579932843
0.18338596065095944,0.6386192017259978,3.4823778192131565
0.18350740830701967,0.6386192017259978,3.4800731350177805
0.1836288559630799,0.6386192017259978,3.477771499346473
0.18375030361914016,0.6386192017259978,3.475472906154571
0.1838717512752004,0.639697950377562,3.4790442030441517
0.18399319893126062,0.639697950377562,3.4767478042302615
0.18411464658732085,0.639697950377562,3.4744544349662574
0.1842360942433811,0.639697950377562,3.47216408926094
0.18435754189944134,0.639697950377562,3.469876761138897
0.18447898955550157,0.639697950377562,3.467592444640452
0.18460043721156183,0.639697950377562,3.4653111338216087
0.18472188486762206,0.639697950377562,3.4630328227540077
0.1848433325236823,0.639697950377562,3.460757505524866
0.18496478017974252,0.639697950377562,3.4584851762369313
0.18508622783580278,0.639697950377562,3.456215829008429
0.185207675491863,0.639697950377562,3.4539494579730134
0.18532912314792324,0.639697950377562,3.4516860572797157
0.18545057080398347,0.639697950377562,3.449425621092892
0.18557201846004373,0.639697950377562,3.4471681435921764
0.18569346611610396,0.639697950377562,3.4449136189724303
0.1858149137721642,0.6407766990291263,3.448467542356749
0.18593636142822442,0.6407766990291263,3.446215114177548
0.18605780908428468,0.6407766990291263,3.443965626505108
0.1861792567403449,0.6407766990291263,3.4417190735850136
0.18630070439640514,0.6407766990291263,3.4394754496778526
0.1864221520524654,0.6407766990291263,3.4372347490591695
0.18654359970852563,0.6407766990291263,3.4349969660194177
0.18666504736458586,0.6407766990291263,3.4327620948639073
0.1867864950206461,0.6407766990291263,3.4305301299127606
0.18690794267670635,0.6407766990291263,3.428301065500861
0.18702939033276658,0.6407766990291263,3.4260748959778087
0.1871508379888268,0.6407766990291263,3.4238516157078687
0.18727228564488704,0.6407766990291263,3.421631219069926
0.1873937333009473,0.6407766990291263,3.419413700457437
0.18751518095700753,0.6407766990291263,3.4171990542783846
0.18763662861306776,0.6407766990291263,3.414987274955227
0.187758076269128,0.6407766990291263,3.4127783569248553
0.18787952392518825,0.6407766990291263,3.4105722946385426
0.18800097158124848,0.6407766990291263,3.408369082561903
0.1881224192373087,0.6407766990291263,3.406168715174839
0.18824386689336897,0.6407766990291263,3.4039711869715004
0.1883653145494292,0.6407766990291263,3.4017764924602356
0.18848676220548943,0.6407766990291263,3.3995846261635476
0.18860820986154966,0.6407766990291263,3.397395582618046
0.18872965751760992,0.6407766990291263,3.395209356374405
0.18885110517367015,0.6407766990291263,3.3930259419973154
0.18897255282973038,0.6407766990291263,3.3908453340654408
0.18909400048579061,0.6407766990291263,3.3886675271713718
0.18921544814185087,0.6407766990291263,3.3864925159215824
0.1893368957979111,0.6407766990291263,3.3843202949363858
0.18945834345397133,0.6407766990291263,3.3821508588498883
0.18957979111003156,0.6407766990291263,3.379984202309946
0.18970123876609182,0.6407766990291263,3.377820319978121
0.18982268642215205,0.6407766990291263,3.375659206529639
0.18994413407821228,0.6407766990291263,3.373500856653341
0.19006558173427252,0.6407766990291263,3.3713452650516462
0.19018702939033277,0.6418554476806904,3.3748644675624546
0.190308477046393,0.6418554476806904,3.372710756989665
0.19042992470245323,0.6418554476806904,3.3705597934966867
0.1905513723585135,0.6418554476806904,3.3684115718309777
0.19067282001457372,0.6418554476806904,3.3662660867533787
0.19079426767063395,0.6418554476806904,3.364123333038068
0.19091571532669419,0.6418554476806904,3.361983305472522
0.19103716298275444,0.6418554476806904,3.3598459988574723
0.19115861063881467,0.6418554476806904,3.3577114080068644
0.1912800582948749,0.6418554476806904,3.355579527747812
0.19140150595093514,0.6418554476806904,3.3534503529205613
0.1915229536069954,0.6418554476806904,3.3513238783784427
0.19164440126305562,0.6418554476806904,3.3492000989878354
0.19176584891911586,0.6418554476806904,3.3470790096281218
0.1918872965751761,0.6418554476806904,3.3449606051916487
0.19200874423123634,0.6418554476806904,3.3428448805836837
0.19213019188729658,0.6418554476806904,3.3407318307223797
0.1922516395433568,0.6418554476806904,3.338621450538727
0.19237308719941706,0.6418554476806904,3.336513734976518
0.1924945348554773,0.6418554476806904,3.3344086789923058
0.19261598251153753,0.6429341963322546,3.3379067923075563
0.19273743016759776,0.6429341963322546,3.335803511405031
0.19285887782365801,0.6440129449838188,3.3392963406780627
0.19298032547971825,0.6440129449838188,3.337194832597082
0.19310177313577848,0.6440129449838188,3.335095967922493
0.1932232207918387,0.6440129449838188,3.3329997416698705
0.19334466844789897,0.6440129449838188,3.3309061488673137
0.1934661161039592,0.6440129449838188,3.3288151845554075
0.19358756376001943,0.6440129449838188,3.3267268437871795
0.19370901141607966,0.6440129449838188,3.324641121628065
0.19383045907213992,0.6440129449838188,3.322558013155867
0.19395190672820015,0.6440129449838188,3.320477513460716
0.19407335438426038,0.6440129449838188,3.3183996176450337
0.19419480204032064,0.6440129449838188,3.316324320823492
0.19431624969638087,0.645091693635383,3.3198031283710896
0.1944376973524411,0.645091693635383,3.317729547403962
0.19455914500850133,0.645091693635383,3.3156585551771185
0.19468059266456159,0.645091693635383,3.313590146845754
0.19480204032062182,0.645091693635383,3.3115243175771467
0.19492348797668205,0.645091693635383,3.309461062550619
0.19504493563274228,0.6461704422869471,3.3129311468186318
0.19516638328880254,0.6461704422869471,3.310869584188377
0.19528783094486277,0.6461704422869471,3.3088105856907477
0.195409278600923,0.6461704422869471,3.3067541465448866
0.19553072625698323,0.6461704422869471,3.3047002619818153
0.1956521739130435,0.6461704422869471,3.302648927244396
0.19577362156910372,0.6461704422869471,3.300600137587297
0.19589506922516395,0.6461704422869471,3.298553888276951
0.19601651688122418,0.6461704422869471,3.2965101745915257
0.19613796453728444,0.6461704422869471,3.2944689918208807
0.19625941219334467,0.6461704422869471,3.2924303352665363
0.1963808598494049,0.6461704422869471,3.2903942002416344
0.19650230750546516,0.6461704422869471,3.2883605820709034
0.1966237551615254,0.6461704422869471,3.286329476090625
0.19674520281758562,0.6461704422869471,3.2843008776485942
0.19686665047364585,0.6461704422869471,3.2822747821040856
0.1969880981297061,0.6461704422869471,3.2802511848278186
0.19710954578576634,0.6461704422869471,3.2782300812019236
0.19723099344182657,0.6461704422869471,3.276211466619903
0.1973524410978868,0.6461704422869471,3.2741953364865983
0.19747388875394706,0.6461704422869471,3.2721816862181563
0.1975953364100073,0.6461704422869471,3.270170511241993
0.19771678406606752,0.6461704422869471,3.2681618069967584
0.19783823172212775,0.6461704422869471,3.266155568932304
0.197959679378188,0.6461704422869471,3.2641517925096455
0.19808112703424824,0.6461704422869471,3.262150473200933
0.19820257469030847,0.6461704422869471,3.2601516064894134
0.19832402234636873,0.6461704422869471,3.258155187869395
0.19844547000242896,0.6461704422869471,3.2561612128462194
0.1985669176584892,0.6461704422869471,3.254169676936222
0.19868836531454942,0.6461704422869471,3.252180575666701
0.19880981297060968,0.6472491909385113,3.25561993780556
0.1989312606266699,0.6472491909385113,3.253632379845972
0.19905270828273014,0.6472491909385113,3.2516472472164137
0.19917415593879037,0.6472491909385113,3.2496645354803064
0.19929560359485063,0.6472491909385113,3.247684240211884
0.19941705125091086,0.6483279395900755,3.251115867591158
0.1995384989069711,0.6494066882416397,3.254543317700342
0.19965994656303132,0.6494066882416397,3.2525636684803296
0.19978139421909158,0.6494066882416397,3.2505864261286694
0.1999028418751518,0.6494066882416397,3.2486115862586034
0.20002428953121204,0.6494066882416397,3.2466391444940266
0.2001457371872723,0.6494066882416397,3.2446690964694547
0.20026718484333253,0.6494066882416397,3.2427014378299948
0.20038863249939276,0.6494066882416397,3.24073616423131
0.200510080155453,0.6494066882416397,3.238773271339589
0.20063152781151325,0.6494066882416397,3.236812754831514
0.20075297546757348,0.6494066882416397,3.2348546103942293
0.2008744231236337,0.6494066882416397,3.2328988337253093
0.20099587077969394,0.6504854368932039,3.2363124395037106
0.2011173184357542,0.6504854368932039,3.2343581445523193
0.20123876609181443,0.6504854368932039,3.2324062084361143
0.20136021374787466,0.6504854368932039,3.230456626886997
0.2014816614039349,0.6504854368932039,3.228509395647162
0.20160310905999515,0.6504854368932039,3.226564510469061
0.20172455671605538,0.6504854368932039,3.224621967115377
0.2018460043721156,0.6504854368932039,3.2226817613589898
0.20196745202817587,0.6504854368932039,3.220743888982947
0.2020888996842361,0.6504854368932039,3.2188083457804333
0.20221034734029633,0.6504854368932039,3.2168751275547396
0.20233179499635656,0.6504854368932039,3.2149442301192326
0.20245324265241682,0.6504854368932039,3.213015649297325
0.20257469030847705,0.6504854368932039,3.211089380922447
0.20269613796453728,0.6504854368932039,3.2091654208380116
0.2028175856205975,0.6504854368932039,3.20724376489739
0.20293903327665777,0.6504854368932039,3.2053244089638784
0.203060480932718,0.6504854368932039,3.2034073489106705
0.20318192858877823,0.6504854368932039,3.2014925806208256
0.20330337624483846,0.6504854368932039,3.199580099987241
0.20342482390089872,0.6504854368932039,3.1976699029126214
0.20354627155695895,0.6504854368932039,3.195761985309452
0.20366771921301918,0.6504854368932039,3.193856343099965
0.2037891668690794,0.6504854368932039,3.1919529722161153
0.20391061452513967,0.6504854368932039,3.190051868599548
0.2040320621811999,0.651564185544768,3.1934401808188215
0.20415350983726013,0.651564185544768,3.1915404543578942
0.2042749574933204,0.651564185544768,3.189642986786932
0.20439640514938062,0.651564185544768,3.187747774079394
0.20451785280544085,0.651564185544768,3.1858548122183015
0.20463930046150108,0.651564185544768,3.1839640971962138
0.20476074811756134,0.6526429341963322,3.1873439621427044
0.20488219577362157,0.6526429341963322,3.18545460591144
0.2050036434296818,0.6526429341963322,3.18356748825391
0.20512509108574203,0.6526429341963322,3.181682605193961
0.2052465387418023,0.6537216828478964,3.1850558204553723
0.20536798639786252,0.6537216828478964,3.1831722865580008
0.20548943405392275,0.6537216828478964,3.181290979060035
0.20561088170998298,0.6537216828478964,3.1794118940162903
0.20573232936604324,0.6537216828478964,3.177535027490897
0.20585377702210347,0.6537216828478964,3.175660375557274
0.2059752246781637,0.6537216828478964,3.173787934298101
0.20609667233422396,0.6537216828478964,3.171917699805291
0.2062181199902842,0.6537216828478964,3.1700496681799644
0.20633956764634442,0.6537216828478964,3.168183835532419
0.20646101530240465,0.6537216828478964,3.1663201979821056
0.2065824629584649,0.6537216828478964,3.164458751657601
0.20670391061452514,0.6537216828478964,3.16259949269658
0.20682535827058537,0.6537216828478964,3.1607424172457894
0.2069468059266456,0.6548004314994607,3.1641002071399997
0.20706825358270586,0.6548004314994607,3.16224442989241
0.2071897012387661,0.6548004314994607,3.1603908282336217
0.20731114889482632,0.6548004314994607,3.158539398340105
0.20743259655088656,0.6548004314994607,3.156690136397283
0.20755404420694681,0.6548004314994607,3.1548430385995077
0.20767549186300704,0.6548004314994607,3.1529981011500343
0.20779693951906728,0.6548004314994607,3.151155320260993
0.20791838717512753,0.6548004314994607,3.149314692153364
0.20803983483118776,0.6548004314994607,3.1474762130569522
0.208161282487248,0.6558791801510249,3.150822152487479
0.20828273014330823,0.6558791801510249,3.148984938404396
0.20840417779936848,0.656957928802589,3.1523260989280404
0.20852562545542871,0.656957928802589,3.1504901489577852
0.20864707311148895,0.656957928802589,3.1486563362983224
0.20876852076754918,0.6580366774541532,3.1519918569851644
0.20888996842360943,0.6580366774541532,3.1501593035799402
0.20901141607966967,0.6580366774541532,3.1483288798126075
0.2091328637357299,0.6580366774541532,3.1465005819729948
0.20925431139179013,0.6591154261057174,3.1498296103043977
0.20937575904785038,0.6591154261057174,3.1480025629666337
0.20949720670391062,0.6591154261057174,3.146177633944624
0.20961865435997085,0.6601941747572816,3.1495010631236715
0.20974010201603108,0.6601941747572816,3.1476773798213418
0.20986154967209134,0.6601941747572816,3.1458558072635743
0.20998299732815157,0.6601941747572816,3.1440363417880026
0.2101044449842118,0.6612729234088457,3.1473533244788645
0.21022589264027206,0.6612729234088457,3.145535096099616
0.21034734029633229,0.6612729234088457,3.1437189672912442
0.21046878795239252,0.6612729234088457,3.141904934419178
0.21059023560845275,0.6623516720604099,3.145215494662869
0.210711683264513,0.6623516720604099,3.1434026903431787
0.21083313092057324,0.6623516720604099,3.1415919745077274
0.21095457857663347,0.6623516720604099,3.1397833435494618
0.2110760262326937,0.6623516720604099,3.1379767938696292
0.21119747388875396,0.6623516720604099,3.1361723218777544
0.2113189215448142,0.6623516720604099,3.134369923991618
0.21144036920087442,0.6623516720604099,3.1325695966372287
0.21156181685693465,0.6623516720604099,3.130771336248803
0.2116832645129949,0.6623516720604099,3.1289751392687406
0.21180471216905514,0.6623516720604099,3.1271810021476005
0.21192615982511537,0.6623516720604099,3.1253889213440775
0.21204760748117563,0.6634304207119741,3.1286861879395156
0.21216905513723586,0.6634304207119741,3.1268952971622177
0.2122905027932961,0.6634304207119741,3.125106455459036
0.21241195044935632,0.6634304207119741,3.1233196593152632
0.21253339810541658,0.6645091693635383,3.1266105717367854
0.2126548457614768,0.6645091693635383,3.124824957475371
0.21277629341753704,0.6645091693635383,3.123041381586401
0.21289774107359727,0.6645091693635383,3.121259840581503
0.21301918872965753,0.6645091693635383,3.119480330980259
0.21314063638571776,0.6645091693635383,3.117702849310185
0.213262084041778,0.6645091693635383,3.1159273921067054
0.21338353169783822,0.6645091693635383,3.114153955913133
0.21350497935389848,0.6645091693635383,3.112382537280645
0.2136264270099587,0.6645091693635383,3.110613132768263
0.21374787466601894,0.6655879180151025,3.1138925664411103
0.2138693223220792,0.6655879180151025,3.1121243139899795
0.21399076997813943,0.6655879180151025,3.110358068635842
0.21411221763419966,0.6655879180151025,3.108593826963332
0.2142336652902599,0.6666666666666666,3.111866969009826
0.21435511294632015,0.6666666666666666,3.110103871576959
0.21447656060238038,0.6666666666666666,3.108342770856927
0.2145980082584406,0.6666666666666666,3.1065836634597246
0.21471945591450084,0.6666666666666666,3.1048265460030167
0.2148409035705611,0.6666666666666666,3.1030714151121157
0.21496235122662133,0.6666666666666666,3.101318267419962
0.21508379888268156,0.6666666666666666,3.0995670995670994
0.2152052465387418,0.6666666666666666,3.0978179082016553
0.21532669419480205,0.6666666666666666,3.096070689979319
0.21544814185086228,0.6666666666666666,3.094325441563322
0.2155695895069225,0.6666666666666666,3.092582159624413
0.21569103716298277,0.6666666666666666,3.0908408408408405
0.215812484819043,0.6666666666666666,3.0891014818983304
0.21593393247510323,0.6666666666666666,3.0873640794900634
0.21605538013116346,0.6666666666666666,3.0856286303166574
0.21617682778722372,0.6677454153182308,3.088885252657479
0.21629827544328395,0.668824163969795,3.09213821792661
0.21641972309934418,0.668824163969795,3.090403011294777
0.2165411707554044,0.668824163969795,3.088669751052884
0.21666261841146467,0.668824163969795,3.0869384339278545
0.2167840660675249,0.668824163969795,3.0852090566539454
0.21690551372358513,0.668824163969795,3.0834816159727283
0.21702696137964536,0.668824163969795,3.0817561086330683
0.21714840903570562,0.668824163969795,3.0800325313911032
0.21726985669176585,0.6699029126213593,3.0832758985602413
0.21739130434782608,0.6699029126213593,3.0815533980582526
0.2175127520038863,0.6699029126213593,3.0798328210632455
0.21763419965994657,0.6699029126213593,3.0781141643550627
0.2177556473160068,0.6699029126213593,3.076397424720732
0.21787709497206703,0.6699029126213593,3.074682598954444
0.2179985426281273,0.6699029126213593,3.072969683857533
0.21811999028418752,0.6699029126213593,3.071258676238459
0.21824143794024775,0.6699029126213593,3.0695495729127837
0.21836288559630798,0.6699029126213593,3.067842370703155
0.21848433325236824,0.6699029126213593,3.066137066439284
0.21860578090842847,0.6699029126213593,3.064433656957929
0.2187272285644887,0.6699029126213593,3.062732139102872
0.21884867622054893,0.6699029126213593,3.0610325097249014
0.2189701238766092,0.6699029126213593,3.0593347656817924
0.21909157153266942,0.6699029126213593,3.0576389038382885
0.21921301918872965,0.6699029126213593,3.0559449210660787
0.21933446684478988,0.6699029126213593,3.054252814243783
0.21945591450085014,0.6699029126213593,3.0525625802569296
0.21957736215691037,0.6699029126213593,3.050874215997938
0.2196988098129706,0.6699029126213593,3.0491877183660985
0.21982025746903086,0.6699029126213593,3.0475030842675537
0.2199417051250911,0.6699029126213593,3.04582031061528
0.22006315278115132,0.6699029126213593,3.0441393943290684
0.22018460043721155,0.6699029126213593,3.042460332335506
0.2203060480932718,0.6699029126213593,3.040783121567956
0.22042749574933204,0.6699029126213593,3.039107758966541
0.22054894340539227,0.6699029126213593,3.0374342414781235
0.2206703910614525,0.6699029126213593,3.0357625660562864
0.22079183871751276,0.6699029126213593,3.0340927296613156
0.220913286373573,0.6699029126213593,3.0324247292601827
0.22103473402963322,0.6699029126213593,3.030758561826523
0.22115618168569345,0.6699029126213593,3.029094224340622
0.2212776293417537,0.6699029126213593,3.027431713789392
0.22139907699781394,0.6699029126213593,3.0257710271663587
0.22152052465387417,0.6699029126213593,3.0241121614716406
0.22164197230993443,0.6699029126213593,3.0224551137119295
0.22176341996599466,0.6699029126213593,3.0207998809004777
0.2218848676220549,0.6699029126213593,3.019146460057073
0.22200631527811512,0.6699029126213593,3.0174948482080266
0.22212776293417538,0.6699029126213593,3.015845042386152
0.2222492105902356,0.6699029126213593,3.0141970396307496
0.22237065824629584,0.6699029126213593,3.0125508369875873
0.22249210590235607,0.6699029126213593,3.0109064315088823
0.22261355355841633,0.6699029126213593,3.009263820253285
0.22273500121447656,0.6699029126213593,3.0076230002858626
0.2228564488705368,0.6699029126213593,3.0059839686780774
0.22297789652659702,0.6699029126213593,3.0043467225077736
0.22309934418265728,0.6699029126213593,3.0027112588591574
0.2232207918387175,0.6699029126213593,3.0010775748227814
0.22334223949477774,0.6699029126213593,2.999445667495526
0.22346368715083798,0.6699029126213593,2.997815533980583
0.22358513480689823,0.6699029126213593,2.996187171387437
0.22370658246295846,0.6699029126213593,2.9945605768318524
0.2238280301190187,0.6699029126213593,2.9929357474358502
0.22394947777507895,0.6699029126213593,2.991312680327696
0.22407092543113918,0.6699029126213593,2.989691372641882
0.22419237308719941,0.6699029126213593,2.9880718215191076
0.22431382074325965,0.6699029126213593,2.9864540241062656
0.2244352683993199,0.6699029126213593,2.984837977556424
0.22455671605538013,0.6699029126213593,2.983223679028811
0.22467816371144037,0.6699029126213593,2.981611125688796
0.2247996113675006,0.6699029126213593,2.9800003147078726
0.22492105902356085,0.6699029126213593,2.978391243263646
0.22504250667962108,0.6699029126213593,2.9767839085398125
0.22516395433568132,0.6699029126213593,2.9751783077261447
0.22528540199174155,0.6699029126213593,2.973574438018476
0.2254068496478018,0.6699029126213593,2.9719722966186812
0.22552829730386204,0.6699029126213593,2.9703718807346644
0.22564974495992227,0.6699029126213593,2.9687731875803403
0.22577119261598252,0.6699029126213593,2.967176214375617
0.22589264027204276,0.6699029126213593,2.965580958346383
0.22601408792810299,0.6709816612729234,2.9687603433214673
0.22613553558416322,0.6709816612729234,2.967165950011413
0.22625698324022347,0.6720604099244876,2.9703410710242784
0.2263784308962837,0.6731391585760518,2.973512785254941
0.22649987855234394,0.6731391585760518,2.971918408426386
0.22662132620840417,0.6731391585760518,2.9703257404690304
0.22674277386446443,0.674217907227616,2.9734923664232404
0.22686422152052466,0.674217907227616,2.9719005610878964
0.2269856691765849,0.674217907227616,2.9703104591290477
0.22710711683264512,0.674217907227616,2.9687220578140057
0.22722856448870538,0.674217907227616,2.967135354415922
0.2273500121447656,0.674217907227616,2.9655503462137767
0.22747145980082584,0.674217907227616,2.96396703049236
0.2275929074568861,0.674217907227616,2.962385404542257
0.22771435511294633,0.674217907227616,2.960805465659835
0.22783580276900656,0.674217907227616,2.9592272111472226
0.2279572504250668,0.674217907227616,2.957650638312302
0.22807869808112705,0.674217907227616,2.9560757444686847
0.22820014573718728,0.674217907227616,2.954502526935705
0.2283215933932475,0.674217907227616,2.952930983038399
0.22844304104930774,0.674217907227616,2.951361110107491
0.228564488705368,0.674217907227616,2.949792905479378
0.22868593636142823,0.674217907227616,2.948226366496118
0.22880738401748846,0.674217907227616,2.946661490505409
0.2289288316735487,0.674217907227616,2.9450982748605785
0.22905027932960895,0.674217907227616,2.9435367169205673
0.22917172698566918,0.674217907227616,2.9419768140499154
0.2292931746417294,0.6752966558791802,2.945123233320535
0.22941462229778967,0.6752966558791802,2.943564142143552
0.2295360699538499,0.6752966558791802,2.9420067007985025
0.22965751760991013,0.6763754045307443,2.9451481125891847
0.22977896526597036,0.6763754045307443,2.9435914803943706
0.22990041292203062,0.6763754045307443,2.9420364928188842
0.23002186057809085,0.6774541531823085,2.945172913042834
0.23014330823415108,0.6774541531823085,2.9436187320860836
0.2302647558902113,0.6785329018338727,2.9467510093355003
0.23038620354627157,0.6785329018338727,2.945197635055407
0.2305076512023318,0.6785329018338727,2.94364589762914
0.23062909885839203,0.6785329018338727,2.942095794470831
0.23075054651445226,0.6785329018338727,2.940547323000057
0.23087199417051252,0.6785329018338727,2.939000480641824
0.23099344182657275,0.6785329018338727,2.9374552648265553
0.23111488948263298,0.6785329018338727,2.9359116729900725
0.2312363371386932,0.6785329018338727,2.934369702573586
0.23135778479475347,0.6785329018338727,2.9328293510236785
0.2314792324508137,0.6785329018338727,2.9312906157922916
0.23160068010687393,0.6796116504854369,2.9344112900351798
0.2317221277629342,0.6796116504854369,2.9328733386253076
0.23184357541899442,0.6796116504854369,2.9313369984793542
0.23196502307505465,0.6796116504854369,2.9298022670665382
0.23208647073111488,0.6796116504854369,2.9282691418613753
0.23220791838717514,0.6796116504854369,2.926737620343665
0.23232936604323537,0.6796116504854369,2.9252076999984777
0.2324508136992956,0.6796116504854369,2.923679378316138
0.23257226135535583,0.6796116504854369,2.922152652792213
0.2326937090114161,0.6796116504854369,2.9206275209274986
0.23281515666747632,0.6806903991370011,2.9237374786093207
0.23293660432353655,0.6806903991370011,2.922213110789399
0.23305805197959678,0.6806903991370011,2.9206903316800767
0.23317949963565704,0.6806903991370011,2.9191691387989933
0.23330094729171727,0.6806903991370011,2.9176495296689575
0.2334223949477775,0.6806903991370011,2.916131501817933
0.23354384260383776,0.6806903991370011,2.914615052779026
0.233665290259898,0.6806903991370011,2.9131001800904714
0.23378673791595822,0.6817691477885652,2.9162011235797642
0.23390818557201845,0.6817691477885652,2.914687000462641
0.2340296332280787,0.6817691477885652,2.913174448827735
0.23415108088413894,0.6817691477885652,2.9116634662297955
0.23427252854019917,0.6817691477885652,2.91015405022864
0.2343939761962594,0.6828478964401294,2.9132484866777335
0.23451542385231966,0.6828478964401294,2.9117398131993917
0.2346368715083799,0.6828478964401294,2.9102327014948375
0.23475831916444012,0.6828478964401294,2.90872714914021
0.23487976682050035,0.6828478964401294,2.907223153716663
0.2350012144765606,0.6828478964401294,2.905720712810349
0.23512266213262084,0.6828478964401294,2.90421982401241
0.23524410978868107,0.6828478964401294,2.90272048491896
0.23536555744474133,0.6828478964401294,2.9012226931310763
0.23548700510080156,0.6828478964401294,2.8997264462547836
0.2356084527568618,0.6828478964401294,2.898231741901044
0.23572990041292202,0.6828478964401294,2.8967385776857424
0.23585134806898228,0.6828478964401294,2.8952469512296735
0.2359727957250425,0.6828478964401294,2.893756860158531
0.23609424338110274,0.6828478964401294,2.892268302102894
0.23621569103716297,0.6828478964401294,2.890781274698214
0.23633713869322323,0.6828478964401294,2.8892957755848023
0.23645858634928346,0.6828478964401294,2.8878118024078203
0.2365800340053437,0.6828478964401294,2.886329352817262
0.23670148166140392,0.6828478964401294,2.8848484244679455
0.23682292931746418,0.6828478964401294,2.8833690150195004
0.2369443769735244,0.6839266450916937,2.886443872724247
0.23706582462958464,0.6839266450916937,2.884965161723876
0.23718727228564487,0.6850053937432579,2.8880360532933875
0.23730871994170513,0.6850053937432579,2.8865580409836156
0.23743016759776536,0.6850053937432579,2.885081540706898
0.2375516152538256,0.6850053937432579,2.8836065501441643
0.23767306290988585,0.6850053937432579,2.8821330669810856
0.23779451056594608,0.6850053937432579,2.8806610889080617
0.2379159582220063,0.6850053937432579,2.879190613620207
0.23803740587806654,0.6850053937432579,2.8777216388173397
0.2381588535341268,0.6850053937432579,2.87625416220397
0.23828030119018703,0.6850053937432579,2.874788181489289
0.23840174884624726,0.6850053937432579,2.873323694387155
0.2385231965023075,0.6850053937432579,2.871860698616082
0.23864464415836775,0.6850053937432579,2.870399191899229
0.23876609181442798,0.6850053937432579,2.8689391719643873
0.2388875394704882,0.6850053937432579,2.8674806365439682
0.23900898712654844,0.6850053937432579,2.8660235833749925
0.2391304347826087,0.6850053937432579,2.8645680101990783
0.23925188243866893,0.6850053937432579,2.863113914762429
0.23937333009472916,0.6850053937432579,2.861661294815822
0.23949477775078942,0.6850053937432579,2.860210148114597
0.23961622540684965,0.6850053937432579,2.8587604724186444
0.23973767306290988,0.6850053937432579,2.8573122654923937
0.23985912071897011,0.6850053937432579,2.855865525104803
0.23998056837503037,0.6850053937432579,2.8544202490293444
0.2401020160310906,0.6850053937432579,2.8529764350439986
0.24022346368715083,0.6850053937432579,2.8515340809312364
0.24034491134321107,0.6850053937432579,2.8500931844780117
0.24046635899927132,0.6850053937432579,2.84865374347575
0.24058780665533155,0.6850053937432579,2.847215755720336
0.24070925431139178,0.6850053937432579,2.8457792190121016
0.24083070196745202,0.6850053937432579,2.8443441311558173
0.24095214962351227,0.6850053937432579,2.842910489960678
0.2410735972795725,0.6850053937432579,2.8414782932402947
0.24119504493563274,0.6850053937432579,2.8400475388126813
0.241316492591693,0.6850053937432579,2.838618224500244
0.24143794024775322,0.6850053937432579,2.8371903481297713
0.24155938790381346,0.6850053937432579,2.835763907532421
0.24168083555987369,0.6850053937432579,2.8343389005437114
0.24180228321593394,0.6850053937432579,2.8329153250035084
0.24192373087199417,0.6850053937432579,2.8314931787560167
0.2420451785280544,0.6850053937432579,2.830072459649767
0.24216662618411464,0.6850053937432579,2.8286531655376055
0.2422880738401749,0.6850053937432579,2.8272352942766843
0.24240952149623513,0.6850053937432579,2.8258188437284493
0.24253096915229536,0.6850053937432579,2.8244038117586308
0.2426524168083556,0.6850053937432579,2.82299019623723
0.24277386446441584,0.6850053937432579,2.8215779950385116
0.24289531212047608,0.6850053937432579,2.820167206040993
0.2430167597765363,0.6850053937432579,2.818757827127429
0.24313820743259656,0.6850053937432579,2.8173498561848076
0.2432596550886568,0.6850053937432579,2.815943291104336
0.24338110274471703,0.6850053937432579,2.81453812978143
0.24350255040077726,0.6850053937432579,2.8131343701157037
0.24362399805683752,0.686084142394822,2.816159934436173
0.24374544571289775,0.686084142394822,2.814756765560022
0.24386689336895798,0.686084142394822,2.8133549942624323
0.2439883410250182,0.686084142394822,2.8119546184564284
0.24410978868107847,0.686084142394822,2.810555636059186
0.2442312363371387,0.686084142394822,2.8091580449920257
0.24435268399319893,0.686084142394822,2.8077618431803995
0.24447413164925916,0.686084142394822,2.8063670285538818
0.24459557930531942,0.6871628910463862,2.8093839348937157
0.24471702696137965,0.6871628910463862,2.8079896996902947
0.24483847461743988,0.6871628910463862,2.806596847656718
0.2449599222735001,0.6871628910463862,2.8052053767357186
0.24508136992956037,0.6871628910463862,2.803815284874105
0.2452028175856206,0.6871628910463862,2.8024265700227557
0.24532426524168083,0.6871628910463862,2.801039230136606
0.2454457128977411,0.6871628910463862,2.799653263174638
0.24556716055380132,0.6871628910463862,2.7982686670998733
0.24568860820986155,0.6871628910463862,2.7968854398793592
0.24581005586592178,0.6882416396979504,2.7998921251348436
0.24593150352198204,0.6882416396979504,2.798509462356999
0.24605295117804227,0.6882416396979504,2.797128164497988
0.2461743988341025,0.6882416396979504,2.7957482295377027
0.24629584649016273,0.6882416396979504,2.7943696554600215
0.246417294146223,0.6882416396979504,2.792992440252796
0.24653874180228322,0.6882416396979504,2.791616581907844
0.24666018945834345,0.6882416396979504,2.7902420784209374
0.24678163711440368,0.6882416396979504,2.788868927791793
0.24690308477046394,0.6882416396979504,2.7874971280240644
0.24702453242652417,0.6882416396979504,2.7861266771253312
0.2471459800825844,0.6893203883495146,2.7891223968893875
0.24726742773864466,0.6893203883495146,2.78775249394396
0.2473888753947049,0.6893203883495146,2.7863839360186073
0.24751032305076512,0.6893203883495146,2.7850167211334167
0.24763177070682535,0.6893203883495146,2.7836508473123605
0.2477532183628856,0.6893203883495146,2.7822863125832855
0.24787466601894584,0.6893203883495146,2.7809231149779046
0.24799611367500607,0.6893203883495146,2.779561252531784
0.2481175613310663,0.6893203883495146,2.778200723284338
0.24823900898712656,0.6893203883495146,2.7768415252788174
0.2483604566431868,0.6893203883495146,2.7754836565623
0.24848190429924702,0.6893203883495146,2.774127115185681
0.24860335195530725,0.6893203883495146,2.7727718992036654
0.2487247996113675,0.6893203883495146,2.7714180066747574
0.24884624726742774,0.6893203883495146,2.770065435661251
0.24896769492348797,0.6893203883495146,2.7687141842292213
0.24908914257954823,0.6893203883495146,2.767364250448514
0.24921059023560846,0.6893203883495146,2.7660156323927403
0.2493320378916687,0.6893203883495146,2.764668328139261
0.24945348554772892,0.6903991370010788,2.767646783868979
0.24957493320378918,0.6903991370010788,2.766299997112838
0.2496963808598494,0.6914778856526429,2.769274761898765
0.24981782851590964,0.6914778856526429,2.767928493176403
0.24993927617196987,0.6914778856526429,2.766583532781274
0.25006072382803013,0.6914778856526429,2.7652398788071206
0.25018217148409033,0.6914778856526429,2.7638975293513894
0.2503036191401506,0.6914778856526429,2.7625564825152167
0.25042506679621085,0.6914778856526429,2.7612167364034246
0.25054651445227105,0.6914778856526429,2.759878289124509
0.2506679621083313,0.6914778856526429,2.7585411387906307
0.25078940976439157,0.6914778856526429,2.7572052835176084
0.25091085742045177,0.6914778856526429,2.755870721424909
0.25103230507651203,0.6914778856526429,2.754537450635637
0.2511537527325723,0.6914778856526429,2.7532054692765286
0.2512752003886325,0.6914778856526429,2.751874775477942
0.25139664804469275,0.6914778856526429,2.7505453673738463
0.25151809570075295,0.6914778856526429,2.7492172431018167
0.2516395433568132,0.6914778856526429,2.747890400803022
0.25176099101287347,0.6914778856526429,2.7465648386222195
0.2518824386689337,0.6914778856526429,2.7452405547077445
0.25200388632499393,0.6914778856526429,2.7439175472114994
0.2521253339810542,0.6914778856526429,2.7425958142889506
0.2522467816371144,0.6914778856526429,2.741275354099115
0.25236822929317465,0.6914778856526429,2.739956164804553
0.25248967694923485,0.6914778856526429,2.738638244571362
0.2526111246052951,0.6914778856526429,2.7373215915691644
0.25273257226135537,0.6914778856526429,2.736006203971101
0.2528540199174156,0.6914778856526429,2.7346920799538244
0.25297546757347583,0.6925566343042071,2.737643459846779
0.2530969152295361,0.6925566343042071,2.7363298113535706
0.2532183628855963,0.6925566343042071,2.73501742295484
0.25333981054165655,0.6925566343042071,2.7337062928383706
0.2534612581977168,0.6925566343042071,2.7323964191954198
0.253582705853777,0.6925566343042071,2.7310878002207097
0.25370415350983727,0.6925566343042071,2.729780434112418
0.2538256011658975,0.6925566343042071,2.728474319072173
0.25394704882195773,0.6925566343042071,2.7271694533050415
0.254068496478018,0.6925566343042071,2.7258658350195226
0.2541899441340782,0.6925566343042071,2.72456346242754
0.25431139179013845,0.6925566343042071,2.723262333744432
0.2544328394461987,0.6925566343042071,2.7219624471889454
0.2545542871022589,0.6936353829557713,2.7249015950657545
0.25467573475831917,0.6947141316073355,2.727837939749547
0.2547971824143794,0.6947141316073355,2.7265377310080083
0.25491863007043963,0.6957928802588996,2.729470498357208
0.2550400777264999,0.6957928802588996,2.7281707505008472
0.2551615253825601,0.6957928802588996,2.726872239910414
0.25528297303862035,0.6957928802588996,2.7255749648200664
0.2554044206946806,0.6957928802588996,2.7242789234673226
0.2555258683507408,0.6957928802588996,2.7229841140930513
0.2556473160068011,0.6957928802588996,2.721690534941463
0.25576876366286133,0.6957928802588996,2.720398184260104
0.25589021131892153,0.6957928802588996,2.719107060299848
0.2560116589749818,0.6957928802588996,2.7178171613148856
0.256133106631042,0.6957928802588996,2.716528485562722
0.25625455428710225,0.6957928802588996,2.715241031304161
0.2563760019431625,0.6957928802588996,2.713954796803306
0.2564974495992227,0.6957928802588996,2.7126697803275475
0.256618897255283,0.6957928802588996,2.711385980147553
0.25674034491134323,0.6957928802588996,2.7101033945372652
0.25686179256740344,0.6968716289104638,2.713021745838657
0.2569832402234637,0.6968716289104638,2.7117395994559352
0.25710468787952395,0.6968716289104638,2.710458664359357
0.25722613553558416,0.6968716289104638,2.7091789388332197
0.2573475831916444,0.6968716289104638,2.7079004211650584
0.2574690308477046,0.6968716289104638,2.7066231096456415
0.2575904785037649,0.6968716289104638,2.7053470025689577
0.25771192615982513,0.6968716289104638,2.7040720982322144
0.25783337381588534,0.6968716289104638,2.7027983949358263
0.2579548214719456,0.6968716289104638,2.701525890983408
0.25807626912800585,0.6968716289104638,2.700254584681769
0.25819771678406606,0.6968716289104638,2.698984474340903
0.2583191644401263,0.6968716289104638,2.697715558273982
0.2584406120961865,0.6968716289104638,2.6964478347973495
0.2585620597522468,0.697950377562028,2.699353409509506
0.25868350740830703,0.697950377562028,2.698086107439314
0.25880495506436724,0.697950377562028,2.696819994765715
0.2589264027204275,0.697950377562028,2.6955550698150748
0.25904785037648775,0.697950377562028,2.694291330916896
0.25916929803254796,0.697950377562028,2.693028776403814
0.2592907456886082,0.6990291262135923,2.6959277869989315
0.2594121933446685,0.6990291262135923,2.694665648521872
0.2595336410007287,0.7001078748651565,2.6975611799905
0.25965508865678893,0.7001078748651565,2.6962994582037876
0.25977653631284914,0.7001078748651565,2.695038916147592
0.2598979839689094,0.7001078748651565,2.6937795521680834
0.26001943162496965,0.7001078748651565,2.692521364614525
0.26014087928102986,0.7001078748651565,2.6912643518392616
0.2602623269370901,0.7001078748651565,2.690008512197713
0.2603837745931504,0.7001078748651565,2.6887538440483665
0.2605052222492106,0.7001078748651565,2.687500345752773
0.26062666990527084,0.7001078748651565,2.686248015675535
0.26074811756133104,0.7001078748651565,2.684996852184303
0.2608695652173913,0.7001078748651565,2.6837468536497666
0.26099101287345156,0.7001078748651565,2.6824980184456484
0.26111246052951176,0.7001078748651565,2.681250344948697
0.261233908185572,0.7001078748651565,2.680003831538679
0.2613553558416323,0.7001078748651565,2.6787584765983725
0.2614768034976925,0.7001078748651565,2.677514278513562
0.26159825115375274,0.7001078748651565,2.6762712356730263
0.261719698809813,0.7001078748651565,2.6750293464685373
0.2618411464658732,0.7011866235167206,2.6779084684771233
0.26196259412193346,0.7011866235167206,2.676666971736985
0.26208404177799366,0.7011866235167206,2.675426625596236
0.2622054894340539,0.7011866235167206,2.6741874284560803
0.2623269370901142,0.7011866235167206,2.6729493787206837
0.2624483847461744,0.7011866235167206,2.671712474797167
0.26256983240223464,0.7011866235167206,2.6704767150955955
0.2626912800582949,0.7011866235167206,2.6692420980289766
0.2628127277143551,0.7011866235167206,2.668008622013252
0.26293417537041536,0.7011866235167206,2.666776285467287
0.2630556230264756,0.7011866235167206,2.66554508681287
0.2631770706825358,0.7011866235167206,2.664315024474701
0.2632985183385961,0.7011866235167206,2.6630860968803862
0.2634199659946563,0.7011866235167206,2.6618583024604323
0.26354141365071654,0.7022653721682848,2.664724919093851
0.2636628613067768,0.7022653721682848,2.6634975008906756
0.263784308962837,0.7022653721682848,2.66227121290684
0.26390575661889726,0.7022653721682848,2.6610460535819866
0.2640272042749575,0.7022653721682848,2.6598220213586274
0.2641486519310177,0.7022653721682848,2.6585991146821413
0.264270099587078,0.7022653721682848,2.6573773320007614
0.2643915472431382,0.7022653721682848,2.6561566717655754
0.26451299489919844,0.7022653721682848,2.6549371324305127
0.2646344425552587,0.7022653721682848,2.6537187124523434
0.2647558902113189,0.7022653721682848,2.6525014102906685
0.26487733786737916,0.7022653721682848,2.6512852244079124
0.2649987855234394,0.7022653721682848,2.6500701532693203
0.2651202331794996,0.7022653721682848,2.648856195342949
0.2652416808355599,0.7022653721682848,2.64764334909966
0.26536312849162014,0.7022653721682848,2.646431613013115
0.26548457614768034,0.7022653721682848,2.64522098555977
0.2656060238037406,0.7022653721682848,2.6440114652188647
0.2657274714598008,0.7022653721682848,2.642803050472421
0.26584891911586106,0.7022653721682848,2.6415957398052337
0.2659703667719213,0.7022653721682848,2.640389531704866
0.2660918144279815,0.7022653721682848,2.6391844246616416
0.2662132620840418,0.7022653721682848,2.637980417168639
0.26633470974010204,0.7022653721682848,2.6367775077216855
0.26645615739616224,0.7022653721682848,2.6355756948193516
0.2665776050522225,0.7022653721682848,2.6343749769629414
0.26669905270828276,0.7022653721682848,2.633175352656492
0.26682050036434296,0.7022653721682848,2.6319768204067624
0.2669419480204032,0.7022653721682848,2.6307793787232288
0.2670633956764634,0.7022653721682848,2.62958302611808
0.2671848433325237,0.703344120819849,2.6324252231048346
0.26730629098858394,0.703344120819849,2.6312292098276404
0.26742773864464414,0.703344120819849,2.6300342828477006
0.2675491863007044,0.703344120819849,2.628840440685718
0.26767063395676466,0.703344120819849,2.62764768186508
0.26779208161282486,0.703344120819849,2.6264560049118533
0.2679135292688851,0.703344120819849,2.6252654083547764
0.2680349769249453,0.703344120819849,2.624075890725255
0.2681564245810056,0.703344120819849,2.6228874505573536
0.26827787223706584,0.703344120819849,2.6217000863877935
0.26839931989312604,0.7044228694714132,2.624532989695754
0.2685207675491863,0.7044228694714132,2.623345955326828
0.26864221520524656,0.7044228694714132,2.622159994225866
0.26876366286130676,0.7044228694714132,2.6209751049379197
0.268885110517367,0.7055016181229773,2.6238032175359507
0.2690065581734273,0.7055016181229773,2.622618656263925
0.2691280058294875,0.7065803667745415,2.6254434747389777
0.26924945348554774,0.7065803667745415,2.6242592422289466
0.26937090114160794,0.7076591154261057,2.627080773858681
0.2694923487976682,0.7076591154261057,2.6258968708510837
0.26961379645372846,0.7076591154261057,2.624714034422772
0.26973524410978866,0.7087378640776699,2.6275315501195564
0.2698566917658489,0.7098166127292341,2.630346529798611
0.2699781394219092,0.7098166127292341,2.629163287994833
0.2700995870779694,0.7098166127292341,2.6279811102574255
0.27022103473402964,0.7098166127292341,2.6267999951516914
0.27034248239008984,0.7098166127292341,2.625619941245514
0.2704639300461501,0.7098166127292341,2.6244409471093464
0.27058537770221036,0.7098166127292341,2.623263011316209
0.27070682535827056,0.7098166127292341,2.622086132441684
0.2708282730143308,0.7098166127292341,2.6209103090639077
0.2709497206703911,0.7098166127292341,2.619735539763565
0.2710711683264513,0.7098166127292341,2.618561823123886
0.27119261598251154,0.7098166127292341,2.6173891577306376
0.2713140636385718,0.7098166127292341,2.6162175421721185
0.271435511294632,0.7098166127292341,2.615046975039156
0.27155695895069226,0.7098166127292341,2.6138774549250954
0.27167840660675247,0.7098166127292341,2.6127089804257997
0.2717998542628127,0.7098166127292341,2.61154155013964
0.271921301918873,0.7098166127292341,2.6103751626674914
0.2720427495749332,0.7098166127292341,2.6092098166127298
0.27216419723099344,0.7098166127292341,2.6080455105812197
0.2722856448870537,0.7098166127292341,2.6068822431813174
0.2724070925431139,0.7098166127292341,2.6057200130238583
0.27252854019917416,0.7098166127292341,2.604558818722154
0.2726499878552344,0.7098166127292341,2.603398658891988
0.2727714355112946,0.7098166127292341,2.602239532151609
0.2728928831673549,0.7098166127292341,2.601081437121724
0.2730143308234151,0.7098166127292341,2.599924372425496
0.27313577847947534,0.7098166127292341,2.5987683366885346
0.2732572261355356,0.7098166127292341,2.5976133285388947
0.2733786737915958,0.7098166127292341,2.59645934660707
0.27350012144765606,0.7098166127292341,2.595306389525983
0.2736215691037163,0.7098166127292341,2.594154455930987
0.2737430167597765,0.7098166127292341,2.5930035444598554
0.2738644644158368,0.7098166127292341,2.5918536537527777
0.273985912071897,0.7108953613807982,2.594642023763073
0.27410735972795724,0.7108953613807982,2.5934924260564878
0.2742288073840175,0.7108953613807982,2.5923438465941064
0.2743502550400777,0.7108953613807982,2.59119628402368
0.27447170269613796,0.7119741100323624,2.5939800097373773
0.2745931503521982,0.7119741100323624,2.5928327386140966
0.2747145980082584,0.7119741100323624,2.591686481877309
0.2748360456643187,0.7119741100323624,2.5905412381822677
0.27495749332037894,0.7119741100323624,2.589397006186604
0.27507894097643915,0.7119741100323624,2.588253784550319
0.2752003886324994,0.7119741100323624,2.5871115719357776
0.2753218362885596,0.7130528586839266,2.589888503927416
0.27544328394461987,0.7130528586839266,2.5887465777793
0.2755647316006801,0.7130528586839266,2.587605658176929
0.2756861792567403,0.7130528586839266,2.5864657437900673
0.2758076269128006,0.7130528586839266,2.5853268332908197
0.27592907456886084,0.7130528586839266,2.5841889253536316
0.27605052222492105,0.7130528586839266,2.5830520186552803
0.2761719698809813,0.7130528586839266,2.581916111874869
0.2762934175370415,0.7130528586839266,2.5807812036938254
0.27641486519310177,0.7130528586839266,2.579647292795893
0.276536312849162,0.7130528586839266,2.5785143778671284
0.2766577605052222,0.7130528586839266,2.577382457595897
0.2767792081612825,0.7130528586839266,2.5762515306728617
0.27690065581734274,0.7130528586839266,2.5751215957909874
0.27702210347340295,0.7130528586839266,2.573992651645529
0.2771435511294632,0.7130528586839266,2.572864696934028
0.27726499878552346,0.7130528586839266,2.571737730356308
0.27738644644158367,0.7130528586839266,2.570611750614471
0.2775078940976439,0.7130528586839266,2.569486756412889
0.27762934175370413,0.7130528586839266,2.5683627464582033
0.2777507894097644,0.7130528586839266,2.5672397194593146
0.27787223706582465,0.7130528586839266,2.5661176741273826
0.27799368472188485,0.7130528586839266,2.5649966091758203
0.2781151323779451,0.7130528586839266,2.563876523320285
0.27823658003400537,0.7130528586839266,2.562757415278678
0.27835802769006557,0.7130528586839266,2.56163928377114
0.2784794753461258,0.7130528586839266,2.56052212752004
0.2786009230021861,0.7130528586839266,2.5594059452499787
0.2787223706582463,0.7130528586839266,2.5582907356877786
0.27884381831430655,0.7130528586839266,2.557176497562479
0.27896526597036675,0.7130528586839266,2.5560632296053343
0.279086713626427,0.7130528586839266,2.554950930549805
0.27920816128248727,0.7130528586839266,2.553839599131558
0.27932960893854747,0.7130528586839266,2.5527292340884578
0.2794510565946077,0.7130528586839266,2.5516198341605616
0.279572504250668,0.7130528586839266,2.550511398090118
0.2796939519067282,0.7130528586839266,2.5494039246215596
0.27981539956278845,0.7130528586839266,2.548297412501498
0.27993684721884865,0.7130528586839266,2.5471918604787214
0.2800582948749089,0.7130528586839266,2.546087267304186
0.28017974253096917,0.7130528586839266,2.5449836317310153
0.28030119018702937,0.7130528586839266,2.543880952514494
0.28042263784308963,0.7130528586839266,2.5427792284120625
0.2805440854991499,0.7130528586839266,2.5416784581833123
0.2806655331552101,0.7130528586839266,2.5405786405899837
0.28078698081127035,0.7141316073354909,2.5433216500001867
0.2809084284673306,0.7141316073354909,2.5422220729790017
0.2810298761233908,0.7141316073354909,2.5411234463268935
0.28115132377945107,0.7141316073354909,2.5400257688122814
0.28127277143551127,0.7141316073354909,2.5389290392057133
0.28139421909157153,0.7141316073354909,2.5378332562798582
0.2815156667476318,0.7141316073354909,2.5367384188095046
0.281637114403692,0.7141316073354909,2.5356445255715534
0.28175856205975225,0.7141316073354909,2.534551575345014
0.2818800097158125,0.7141316073354909,2.533459566911
0.2820014573718727,0.7141316073354909,2.532368499052727
0.28212290502793297,0.7141316073354909,2.531278370555502
0.28224435268399317,0.7141316073354909,2.5301891802067265
0.28236580034005343,0.7141316073354909,2.5291009267958846
0.2824872479961137,0.7141316073354909,2.528013609114545
0.2826086956521739,0.7141316073354909,2.5269272259563524
0.28273014330823415,0.7152103559870551,2.529657247077926
0.2828515909642944,0.7152103559870551,2.528571091110954
0.2829730386203546,0.7152103559870551,2.5274858674667002
0.28309448627641487,0.7152103559870551,2.5264015749452646
0.28321593393247513,0.7152103559870551,2.525318212348804
0.28333738158853533,0.7152103559870551,2.524235778481531
0.2834588292445956,0.7152103559870551,2.523154272149705
0.2835802769006558,0.7152103559870551,2.5220736921616327
0.28370172455671605,0.7152103559870551,2.520994037327659
0.2838231722127763,0.7152103559870551,2.519915306460167
0.2839446198688365,0.7152103559870551,2.518837498373572
0.28406606752489677,0.7152103559870551,2.5177606118843143
0.28418751518095703,0.7152103559870551,2.5166846458108596
0.28430896283701723,0.7152103559870551,2.5156095989736915
0.2844304104930775,0.7152103559870551,2.514535470195308
0.28455185814913775,0.7152103559870551,2.513462258300218
0.28467330580519795,0.7152103559870551,2.512389962114937
0.2847947534612582,0.7152103559870551,2.511318580467979
0.2849162011173184,0.7152103559870551,2.5102481121898603
0.28503764877337867,0.7152103559870551,2.5091785561130853
0.28515909642943893,0.7152103559870551,2.508109911072151
0.28528054408549913,0.7152103559870551,2.5070421759035386
0.2854019917415594,0.7152103559870551,2.505975349445707
0.28552343939761965,0.7152103559870551,2.504909430539094
0.28564488705367985,0.7152103559870551,2.5038444180261106
0.2857663347097401,0.7152103559870551,2.502780310751131
0.2858877823658003,0.7152103559870551,2.501717107560498
0.28600923002186057,0.7152103559870551,2.50065480730251
0.28613067767792083,0.7152103559870551,2.499593408827424
0.28625212533398103,0.7152103559870551,2.498532910987447
0.2863735729900413,0.7152103559870551,2.497473312636731
0.28649502064610155,0.7152103559870551,2.4964146126313738
0.28661646830216175,0.7152103559870551,2.4953568098294117
0.286737915958222,0.7152103559870551,2.494299903090814
0.28685936361428227,0.7152103559870551,2.4932438912774813
0.2869808112703425,0.7152103559870551,2.4921887732532424
0.28710225892640273,0.7152103559870551,2.4911345478838456
0.28722370658246293,0.7152103559870551,2.4900812140369606
0.2873451542385232,0.7152103559870551,2.489028770582169
0.28746660189458345,0.7162891046386192,2.491729821543891
0.28758804955064365,0.7162891046386192,2.490677570774658
0.2877094972067039,0.7162891046386192,2.489626208355589
0.28783094486276417,0.7162891046386192,2.4885757331621896
0.2879523925188244,0.7162891046386192,2.4875261440718646
0.28807384017488463,0.7162891046386192,2.4864774399639082
0.28819528783094484,0.7162891046386192,2.485429619719507
0.2883167354870051,0.7162891046386192,2.484382682221731
0.28843818314306535,0.7162891046386192,2.4833366263555328
0.28855963079912555,0.7173678532901834,2.4860298417472095
0.2886810784551858,0.7173678532901834,2.4849839730716745
0.28880252611124607,0.7173678532901834,2.4839389840165556
0.2889239737673063,0.7173678532901834,2.482894873472623
0.28904542142336653,0.7173678532901834,2.481851640332508
0.2891668690794268,0.7173678532901834,2.4808092834907054
0.289288316735487,0.7173678532901834,2.4797678018435643
0.28940976439154725,0.7173678532901834,2.4787271942892866
0.28953121204760746,0.7173678532901834,2.4776874597279237
0.2896526597036677,0.7173678532901834,2.476648597061371
0.289774107359728,0.7173678532901834,2.4756106051933653
0.2898955550157882,0.7173678532901834,2.4745734830294808
0.29001700267184843,0.7173678532901834,2.473537229477123
0.2901384503279087,0.7173678532901834,2.4725018434455293
0.2902598979839689,0.7173678532901834,2.4714673238457614
0.29038134564002915,0.7173678532901834,2.4704336695907028
0.2905027932960894,0.7173678532901834,2.469400879595054
0.2906242409521496,0.7173678532901834,2.4683689527753323
0.2907456886082099,0.7173678532901834,2.467337888049862
0.2908671362642701,0.7173678532901834,2.466307684338777
0.29098858392033033,0.7173678532901834,2.465278340564011
0.2911100315763906,0.7173678532901834,2.464249855649299
0.2912314792324508,0.7173678532901834,2.4632222285201713
0.29135292688851105,0.7173678532901834,2.4621954581039476
0.2914743745445713,0.7173678532901834,2.461169543329737
0.2915958222006315,0.7173678532901834,2.4601444831284343
0.2917172698566918,0.7173678532901834,2.45912027643271
0.291838717512752,0.7173678532901834,2.4580969221770164
0.29196016516881224,0.7173678532901834,2.457074419297575
0.2920816128248725,0.7173678532901834,2.456052766732378
0.2922030604809327,0.7173678532901834,2.4550319634211846
0.29232450813699296,0.7173678532901834,2.4540120083055132
0.2924459557930532,0.7184466019417476,2.456681611456956
0.2925674034491134,0.7184466019417476,2.4556618183430263
0.2926888511051737,0.7184466019417476,2.4546428715304356
0.29281029876123393,0.7195253505933118,2.4573088912423597
0.29293174641729414,0.7206040992448759,2.45997270032434
0.2930531940733544,0.7206040992448759,2.4589532338094937
0.2931746417294146,0.7206040992448759,2.4579346119230774
0.29329608938547486,0.7206040992448759,2.4569168336158627
0.2934175370415351,0.7206040992448759,2.455899897840359
0.2935389846975953,0.7206040992448759,2.4548838035508105
0.2936604323536556,0.7206040992448759,2.453868549703188
0.29378188000971583,0.7206040992448759,2.4528541352551914
0.29390332766577604,0.7206040992448759,2.4518405591662433
0.2940247753218363,0.7206040992448759,2.4508278203974836
0.29414622297789655,0.7206040992448759,2.4498159179117702
0.29426767063395676,0.7206040992448759,2.4488048506736724
0.294389118290017,0.7206040992448759,2.447794617649467
0.2945105659460772,0.7206040992448759,2.4467852178071374
0.2946320136021375,0.7206040992448759,2.445776650116368
0.29475346125819774,0.7216828478964401,2.4484287472514574
0.29487490891425794,0.7216828478964401,2.4474203334346325
0.2949963565703182,0.7216828478964401,2.4464127499297192
0.29511780422637846,0.7216828478964401,2.4454059957116407
0.29523925188243866,0.7216828478964401,2.4444000697570085
0.2953606995384989,0.7216828478964401,2.443394971044115
0.2954821471945591,0.7216828478964401,2.442390698552934
0.2956035948506194,0.7216828478964401,2.4413872512651142
0.29572504250667964,0.7216828478964401,2.4403846281639785
0.29584649016273984,0.7216828478964401,2.439382828234519
0.2959679378188001,0.7216828478964401,2.4383818504633927
0.29608938547486036,0.7216828478964401,2.4373816938389203
0.29621083313092056,0.7216828478964401,2.4363823573510817
0.2963322807869808,0.7216828478964401,2.4353838399915113
0.2964537284430411,0.7216828478964401,2.4343861407534972
0.2965751760991013,0.7216828478964401,2.433389258631977
0.29669662375516154,0.7216828478964401,2.4323931926235316
0.29681807141122174,0.7216828478964401,2.4313979417263862
0.296939519067282,0.7216828478964401,2.4304035049404042
0.29706096672334226,0.7216828478964401,2.429409881267084
0.29718241437940246,0.7216828478964401,2.4284170697095577
0.2973038620354627,0.7216828478964401,2.427425069272585
0.297425309691523,0.7216828478964401,2.426433878962551
0.2975467573475832,0.7216828478964401,2.4254434977874646
0.29766820500364344,0.7216828478964401,2.424453924756951
0.29778965265970364,0.7216828478964401,2.4234651588822547
0.2979111003157639,0.7216828478964401,2.422477199176228
0.29803254797182416,0.7216828478964401,2.4214900446533365
0.29815399562788436,0.7216828478964401,2.420503694329649
0.2982754432839446,0.7216828478964401,2.419518147222837
0.2983968909400049,0.7216828478964401,2.4185334023521725
0.2985183385960651,0.7216828478964401,2.4175494587385224
0.29863978625212534,0.7216828478964401,2.416566315404346
0.2987612339081856,0.7216828478964401,2.415583971373694
0.2988826815642458,0.7216828478964401,2.4146024256722014
0.29900412922030606,0.7227615965480043,2.4172294825248852
0.29912557687636626,0.7227615965480043,2.4162480657638117
0.2992470245324265,0.7227615965480043,2.4152674456072516
0.2993684721884868,0.7227615965480043,2.4142876210857067
0.299489919844547,0.7227615965480043,2.413308591231252
0.29961136750060724,0.7227615965480043,2.4123303550775304
0.2997328151566675,0.7227615965480043,2.4113529116597516
0.2998542628127277,0.7227615965480043,2.410376260014689
0.29997571046878796,0.7227615965480043,2.409400399180675
0.3000971581248482,0.7227615965480043,2.408425328197599
0.3002186057809084,0.7227615965480043,2.4074510461069045
0.3003400534369687,0.7227615965480043,2.406477551951584
0.3004615010930289,0.7227615965480043,2.4055048447761793
0.30058294874908914,0.7227615965480043,2.4045329236267747
0.3007043964051494,0.7238403451995685,2.4071491932040576
0.3008258440612096,0.7238403451995685,2.406177392964573
0.30094729171726986,0.7238403451995685,2.405206377067493
0.3010687393733301,0.7238403451995685,2.404236144563633
0.3011901870293903,0.7238403451995685,2.4032666945053416
0.3013116346854506,0.7238403451995685,2.402298025946492
0.3014330823415108,0.7238403451995685,2.401330137942485
0.30155452999757104,0.7249190938511327,2.403940321695621
0.3016759776536313,0.7249190938511327,2.402972551839866
0.3017974253096915,0.7249190938511327,2.402005560873331
0.30191887296575176,0.7249190938511327,2.4010393478560847
0.302040320621812,0.7259978425026968,2.403645450409009
0.3021617682778722,0.7259978425026968,2.402679354970742
0.3022832159339325,0.7259978425026968,2.40171403582451
0.30240466358999274,0.727076591154261,2.404316727535817
0.30252611124605294,0.727076591154261,2.4033515261197054
0.3026475589021132,0.727076591154261,2.4023870993435734
0.3027690065581734,0.727076591154261,2.401423446275245
0.30289045421423366,0.727076591154261,2.400460565984036
0.3030119018702939,0.727076591154261,2.3994984575407554
0.3031333495263541,0.727076591154261,2.3985371200177026
0.3032547971824144,0.727076591154261,2.3975765524886605
0.30337624483847464,0.727076591154261,2.396616754028897
0.30349769249453484,0.727076591154261,2.39565772371516
0.3036191401505951,0.727076591154261,2.394699460625674
0.3037405878066553,0.727076591154261,2.3937419638401383
0.30386203546271556,0.727076591154261,2.3927852324397225
0.3039834831187758,0.727076591154261,2.3918292655070656
0.304104930774836,0.727076591154261,2.3908740621262723
0.3042263784308963,0.727076591154261,2.389919621382908
0.30434782608695654,0.727076591154261,2.3889659423640004
0.30446927374301674,0.727076591154261,2.388013024158032
0.304590721399077,0.727076591154261,2.3870608658549384
0.30471216905513726,0.727076591154261,2.386109466546108
0.30483361671119746,0.727076591154261,2.385158825324377
0.3049550643672577,0.727076591154261,2.384208941284024
0.3050765120233179,0.727076591154261,2.3832598135207745
0.3051979596793782,0.727076591154261,2.382311441131789
0.30531940733543844,0.727076591154261,2.381363823215666
0.30544085499149864,0.727076591154261,2.3804169588724395
0.3055623026475589,0.727076591154261,2.3794708472035713
0.30568375030361916,0.727076591154261,2.378525487311953
0.30580519795967936,0.727076591154261,2.3775808783019006
0.3059266456157396,0.727076591154261,2.3766370192791526
0.3060480932717999,0.727076591154261,2.375693909350867
0.3061695409278601,0.727076591154261,2.374751547625619
0.30629098858392034,0.727076591154261,2.3738099332133964
0.30641243623998055,0.727076591154261,2.372869065225599
0.3065338838960408,0.727076591154261,2.371928942775034
0.30665533155210106,0.727076591154261,2.3709895649759147
0.30677677920816127,0.727076591154261,2.370050930943858
0.3068982268642215,0.727076591154261,2.3691130397958786
0.3070196745202818,0.727076591154261,2.36817589065039
0.307141122176342,0.727076591154261,2.3672394826271987
0.30726256983240224,0.727076591154261,2.366303814847504
0.30738401748846245,0.727076591154261,2.365368886433894
0.3075054651445227,0.727076591154261,2.364434696510342
0.30762691280058296,0.727076591154261,2.363501244202205
0.30774836045664317,0.727076591154261,2.362568528636222
0.3078698081127034,0.727076591154261,2.361636548940507
0.3079912557687637,0.727076591154261,2.3607053042445525
0.3081127034248239,0.727076591154261,2.3597747936792217
0.30823415108088414,0.727076591154261,2.3588450163767476
0.3083555987369444,0.727076591154261,2.3579159714707307
0.3084770463930046,0.727076591154261,2.356987658096136
0.30859849404906486,0.727076591154261,2.3560600753892897
0.30871994170512507,0.727076591154261,2.355133222487878
0.3088413893611853,0.727076591154261,2.354207098530942
0.3089628370172456,0.727076591154261,2.3532817026588777
0.3090842846733058,0.727076591154261,2.3523570340134325
0.30920573232936605,0.727076591154261,2.3514330917377007
0.3093271799854263,0.727076591154261,2.350509874976123
0.3094486276414865,0.727076591154261,2.349587382874484
0.30957007529754677,0.727076591154261,2.348665614579908
0.30969152295360697,0.727076591154261,2.347744569240857
0.3098129706096672,0.727076591154261,2.3468242460071287
0.3099344182657275,0.727076591154261,2.345904644029853
0.3100558659217877,0.727076591154261,2.3449857624614907
0.31017731357784795,0.727076591154261,2.344067600455828
0.3102987612339082,0.727076591154261,2.3431501571679787
0.3104202088899684,0.727076591154261,2.3422334317543765
0.31054165654602867,0.727076591154261,2.3413174233727747
0.3106631042020889,0.727076591154261,2.340402131182246
0.3107845518581491,0.727076591154261,2.3394875543431755
0.3109059995142094,0.727076591154261,2.3385736920172597
0.3110274471702696,0.727076591154261,2.337660543367507
0.31114889482632985,0.727076591154261,2.33674810755823
0.3112703424823901,0.727076591154261,2.335836383755047
0.3113917901384503,0.727076591154261,2.3349253711248776
0.31151323779451057,0.727076591154261,2.3340150688359396
0.3116346854505708,0.727076591154261,2.3331054760577494
0.31175613310663103,0.7281553398058253,2.335656824293403
0.3118775807626913,0.7281553398058253,2.3347473006079302
0.31199902841875155,0.7281553398058253,2.333838484998507
0.31212047607481175,0.7281553398058253,2.332930376638586
0.312241923730872,0.7281553398058253,2.3320229747029035
0.3123633713869322,0.7281553398058253,2.3311162783674826
0.31248481904299247,0.7281553398058253,2.330210286809625
0.3126062666990527,0.7281553398058253,2.3293049992079116
0.31272771435511293,0.7281553398058253,2.3284004147422004
0.3128491620111732,0.7281553398058253,2.32749653259362
0.31297060966723345,0.7281553398058253,2.326593351944573
0.31309205732329365,0.7281553398058253,2.32569087197873
0.3132135049793539,0.7281553398058253,2.3247890918810254
0.3133349526354141,0.7281553398058253,2.323888010837661
0.31345640029147437,0.7281553398058253,2.3229876280360964
0.3135778479475346,0.7281553398058253,2.322087942665052
0.31369929560359483,0.7281553398058253,2.3211889539145045
0.3138207432596551,0.7281553398058253,2.320290660975683
0.31394219091571535,0.7281553398058253,2.3193930630410695
0.31406363857177555,0.7281553398058253,2.318496159304395
0.3141850862278358,0.7281553398058253,2.317599948960636
0.31430653388389607,0.7281553398058253,2.316704431206014
0.31442798153995627,0.7281553398058253,2.3158096052379937
0.31454942919601653,0.7281553398058253,2.314915470255276
0.31467087685207673,0.7281553398058253,2.314022025457802
0.314792324508137,0.7281553398058253,2.313129270046746
0.31491377216419725,0.7281553398058253,2.312237203224514
0.31503521982025745,0.7281553398058253,2.3113458241947438
0.3151566674763177,0.7281553398058253,2.3104551321622986
0.31527811513237797,0.7281553398058253,2.3095651263332684
0.31539956278843817,0.7281553398058253,2.3086758059149655
0.31552101044449843,0.7281553398058253,2.307787170115922
0.31564245810055863,0.7281553398058253,2.306899218145889
0.3157639057566189,0.7281553398058253,2.306011949215833
0.31588535341267915,0.7281553398058253,2.3051253625379333
0.31600680106873935,0.7281553398058253,2.3042394573255827
0.3161282487247996,0.7281553398058253,2.303354232793379
0.31624969638085987,0.7281553398058253,2.3024696881571294
0.31637114403692007,0.7281553398058253,2.301585822633845
0.31649259169298033,0.7281553398058253,2.3007026354417364
0.3166140393490406,0.7281553398058253,2.2998201258002164
0.3167354870051008,0.7281553398058253,2.2989382929298947
0.31685693466116105,0.7281553398058253,2.2980571360525737
0.31697838231722125,0.7281553398058253,2.2971766543912513
0.3170998299732815,0.7281553398058253,2.296296847170113
0.31722127762934177,0.7281553398058253,2.2954177136145346
0.31734272528540197,0.7281553398058253,2.2945392529510773
0.31746417294146223,0.7281553398058253,2.2936614644074846
0.3175856205975225,0.7281553398058253,2.2927843472126823
0.3177070682535827,0.7281553398058253,2.291907900596776
0.31782851590964295,0.7281553398058253,2.291032123791045
0.3179499635657032,0.7281553398058253,2.2901570160279467
0.3180714112217634,0.7292340884573895,2.2926741062841334
0.31819285887782367,0.7292340884573895,2.291799039831353
0.3183143065338839,0.7292340884573895,2.290924641113371
0.31843575418994413,0.7292340884573895,2.290050909366188
0.3185572018460044,0.7292340884573895,2.289177843826971
0.3186786495020646,0.7303128371089536,2.2916905109585075
0.31880009715812485,0.7303128371089536,2.2908174860019517
0.3189215448141851,0.7303128371089536,2.2899451259539694
0.3190429924702453,0.7303128371089536,2.289073430055243
0.31916444012630557,0.7303128371089536,2.288202397547612
0.3192858877823658,0.7303128371089536,2.2873320276740676
0.31940733543842603,0.7303128371089536,2.2864623196787544
0.3195287830944863,0.7303128371089536,2.2855932728069646
0.3196502307505465,0.7303128371089536,2.2847248863051384
0.31977167840660675,0.7313915857605178,2.287230655963579
0.319893126062667,0.7313915857605178,2.2863623071951795
0.3200145737187272,0.7313915857605178,2.2854946175150297
0.32013602137478747,0.7313915857605178,2.2846275861730287
0.32025746903084773,0.7313915857605178,2.2837612124202136
0.32037891668690793,0.7313915857605178,2.282895495508758
0.3205003643429682,0.7313915857605178,2.282030434691968
0.3206218119990284,0.7313915857605178,2.281166029224282
0.32074325965508865,0.7313915857605178,2.280302278361266
0.3208647073111489,0.7313915857605178,2.279439181359615
0.3209861549672091,0.7313915857605178,2.2785767374771484
0.3211076026232694,0.7313915857605178,2.2777149459728077
0.32122905027932963,0.7313915857605178,2.276853806106655
0.32135049793538983,0.7313915857605178,2.2759933171398727
0.3214719455914501,0.7313915857605178,2.2751334783347574
0.32159339324751035,0.7313915857605178,2.2742742889547216
0.32171484090357055,0.7313915857605178,2.2734157482642896
0.3218362885596308,0.7313915857605178,2.2725578555290955
0.321957736215691,0.7313915857605178,2.2717006100158823
0.3220791838717513,0.7313915857605178,2.2708440109924974
0.32220063152781153,0.7313915857605178,2.269988057727894
0.32232207918387173,0.7313915857605178,2.2691327494921265
0.322443526839932,0.7313915857605178,2.268278085556348
0.32256497449599225,0.7313915857605178,2.26742406519281
0.32268642215205245,0.7313915857605178,2.2665706876748604
0.3228078698081127,0.7313915857605178,2.2657179522769386
0.3229293174641729,0.7313915857605178,2.2648658582745784
0.3230507651202332,0.7313915857605178,2.2640144049443998
0.32317221277629343,0.7313915857605178,2.2631635915641124
0.32329366043235364,0.732470334412082,2.2656501628659216
0.3234151080884139,0.732470334412082,2.264799374220459
0.32353655574447415,0.732470334412082,2.263949224305211
0.32365800340053436,0.732470334412082,2.263099712401157
0.3237794510565946,0.732470334412082,2.262250837790354
0.32390089871265487,0.732470334412082,2.2614025997559364
0.3240223463687151,0.732470334412082,2.260554997582115
0.32414379402477533,0.732470334412082,2.259708030554171
0.32426524168083554,0.732470334412082,2.258861697958458
0.3243866893368958,0.732470334412082,2.258015999082397
0.32450813699295605,0.732470334412082,2.257170933214477
0.32462958464901626,0.732470334412082,2.2563264996442514
0.3247510323050765,0.732470334412082,2.255482697662335
0.3248724799611368,0.732470334412082,2.2546395265604047
0.324993927617197,0.732470334412082,2.253796985631197
0.32511537527325723,0.732470334412082,2.252955074168503
0.32523682292931744,0.732470334412082,2.252113791467171
0.3253582705853777,0.732470334412082,2.2512731368230994
0.32547971824143795,0.732470334412082,2.25043310953324
0.32560116589749816,0.732470334412082,2.2495937088955924
0.3257226135535584,0.732470334412082,2.2487549342092032
0.3258440612096187,0.732470334412082,2.2479167847741643
0.3259655088656789,0.732470334412082,2.2470792598916107
0.32608695652173914,0.732470334412082,2.246242358863718
0.3262084041777994,0.7335490830636462,2.248713011893545
0.3263298518338596,0.7335490830636462,2.2478761257707713
0.32645129948991986,0.7335490830636462,2.2470398623311243
0.32657274714598006,0.7335490830636462,2.2462042208799047
0.3266941948020403,0.7335490830636462,2.2453692007234434
0.3268156424581006,0.7335490830636462,2.2445348011691055
0.3269370901141608,0.7335490830636462,2.2437010215252835
0.32705853777022104,0.7335490830636462,2.2428678611013972
0.3271799854262813,0.7335490830636462,2.2420353192078926
0.3273014330823415,0.7335490830636462,2.2412033951562385
0.32742288073840176,0.7335490830636462,2.2403720882589253
0.327544328394462,0.7335490830636462,2.239541397829463
0.3276657760505222,0.7346278317152104,2.2420035457164724
0.3277872237065825,0.7346278317152104,2.2411728663738577
0.3279086713626427,0.7346278317152104,2.240342802349275
0.32803011901870294,0.7346278317152104,2.23951335295929
0.3281515666747632,0.7346278317152104,2.2386845175214813
0.3282730143308234,0.7346278317152104,2.2378562953544368
0.32839446198688366,0.7346278317152104,2.2370286857777524
0.3285159096429439,0.7346278317152104,2.2362016881120304
0.3286373572990041,0.7346278317152104,2.2353753016788773
0.3287588049550644,0.7346278317152104,2.2345495258009023
0.3288802526111246,0.7346278317152104,2.2337243598017147
0.32900170026718484,0.7346278317152104,2.232899803005922
0.3291231479232451,0.7346278317152104,2.2320758547391297
0.3292445955793053,0.7346278317152104,2.231252514327939
0.32936604323536556,0.7346278317152104,2.230429781099942
0.3294874908914258,0.7346278317152104,2.2296076543837238
0.329608938547486,0.7346278317152104,2.2287861335088586
0.3297303862035463,0.7346278317152104,2.2279652178059086
0.32985183385960654,0.7357065803667745,2.230415310287195
0.32997328151566674,0.7357065803667745,2.229594399241819
0.330094729171727,0.7357065803667745,2.2287740922516632
0.3302161768277872,0.7357065803667745,2.227954388650247
0.33033762448384746,0.7357065803667745,2.2271352877720667
0.3304590721399077,0.7357065803667745,2.2263167889525985
0.3305805197959679,0.7357065803667745,2.225498891528296
0.3307019674520282,0.7357065803667745,2.2246815948365852
0.33082341510808844,0.7357065803667745,2.223864898215867
0.33094486276414864,0.7357065803667745,2.2230488010055125
0.3310663104202089,0.7357065803667745,2.2222333025458623
0.3311877580762691,0.7357065803667745,2.2214184021782257
0.33130920573232936,0.7357065803667745,2.2206040992448757
0.3314306533883896,0.7357065803667745,2.2197903930890512
0.3315521010444498,0.7357065803667745,2.218977283054953
0.3316735487005101,0.7357065803667745,2.2181647684877412
0.33179499635657034,0.7357065803667745,2.2173528487335363
0.33191644401263054,0.7357065803667745,2.216541523139415
0.3320378916686908,0.7357065803667745,2.215730791053409
0.33215933932475106,0.7357065803667745,2.214920651824505
0.33228078698081126,0.7357065803667745,2.2141111048026394
0.3324022346368715,0.7357065803667745,2.2133021493386997
0.3325236822929317,0.7357065803667745,2.212493784784522
0.332645129948992,0.7357065803667745,2.2116860104928886
0.33276657760505224,0.7357065803667745,2.210878825817526
0.33288802526111244,0.7357065803667745,2.2100722301131053
0.3330094729171727,0.7357065803667745,2.2092662227352373
0.33313092057323296,0.7357065803667745,2.208460803040474
0.33325236822929316,0.7367853290183387,2.210893002600948
0.3333738158853534,0.7367853290183387,2.2100875770990895
0.3334952635414137,0.7367853290183387,2.209282738214494
0.3336167111974739,0.7367853290183387,2.2084784853065167
0.33373815885353414,0.7367853290183387,2.207674817735444
0.33385960650959434,0.7367853290183387,2.2068717348624958
0.3339810541656546,0.7367853290183387,2.2060692360498186
0.33410250182171486,0.7367853290183387,2.205267320660487
0.33422394947777506,0.7367853290183387,2.2044659880585034
0.3343453971338353,0.7367853290183387,2.203665237608791
0.3344668447898956,0.7367853290183387,2.202865068677197
0.3345882924459558,0.7367853290183387,2.2020654806304902
0.33470974010201604,0.7367853290183387,2.201266472836357
0.33483118775807624,0.7367853290183387,2.2004680446634026
0.3349526354141365,0.7367853290183387,2.199670195481146
0.33507408307019676,0.7367853290183387,2.198872924660022
0.33519553072625696,0.7367853290183387,2.198076231571377
0.3353169783823172,0.7367853290183387,2.1972801155874686
0.3354384260383775,0.7367853290183387,2.196484576081463
0.3355598736944377,0.7378640776699029,2.1989043849200076
0.33568132135049794,0.7378640776699029,2.1981088334059264
0.3358027690065582,0.7378640776699029,2.1973138573359785
0.3359242166626184,0.7378640776699029,2.1965194560860377
0.33604566431867866,0.7389428263214671,2.1989357542215253
0.33616711197473886,0.7389428263214671,2.1981413410155204
0.3362885596307991,0.7389428263214671,2.1973475016002024
0.3364100072868594,0.7389428263214671,2.1965542353541374
0.3365314549429196,0.7389428263214671,2.1957615416567884
0.33665290259897984,0.7389428263214671,2.1949694198885137
0.3367743502550401,0.7389428263214671,2.194177869430566
0.3368957979111003,0.7389428263214671,2.1933868896650903
0.33701724556716056,0.7389428263214671,2.192596479975121
0.33713869322322076,0.7389428263214671,2.1918066397445823
0.337260140879281,0.7389428263214671,2.191017368358286
0.3373815885353413,0.7400215749730313,2.1934260793117133
0.3375030361914015,0.7400215749730313,2.1926367932090467
0.33762448384746174,0.7400215749730313,2.191848074938108
0.337745931503522,0.7411003236245954,2.1942538887899743
0.3378673791595822,0.7411003236245954,2.1934651562634504
0.33798882681564246,0.7411003236245954,2.1926769905587205
0.3381102744717027,0.7411003236245954,2.191889391064985
0.3382317221277629,0.7411003236245954,2.1911023571723227
0.3383531697838232,0.7411003236245954,2.1903158882716864
0.3384746174398834,0.7411003236245954,2.1895299837549045
0.33859606509594364,0.7411003236245954,2.188744643014677
0.3387175127520039,0.7411003236245954,2.1879598654445744
0.3388389604080641,0.7411003236245954,2.187175650439039
0.33896040806412436,0.7411003236245954,2.186391997393378
0.3390818557201846,0.7411003236245954,2.1856089057037673
0.3392033033762448,0.7411003236245954,2.1848263747672463
0.3393247510323051,0.7411003236245954,2.1840444039817175
0.33944619868836534,0.7411003236245954,2.183262992745946
0.33956764634442554,0.7411003236245954,2.1824821404595562
0.3396890940004858,0.7411003236245954,2.181701846523031
0.339810541656546,0.7411003236245954,2.1809221103377125
0.33993198931260626,0.7411003236245954,2.1801429313057947
0.3400534369686665,0.7411003236245954,2.179364308830328
0.3401748846247267,0.7411003236245954,2.1785862423152156
0.340296332280787,0.7411003236245954,2.1778087311652103
0.34041777993684724,0.7411003236245954,2.1770317747859145
0.34053922759290745,0.7411003236245954,2.17625537258378
0.3406606752489677,0.7411003236245954,2.175479523966103
0.3407821229050279,0.7411003236245954,2.1747042283410263
0.34090357056108817,0.7411003236245954,2.1739294851175344
0.3410250182171484,0.7421790722761596,2.1763185474080835
0.3411464658732086,0.7421790722761596,2.1755437811042717
0.3412679135292689,0.7421790722761596,2.1747695662355513
0.34138936118532914,0.7421790722761596,2.1739959022134108
0.34151080884138935,0.7421790722761596,2.1732227884501776
0.3416322564974496,0.7421790722761596,2.1724502243590114
0.34175370415350986,0.7421790722761596,2.1716782093539084
0.34187515180957007,0.7421790722761596,2.1709067428496978
0.3419965994656303,0.7421790722761596,2.170135824262038
0.3421180471216905,0.7421790722761596,2.1693654530074187
0.3422394947777508,0.7421790722761596,2.168595628503158
0.34236094243381104,0.7421790722761596,2.1678263501673993
0.34248239008987125,0.7421790722761596,2.167057617419113
0.3426038377459315,0.7421790722761596,2.166289429678092
0.34272528540199176,0.7421790722761596,2.165521786364953
0.34284673305805197,0.7421790722761596,2.164754686901133
0.3429681807141122,0.7421790722761596,2.1639881307088875
0.34308962837017243,0.7421790722761596,2.1632221172112915
0.3432110760262327,0.7421790722761596,2.162456645832236
0.34333252368229294,0.7421790722761596,2.161691715996427
0.34345397133835315,0.7421790722761596,2.1609273271293845
0.3435754189944134,0.7421790722761596,2.16016347865744
0.34369686665047366,0.7421790722761596,2.159400170007738
0.34381831430653387,0.7421790722761596,2.15863740060823
0.3439397619625941,0.7421790722761596,2.157875169887676
0.3440612096186544,0.7421790722761596,2.1571134772756437
0.3441826572747146,0.7421790722761596,2.1563523222025047
0.34430410493077485,0.7421790722761596,2.155591704099435
0.34442555258683505,0.7421790722761596,2.154831622398413
0.3445470002428953,0.7421790722761596,2.1540720765322168
0.34466844789895557,0.7421790722761596,2.153313065934425
0.34478989555501577,0.7421790722761596,2.152554590039415
0.344911343211076,0.7421790722761596,2.1517966482823585
0.3450327908671363,0.7421790722761596,2.151039240099225
0.3451542385231965,0.7421790722761596,2.1502823649267766
0.34527568617925675,0.7432578209277239,2.15265033328135
0.345397133835317,0.7432578209277239,2.1518934238814618
0.3455185814913772,0.7432578209277239,2.1511370465795707
0.34564002914743747,0.7443365695792881,2.1535022185227892
0.34576147680349767,0.7443365695792881,2.1527458074871295
0.3458829244595579,0.7443365695792881,2.151989927638995
0.3460043721156182,0.7443365695792881,2.1512345784190443
0.3461258197716784,0.7443365695792881,2.1504797592687224
0.34624726742773865,0.7443365695792881,2.1497254696302552
0.3463687150837989,0.7443365695792881,2.1489717089466542
0.3464901627398591,0.7443365695792881,2.1482184766617096
0.34661161039591937,0.7443365695792881,2.1474657722199924
0.34673305805197957,0.7443365695792881,2.1467135950668506
0.34685450570803983,0.7443365695792881,2.1459619446484095
0.3469759533641001,0.7443365695792881,2.1452108204115707
0.3470974010201603,0.7443365695792881,2.1444602218040094
0.34721884867622055,0.7443365695792881,2.143710148274172
0.3473402963322808,0.7443365695792881,2.142960599271279
0.347461743988341,0.7443365695792881,2.1422115742453194
0.34758319164440127,0.7454153182308522,2.144566642317553
0.3477046393004615,0.7464940668824164,2.1469200652147453
0.34782608695652173,0.7464940668824164,2.146170442286947
0.347947534612582,0.7475728155339806,2.148521662515461
0.3480689822686422,0.7475728155339806,2.147772003875365
0.34819042992470245,0.7475728155339806,2.1470228681921157
0.3483118775807627,0.7475728155339806,2.1462742549186875
0.3484333252368229,0.7475728155339806,2.145526163508817
0.34855477289288317,0.7475728155339806,2.1447785934170023
0.3486762205489434,0.7475728155339806,2.144031544098501
0.34879766820500363,0.7475728155339806,2.1432850150093303
0.3489191158610639,0.7475728155339806,2.1425390056062636
0.34904056351712415,0.7475728155339806,2.141793515346832
0.34916201117318435,0.7475728155339806,2.1410485436893203
0.3492834588292446,0.7475728155339806,2.140304090092766
0.3494049064853048,0.7475728155339806,2.139560154016961
0.34952635414136507,0.7475728155339806,2.138816734922445
0.34964780179742533,0.7475728155339806,2.1380738322705093
0.34976924945348553,0.7475728155339806,2.137331445523193
0.3498906971095458,0.7475728155339806,2.136589574143282
0.35001214476560605,0.7475728155339806,2.135848217594308
0.35013359242166625,0.7475728155339806,2.1351073753405467
0.3502550400777265,0.7475728155339806,2.1343670468470166
0.3503764877337867,0.7475728155339806,2.133627231579479
0.35049793538984697,0.7475728155339806,2.132887929004434
0.35061938304590723,0.7486515641855448,2.1352258328728007
0.35074083070196743,0.7486515641855448,2.1344864887478447
0.3508622783580277,0.7486515641855448,2.133747656456828
0.35098372601408795,0.7486515641855448,2.1330093354684343
0.35110517367014815,0.7486515641855448,2.1322715252520843
0.3512266213262084,0.7486515641855448,2.131534225277931
0.35134806898226867,0.7486515641855448,2.1307974350168597
0.35146951663832887,0.7486515641855448,2.1300611539404892
0.35159096429438913,0.7486515641855448,2.129325381521166
0.35171241195044933,0.7486515641855448,2.128590117231967
0.3518338596065096,0.7486515641855448,2.127855360546695
0.35195530726256985,0.7486515641855448,2.127121110939881
0.35207675491863005,0.7486515641855448,2.1263873678867804
0.3521982025746903,0.7486515641855448,2.1256541308633707
0.35231965023075057,0.7486515641855448,2.1249213993463547
0.3524410978868108,0.7486515641855448,2.1241891728131552
0.35256254554287103,0.7486515641855448,2.1234574507419137
0.35268399319893123,0.7486515641855448,2.1227262326114933
0.3528054408549915,0.7486515641855448,2.121995517901472
0.35292688851105175,0.7486515641855448,2.1212653060921456
0.35304833616711195,0.7486515641855448,2.1205355966645256
0.3531697838231722,0.7486515641855448,2.1198063891003356
0.35329123147923247,0.7486515641855448,2.119077682882013
0.3534126791352927,0.7486515641855448,2.1183494774927065
0.35353412679135293,0.7486515641855448,2.1176217724162747
0.3536555744474132,0.7486515641855448,2.1168945671372854
0.3537770221034734,0.7486515641855448,2.116167861141015
0.35389846975953365,0.7486515641855448,2.115441653913444
0.35401991741559385,0.7486515641855448,2.114715944941261
0.3541413650716541,0.7486515641855448,2.1139907337118573
0.35426281272771437,0.7486515641855448,2.1132660197133273
0.3543842603837746,0.7486515641855448,2.1125418024344675
0.35450570803983483,0.7486515641855448,2.111818081364774
0.3546271556958951,0.7486515641855448,2.111094855994444
0.3547486033519553,0.7486515641855448,2.1103721258143704
0.35487005100801555,0.7486515641855448,2.109649890316145
0.3549914986640758,0.7486515641855448,2.1089281489920544
0.355112946320136,0.7486515641855448,2.108206901335081
0.35523439397619627,0.7486515641855448,2.1074861468388977
0.3553558416322565,0.7486515641855448,2.106765884997873
0.35547728928831673,0.7486515641855448,2.106046115307064
0.355598736944377,0.7486515641855448,2.1053268372622185
0.3557201846004372,0.7486515641855448,2.1046080503597735
0.35584163225649745,0.7486515641855448,2.1038897540968517
0.3559630799125577,0.7486515641855448,2.1031719479712643
0.3560845275686179,0.7486515641855448,2.102454631481506
0.3562059752246782,0.7486515641855448,2.1017378041267563
0.3563274228807384,0.7486515641855448,2.101021465406877
0.35644887053679863,0.7486515641855448,2.100305614822411
0.3565703181928589,0.7486515641855448,2.099590251874583
0.3566917658489191,0.7486515641855448,2.0988753760652967
0.35681321350497935,0.7486515641855448,2.0981609868971325
0.3569346611610396,0.7486515641855448,2.09744708387335
0.3570561088170998,0.7486515641855448,2.096733666497883
0.3571775564731601,0.7486515641855448,2.0960207342753403
0.35729900412922033,0.7486515641855448,2.0953082867110044
0.35742045178528054,0.7486515641855448,2.094596323310831
0.3575418994413408,0.7486515641855448,2.0938848435814457
0.357663347097401,0.7486515641855448,2.093173847030145
0.35778479475346125,0.7486515641855448,2.0924633331648934
0.3579062424095215,0.7486515641855448,2.091753301494325
0.3580276900655817,0.7486515641855448,2.0910437515277396
0.358149137721642,0.7486515641855448,2.090334682775102
0.35827058537770223,0.7486515641855448,2.0896260947470426
0.35839203303376244,0.7486515641855448,2.0889179869548546
0.3585134806898227,0.7486515641855448,2.088210358910493
0.3586349283458829,0.7486515641855448,2.087503210126575
0.35875637600194316,0.7486515641855448,2.0867965401163766
0.3588778236580034,0.7486515641855448,2.086090348393833
0.3589992713140636,0.7486515641855448,2.085384634473537
0.3591207189701239,0.7486515641855448,2.0846793978707394
0.35924216662618413,0.7486515641855448,2.083974638101344
0.35936361428224434,0.7486515641855448,2.0832703546819116
0.3594850619383046,0.7486515641855448,2.082566547129654
0.35960650959436485,0.7486515641855448,2.081863214962437
0.35972795725042506,0.749730312837109,2.0841591478395527
0.3598494049064853,0.749730312837109,2.0834557529195936
0.3599708525625455,0.7508090614886731,2.085749599290734
0.3600923002186058,0.7508090614886731,2.0850461424275664
0.36021374787466603,0.7508090614886731,2.084343159911576
0.36033519553072624,0.7508090614886731,2.0836406512631394
0.3604566431867865,0.7508090614886731,2.08293861600328
0.36057809084284675,0.7508090614886731,2.082237053653666
0.36069953849890696,0.7508090614886731,2.081535963736611
0.3608209861549672,0.7508090614886731,2.0808353457750703
0.3609424338110275,0.7508090614886731,2.0801351992926427
0.3610638814670877,0.7508090614886731,2.079435523813567
0.36118532912314794,0.7508090614886731,2.0787363188627217
0.36130677677920814,0.7508090614886731,2.0780375839656253
0.3614282244352684,0.7508090614886731,2.0773393186484324
0.36154967209132866,0.7508090614886731,2.0766415224379355
0.36167111974738886,0.7508090614886731,2.075944194861563
0.3617925674034491,0.7508090614886731,2.0752473354473766
0.3619140150595094,0.7518878101402373,2.0775316203673535
0.3620354627155696,0.7518878101402373,2.076834695972732
0.36215691037162984,0.7518878101402373,2.076138238998898
0.36227835802769004,0.7518878101402373,2.0754422489757673
0.3623998056837503,0.7529665587918015,2.077723406532069
0.36252125333981056,0.7540453074433657,2.0800030356745975
0.36264270099587076,0.7540453074433657,2.07930645059902
0.362764148651931,0.7540453074433657,2.0786103319346076
0.3628855963079913,0.7540453074433657,2.0779146792130767
0.3630070439640515,0.7540453074433657,2.0772194919667695
0.36312849162011174,0.7540453074433657,2.0765247697286533
0.363249939276172,0.7540453074433657,2.0758305120323213
0.3633713869322322,0.7540453074433657,2.07513671841199
0.36349283458829246,0.7551240560949298,2.077411118571885
0.36361428224435266,0.7551240560949298,2.07671726048285
0.3637357299004129,0.7551240560949298,2.0760238657381143
0.3638571775564732,0.7551240560949298,2.075330933873716
0.3639786252125334,0.7551240560949298,2.0746384644263105
0.36410007286859364,0.7551240560949298,2.073946456933173
0.3642215205246539,0.7551240560949298,2.0732549109321945
0.3643429681807141,0.7551240560949298,2.072563825961884
0.36446441583677436,0.756202804746494,2.074833020420737
0.36458586349283456,0.756202804746494,2.074141870180757
0.3647073111488948,0.756202804746494,2.0734511802472966
0.3648287588049551,0.756202804746494,2.072760950160663
0.3649502064610153,0.756202804746494,2.0720711794617745
0.36507165411707554,0.756202804746494,2.0713818676921596
0.3651931017731358,0.756202804746494,2.070693014393958
0.365314549429196,0.756202804746494,2.0700046191099175
0.36543599708525626,0.756202804746494,2.069316681383394
0.3655574447413165,0.756202804746494,2.0686292007583496
0.3656788923973767,0.756202804746494,2.067942176779353
0.365800340053437,0.756202804746494,2.0672556089915775
0.3659217877094972,0.756202804746494,2.066569496940801
0.36604323536555744,0.756202804746494,2.0658838401734014
0.3661646830216177,0.756202804746494,2.065198638236362
0.3662861306776779,0.756202804746494,2.0645138906772655
0.36640757833373816,0.756202804746494,2.063829597044293
0.3665290259897984,0.756202804746494,2.0631457568862266
0.3666504736458586,0.756202804746494,2.062462369752445
0.3667719213019189,0.756202804746494,2.0617794351929244
0.36689336895797914,0.756202804746494,2.0610969527582363
0.36701481661403934,0.756202804746494,2.060414921999547
0.3671362642700996,0.756202804746494,2.059733342468618
0.3672577119261598,0.756202804746494,2.0590522137178016
0.36737915958222006,0.756202804746494,2.0583715353000436
0.3675006072382803,0.756202804746494,2.0576913067688802
0.3676220548943405,0.7572815533980582,2.059945923580975
0.3677435025504008,0.7572815533980582,2.0592656243988148
0.36786495020646104,0.7572815533980582,2.0585857744072666
0.36798639786252124,0.7572815533980582,2.057906373161588
0.3681078455185815,0.7572815533980582,2.0572274202176217
0.3682292931746417,0.7572815533980582,2.056548915131798
0.36835074083070196,0.7572815533980582,2.0558708574611315
0.3684721884867622,0.7572815533980582,2.0551932467632206
0.3685936361428224,0.7572815533980582,2.0545160825962476
0.3687150837988827,0.7572815533980582,2.0538393645189763
0.36883653145494294,0.7572815533980582,2.053163092090751
0.36895797911100314,0.7572815533980582,2.0524872648714982
0.3690794267670634,0.7572815533980582,2.0518118824217213
0.36920087442312366,0.7572815533980582,2.051136944302504
0.36932232207918386,0.7572815533980582,2.0504624500755053
0.3694437697352441,0.7572815533980582,2.049788399302962
0.3695652173913043,0.7572815533980582,2.0491147915476873
0.3696866650473646,0.7572815533980582,2.048441626373066
0.36980811270342484,0.7572815533980582,2.0477689033430577
0.36992956035948504,0.7572815533980582,2.047096622022197
0.3700510080155453,0.7572815533980582,2.0464247819755865
0.37017245567160556,0.7572815533980582,2.0457533827689014
0.37029390332766576,0.7583603020496225,2.047995646794553
0.370415350983726,0.7583603020496225,2.0473241728119973
0.3705367986397862,0.7583603020496225,2.046653138995933
0.3706582462958465,0.7583603020496225,2.0459825449136932
0.37077969395190674,0.7583603020496225,2.045312390133178
0.37090114160796694,0.7583603020496225,2.0446426742228527
0.3710225892640272,0.7583603020496225,2.0439733967517486
0.37114403692008746,0.7583603020496225,2.0433045572894604
0.37126548457614766,0.7583603020496225,2.042636155406147
0.3713869322322079,0.7583603020496225,2.041968190672528
0.3715083798882682,0.7583603020496225,2.0413006626598857
0.3716298275443284,0.7583603020496225,2.0406335709400625
0.37175127520038864,0.7583603020496225,2.0399669150854596
0.37187272285644885,0.7583603020496225,2.0393006946690373
0.3719941705125091,0.7594390507011867,2.0415348166743623
0.37211561816856936,0.7594390507011867,2.0408685194104343
0.37223706582462956,0.7594390507011867,2.0402026569244933
0.3723585134806898,0.7594390507011867,2.039537228791119
0.3724799611367501,0.7594390507011867,2.0388722345854484
0.3726014087928103,0.7594390507011867,2.038207673883172
0.37272285644887054,0.7594390507011867,2.0375435462605314
0.3728443041049308,0.7594390507011867,2.0368798512943225
0.372965751760991,0.7594390507011867,2.036216588561892
0.37308719941705126,0.7594390507011867,2.035553757641136
0.37320864707311147,0.7594390507011867,2.0348913581105017
0.3733300947291717,0.7594390507011867,2.0342293895489822
0.373451542385232,0.7594390507011867,2.0335678515361204
0.3735729900412922,0.7594390507011867,2.0329067436520063
0.37369443769735244,0.7594390507011867,2.0322460654772736
0.3738158853534127,0.7594390507011867,2.0315858165931027
0.3739373330094729,0.7594390507011867,2.0309259965812183
0.37405878066553316,0.7594390507011867,2.0302666050238867
0.37418022832159337,0.7594390507011867,2.029607641503918
0.3743016759776536,0.7594390507011867,2.028949105604663
0.3744231236337139,0.7594390507011867,2.0282909969100134
0.3745445712897741,0.7594390507011867,2.0276333150044006
0.37466601894583434,0.7594390507011867,2.0269760594727946
0.3747874666018946,0.7594390507011867,2.0263192299007033
0.3749089142579548,0.7594390507011867,2.0256628258741727
0.37503036191401506,0.7594390507011867,2.0250068469797835
0.3751518095700753,0.7594390507011867,2.0243512928046523
0.3752732572261355,0.7594390507011867,2.0236961629364307
0.3753947048821958,0.7594390507011867,2.0230414569633033
0.375516152538256,0.7594390507011867,2.0223871744739883
0.37563760019431625,0.7594390507011867,2.021733315057734
0.3757590478503765,0.7594390507011867,2.0210798783043216
0.3758804955064367,0.7594390507011867,2.0204268638040617
0.37600194316249697,0.7594390507011867,2.0197742711477944
0.3761233908185572,0.7594390507011867,2.0191220999268875
0.3762448384746174,0.7594390507011867,2.018470349733238
0.3763662861306777,0.7594390507011867,2.017819020159268
0.37648773378673794,0.7594390507011867,2.017168110797926
0.37660918144279815,0.7594390507011867,2.0165176212426865
0.3767306290988584,0.7594390507011867,2.0158675510875472
0.3768520767549186,0.7594390507011867,2.015217899927029
0.37697352441097887,0.7594390507011867,2.0145686673561762
0.3770949720670391,0.7594390507011867,2.013919852970554
0.3772164197230993,0.7594390507011867,2.0132714563662497
0.3773378673791596,0.7594390507011867,2.0126234771398686
0.37745931503521984,0.7594390507011867,2.011975914888536
0.37758076269128005,0.7605177993527508,2.0141857703025248
0.3777022103473403,0.7605177993527508,2.013538122144871
0.3778236580034005,0.7605177993527508,2.012890890347332
0.37794510565946077,0.7605177993527508,2.0122440745085313
0.378066553315521,0.7605177993527508,2.01159767422761
0.37818800097158123,0.7605177993527508,2.010951689104223
0.3783094486276415,0.7605177993527508,2.0103061187385394
0.37843089628370175,0.7605177993527508,2.0096609627312416
0.37855234393976195,0.7605177993527508,2.009016220683526
0.3786737915958222,0.7605177993527508,2.0083718921970974
0.37879523925188247,0.761596548004315,2.0105758179761235
0.37891668690794267,0.761596548004315,2.0099314026498494
0.3790381345640029,0.761596548004315,2.009287400277965
0.37915958222006313,0.761596548004315,2.0086438104636546
0.3792810298761234,0.761596548004315,2.0080006328106084
0.37940247753218365,0.761596548004315,2.0073578669230248
0.37952392518824385,0.761596548004315,2.0067155124056097
0.3796453728443041,0.761596548004315,2.006073568863573
0.37976682050036437,0.761596548004315,2.005432035902632
0.37988826815642457,0.761596548004315,2.0047909131290056
0.3800097158124848,0.761596548004315,2.004150200149418
0.38013116346854503,0.761596548004315,2.003509896571096
0.3802526111246053,0.761596548004315,2.002870002001766
0.38037405878066555,0.761596548004315,2.002230516049658
0.38049550643672575,0.761596548004315,2.0015914383235014
0.380616954092786,0.761596548004315,2.0009527684325237
0.38073840174884627,0.761596548004315,2.0003145059864527
0.38085984940490647,0.761596548004315,1.9996766505955132
0.38098129706096673,0.761596548004315,1.999039201870427
0.381102744717027,0.761596548004315,1.9984021594224122
0.3812241923730872,0.761596548004315,1.9977655228631825
0.38134564002914745,0.761596548004315,1.9971292918049457
0.38146708768520765,0.761596548004315,1.9964934658604043
0.3815885353412679,0.761596548004315,1.995858044642753
0.38170998299732817,0.761596548004315,1.995223027765679
0.38183143065338837,0.761596548004315,1.994588414843362
0.38195287830944863,0.761596548004315,1.9939542054904704
0.3820743259655089,0.761596548004315,1.9933203993221644
0.3821957736215691,0.761596548004315,1.9926869959540927
0.38231722127762935,0.761596548004315,1.9920539950023919
0.3824386689336896,0.761596548004315,1.9914213960836866
0.3825601165897498,0.761596548004315,1.9907891988150888
0.38268156424581007,0.761596548004315,1.9901574028141953
0.38280301190187027,0.761596548004315,1.9895260076990895
0.38292445955793053,0.761596548004315,1.988895013088338
0.3830459072139908,0.761596548004315,1.9882644186009921
0.383167354870051,0.7626752966558792,1.990449569782729
0.38328880252611125,0.7637540453074434,1.9926333362045274
0.3834102501821715,0.7637540453074434,1.992002156813902
0.3835316978382317,0.7637540453074434,1.9913713771568997
0.38365314549429197,0.7637540453074434,1.9907409968539058
0.3837745931503522,0.7648327939590076,1.9929219067906547
0.38389604080641243,0.7648327939590076,1.992291434817611
0.3840174884624727,0.7648327939590076,1.9916613616250691
0.3841389361185329,0.7648327939590076,1.9910316868347988
0.38426038377459315,0.7648327939590076,1.9904024100690483
0.3843818314306534,0.7648327939590076,1.9897735309505429
0.3845032790867136,0.7648327939590076,1.9891450491024854
0.38462472674277387,0.7648327939590076,1.9885169641485534
0.38474617439883413,0.7648327939590076,1.9878892757129003
0.38486762205489433,0.7648327939590076,1.9872619834201541
0.3849890697109546,0.7659115426105717,1.9894371109954092
0.3851105173670148,0.7659115426105717,1.98880972622373
0.38523196502307505,0.7659115426105717,1.9881827370288296
0.3853534126791353,0.7659115426105717,1.9875561430366995
0.3854748603351955,0.7659115426105717,1.986929943873802
0.38559630799125577,0.7659115426105717,1.98630413916707
0.38571775564731603,0.7659115426105717,1.9856787285439066
0.38583920330337623,0.7659115426105717,1.9850537116321838
0.3859606509594365,0.7659115426105717,1.9844290880602415
0.3860820986154967,0.7659115426105717,1.9838048574568883
0.38620354627155695,0.7659115426105717,1.9831810194513986
0.3863249939276172,0.7659115426105717,1.9825575736735137
0.3864464415836774,0.7659115426105717,1.9819345197534406
0.38656788923973767,0.7659115426105717,1.9813118573218496
0.38668933689579793,0.7659115426105717,1.9806895860098765
0.38681078455185813,0.7659115426105717,1.9800677054491203
0.3869322322079184,0.7659115426105717,1.9794462152716408
0.38705367986397865,0.7659115426105717,1.9788251151099614
0.38717512752003885,0.7659115426105717,1.9782044045970664
0.3872965751760991,0.7659115426105717,1.9775840833663993
0.3874180228321593,0.7659115426105717,1.9769641510518645
0.3875394704882196,0.7669902912621359,1.9791281912417509
0.38766091814427983,0.7680690399137001,1.9812908755167313
0.38778236580034003,0.7691477885652643,1.9834522051507633
0.3879038134564003,0.7691477885652643,1.9828312119744478
0.38802526111246055,0.7691477885652643,1.9822106075262556
0.38814670876852075,0.7691477885652643,1.9815903914412976
0.388268156424581,0.7691477885652643,1.980970563355141
0.38838960408064127,0.7691477885652643,1.9803511229038104
0.3885110517367015,0.7691477885652643,1.9797320697237846
0.38863249939276173,0.7691477885652643,1.9791134034519957
0.38875394704882194,0.7691477885652643,1.9784951237258315
0.3888753947048822,0.7691477885652643,1.9778772301831313
0.38899684236094245,0.7691477885652643,1.9772597224621875
0.38911829001700265,0.7691477885652643,1.9766426002017436
0.3892397376730629,0.7691477885652643,1.9760258630409941
0.38936118532912317,0.7691477885652643,1.975409510619584
0.3894826329851834,0.7691477885652643,1.9747935425776073
0.38960408064124363,0.7691477885652643,1.9741779585556067
0.38972552829730384,0.7691477885652643,1.9735627581945736
0.3898469759533641,0.7702265372168284,1.9757150490477773
0.38996842360942435,0.7702265372168284,1.9750997531745142
0.39008987126548456,0.7702265372168284,1.97448484042446
0.3902113189215448,0.7702265372168284,1.9738703104398896
0.3903327665776051,0.7702265372168284,1.9732561628635237
0.3904542142336653,0.7702265372168284,1.9726423973385274
0.39057566188972553,0.7702265372168284,1.972029013508509
0.3906971095457858,0.7702265372168284,1.971416011017521
0.390818557201846,0.7702265372168284,1.9708033895100576
0.39094000485790625,0.7702265372168284,1.9701911486310548
0.39106145251396646,0.7702265372168284,1.96957928802589
0.3911829001700267,0.7702265372168284,1.9689678073403805
0.391304347826087,0.7702265372168284,1.9683567062207836
0.3914257954821472,0.7702265372168284,1.9677459843137963
0.39154724313820743,0.7702265372168284,1.9671356412665526
0.3916686907942677,0.7702265372168284,1.9665256767266248
0.3917901384503279,0.7702265372168284,1.9659160903420227
0.39191158610638815,0.7702265372168284,1.9653068817611916
0.39203303376244836,0.7702265372168284,1.964698050633013
0.3921544814185086,0.7702265372168284,1.9640895966068026
0.3922759290745689,0.7702265372168284,1.9634815193323112
0.3923973767306291,0.7702265372168284,1.9628738184597232
0.39251882438668934,0.7702265372168284,1.9622664936396552
0.3926402720427496,0.7702265372168284,1.9616595445231566
0.3927617196988098,0.7702265372168284,1.9610529707617086
0.39288316735487006,0.7702265372168284,1.9604467720072227
0.3930046150109303,0.7702265372168284,1.959840947912041
0.3931260626669905,0.7702265372168284,1.959235498128936
0.3932475103230508,0.7702265372168284,1.9586304223111073
0.393368957979111,0.7702265372168284,1.9580257201121845
0.39349040563517124,0.7702265372168284,1.957421391186224
0.3936118532912315,0.7702265372168284,1.956817435187709
0.3937333009472917,0.7702265372168284,1.9562138517715502
0.39385474860335196,0.7702265372168284,1.9556106405930822
0.3939761962594122,0.7702265372168284,1.9550078013080656
0.3940976439154724,0.7702265372168284,1.9544053335726859
0.3942190915715327,0.7702265372168284,1.9538032370435505
0.39434053922759293,0.7702265372168284,1.9532015113776917
0.39446198688365314,0.7702265372168284,1.9526001562325632
0.3945834345397134,0.7702265372168284,1.9519991712660403
0.3947048821957736,0.7702265372168284,1.9513985561364202
0.39482632985183386,0.7702265372168284,1.9507983105024194
0.3949477775078941,0.7702265372168284,1.950198434023175
0.3950692251639543,0.7702265372168284,1.9495989263582434
0.3951906728200146,0.7702265372168284,1.9489997871675984
0.39531212047607484,0.7702265372168284,1.9484010161116327
0.39543356813213504,0.7702265372168284,1.9478026128511565
0.3955550157881953,0.7702265372168284,1.947204577047395
0.3956764634442555,0.7713052858683926,1.9493332485697807
0.39579791110031576,0.7713052858683926,1.9487351101075008
0.395919358756376,0.7713052858683926,1.9481373386013328
0.3960408064124362,0.7713052858683926,1.9475399337136907
0.3961622540684965,0.7713052858683926,1.946942895107402
0.39628370172455674,0.7713052858683926,1.9463462224457078
0.39640514938061694,0.7713052858683926,1.9457499153922626
0.3965265970366772,0.7713052858683926,1.9451539736111316
0.39664804469273746,0.7713052858683926,1.9445583967667925
0.39676949234879766,0.7713052858683926,1.9439631845241339
0.3968909400048579,0.7713052858683926,1.943368336548453
0.3970123876609181,0.7713052858683926,1.942773852505459
0.3971338353169784,0.7723840345199569,1.944896067350864
0.39725528297303864,0.7723840345199569,1.9443014797423799
0.39737673062909884,0.7723840345199569,1.9437072555737547
0.3974981782851591,0.7723840345199569,1.9431133945118622
0.39761962594121936,0.7723840345199569,1.9425198962239842
0.39774107359727956,0.7723840345199569,1.9419267603778092
0.3978625212533398,0.7723840345199569,1.94133398664143
0.3979839689094,0.7723840345199569,1.940741574683346
0.3981054165654603,0.7723840345199569,1.9401495241724602
0.39822686422152054,0.7723840345199569,1.93955783477808
0.39834831187758074,0.7723840345199569,1.9389665061699162
0.398469759533641,0.7723840345199569,1.9383755380180814
0.39859120718970126,0.7723840345199569,1.937784929993091
0.39871265484576146,0.7723840345199569,1.937194681765862
0.3988341025018217,0.7723840345199569,1.9366047930077115
0.398955550157882,0.7723840345199569,1.9360152633903576
0.3990769978139422,0.7723840345199569,1.9354260925859175
0.39919844547000244,0.7723840345199569,1.9348372802669074
0.39931989312606264,0.7723840345199569,1.9342488261062425
0.3994413407821229,0.7723840345199569,1.9336607297772346
0.39956278843818316,0.7723840345199569,1.933072990953594
0.39968423609424336,0.7723840345199569,1.9324856093094271
0.3998056837503036,0.7723840345199569,1.931898584519236
0.3999271314063639,0.7723840345199569,1.9313119162579182
0.4000485790624241,0.7723840345199569,1.9307256042007666
0.40017002671848434,0.7734627831715211,1.9328353737888633
0.4002914743745446,0.7734627831715211,1.9322489552895339
0.4004129220306048,0.7734627831715211,1.9316628925187458
0.40053436968666506,0.7734627831715211,1.931077185152912
0.40065581734272526,0.7734627831715211,1.9304918328688405
0.4007772649987855,0.7734627831715211,1.9299068353437285
0.4008987126548458,0.7745415318230853,1.9320130181857873
0.401020160310906,0.7745415318230853,1.9314279143038415
0.40114160796696624,0.7745415318230853,1.93084316470823
0.4012630556230265,0.7745415318230853,1.930258769077265
0.4013845032790867,0.7745415318230853,1.9296747270896473
0.40150595093514696,0.7756202804746494,1.9317777947453911
0.40162739859120716,0.7756202804746494,1.9311936466369106
0.4017488462472674,0.7756202804746494,1.9306098517014096
0.4018702939033277,0.7756202804746494,1.9300264096186952
0.4019917415593879,0.7756202804746494,1.9294433200689618
0.40211318921544814,0.7756202804746494,1.9288605827327885
0.4022346368715084,0.7756202804746494,1.928278197291142
0.4023560845275686,0.7756202804746494,1.9276961634253738
0.40247753218362886,0.7756202804746494,1.9271144808172187
0.4025989798396891,0.7756202804746494,1.9265331491487971
0.4027204274957493,0.7756202804746494,1.9259521681026126
0.4028418751518096,0.7756202804746494,1.9253715373615503
0.4029633228078698,0.7756202804746494,1.9247912566088798
0.40308477046393004,0.7756202804746494,1.9242113255282505
0.4032062181199903,0.7756202804746494,1.9236317438036936
0.4033276657760505,0.7756202804746494,1.9230525111196215
0.40344911343211076,0.7756202804746494,1.9224736271608256
0.403570561088171,0.7756202804746494,1.9218950916124775
0.4036920087442312,0.7756202804746494,1.9213169041601272
0.4038134564002915,0.7756202804746494,1.920739064489703
0.40393490405635174,0.7766990291262136,1.9228321725271325
0.40405635171241194,0.7766990291262136,1.9222542247746446
0.4041777993684722,0.7766990291262136,1.921676624346527
0.4042992470245324,0.7766990291262136,1.9210993709297817
0.40442069468059266,0.7766990291262136,1.9205224642117846
0.4045421423366529,0.7766990291262136,1.9199459038802889
0.4046635899927131,0.7766990291262136,1.9193696896234222
0.4047850376487734,0.7766990291262136,1.9187938211296858
0.40490648530483364,0.7766990291262136,1.9182182980879552
0.40502793296089384,0.7766990291262136,1.917643120187479
0.4051493806169541,0.7766990291262136,1.9170682871178784
0.4052708282730143,0.7766990291262136,1.9164937985691468
0.40539227592907456,0.7766990291262136,1.9159196542316486
0.4055137235851348,0.7766990291262136,1.9153458537961192
0.405635171241195,0.7766990291262136,1.9147723969536656
0.4057566188972553,0.7766990291262136,1.9141992833957626
0.40587806655331554,0.7777777777777778,1.9162843274153867
0.40599951420937574,0.7777777777777778,1.915711104463722
0.406120961865436,0.7777777777777778,1.9151382243487507
0.40624240952149626,0.7777777777777778,1.914565686762996
0.40636385717755646,0.7777777777777778,1.9139934913993493
0.4064853048336167,0.7777777777777778,1.9134216379510673
0.4066067524896769,0.7777777777777778,1.912850126111775
0.4067282001457372,0.7777777777777778,1.912278955575462
0.40684964780179744,0.7777777777777778,1.911708126036484
0.40697109545785765,0.7777777777777778,1.911137637189562
0.4070925431139179,0.7777777777777778,1.9105674887297799
0.40721399076997816,0.7777777777777778,1.9099976803525864
0.40733543842603837,0.7777777777777778,1.9094282117537933
0.4074568860820986,0.778856526429342,1.9115065986942479
0.4075783337381588,0.778856526429342,1.9109370198507754
0.4076997813942191,0.778856526429342,1.910367780345309
0.40782122905027934,0.7799352750809061,1.912444030677838
0.40794267670633955,0.7799352750809061,1.9118746814576306
0.4080641243623998,0.7799352750809061,1.911305671135768
0.40818557201846006,0.7799352750809061,1.9107369994097532
0.40830701967452027,0.7799352750809061,1.9101686659774482
0.4084284673305805,0.7799352750809061,1.9096006705370743
0.4085499149866408,0.7799352750809061,1.9090330127872117
0.408671362642701,0.7799352750809061,1.9084656924267998
0.40879281029876124,0.7799352750809061,1.9078987091551338
0.40891425795482145,0.7799352750809061,1.9073320626718684
0.4090357056108817,0.7799352750809061,1.9067657526770134
0.40915715326694196,0.7799352750809061,1.906199778870935
0.40927860092300217,0.7799352750809061,1.9056341409543565
0.4094000485790624,0.7799352750809061,1.9050688386283539
0.4095214962351227,0.7810140237324703,1.907138040158114
0.4096429438911829,0.7810140237324703,1.9065726271607355
0.40976439154724315,0.7810140237324703,1.906007549322217
0.4098858392033034,0.7810140237324703,1.90544280634464
0.4100072868593636,0.7810140237324703,1.9048783979304387
0.41012873451542387,0.7810140237324703,1.9043143237823987
0.41025018217148407,0.7810140237324703,1.9037505836036592
0.4103716298275443,0.7810140237324703,1.9031871770977096
0.4104930774836046,0.7810140237324703,1.9026241039683907
0.4106145251396648,0.7810140237324703,1.9020613639198938
0.41073597279572505,0.7810140237324703,1.9014989566567595
0.4108574204517853,0.7810140237324703,1.9009368818838783
0.4109788681078455,0.7810140237324703,1.9003751393064896
0.41110031576390577,0.7810140237324703,1.8998137286301804
0.41122176341996597,0.7810140237324703,1.8992526495608864
0.4113432110760262,0.7810140237324703,1.8986919018048896
0.4114646587320865,0.7810140237324703,1.8981314850688193
0.4115861063881467,0.7810140237324703,1.897571399059652
0.41170755404420695,0.7810140237324703,1.8970116434847082
0.4118290017002672,0.7810140237324703,1.8964522180516545
0.4119504493563274,0.7810140237324703,1.8958931224685025
0.41207189701238767,0.7810140237324703,1.8953343564436076
0.4121933446684479,0.7810140237324703,1.8947759196856688
0.41231479232450813,0.7810140237324703,1.8942178119037292
0.4124362399805684,0.7810140237324703,1.8936600328071733
0.4125576876366286,0.7810140237324703,1.8931025821057288
0.41267913529268885,0.7810140237324703,1.8925454595094646
0.4128005829487491,0.7810140237324703,1.891988664728791
0.4129220306048093,0.7810140237324703,1.891432197474459
0.41304347826086957,0.7810140237324703,1.8908760574575596
0.4131649259169298,0.7810140237324703,1.890320244389524
0.41328637357299003,0.7810140237324703,1.889764757982122
0.4134078212290503,0.7810140237324703,1.889209597947462
0.4135292688851105,0.7810140237324703,1.8886547639979914
0.41365071654117075,0.7810140237324703,1.8881002558464945
0.413772164197231,0.7810140237324703,1.8875460732060934
0.4138936118532912,0.7810140237324703,1.8869922157902468
0.41401505950935147,0.7810140237324703,1.8864386833127487
0.4141365071654117,0.7810140237324703,1.8858854754877303
0.41425795482147193,0.7810140237324703,1.8853325920296573
0.4143794024775322,0.7810140237324703,1.8847800326533295
0.41450085013359245,0.7810140237324703,1.8842277970738823
0.41462229778965265,0.7810140237324703,1.883675885006784
0.4147437454457129,0.7810140237324703,1.883124296167836
0.4148651931017731,0.7810140237324703,1.8825730302731736
0.41498664075783337,0.7810140237324703,1.8820220870392628
0.41510808841389363,0.7810140237324703,1.8814714661829024
0.41522953606995383,0.7810140237324703,1.8809211674212227
0.4153509837260141,0.7810140237324703,1.8803711904716844
0.41547243138207435,0.7810140237324703,1.8798215350520784
0.41559387903813455,0.7820927723840345,1.8818678807159965
0.4157153266941948,0.7820927723840345,1.8813181092054163
0.41583677435025507,0.7820927723840345,1.8807686588230548
0.41595822200631527,0.7820927723840345,1.8802195292876323
0.41607966966237553,0.7820927723840345,1.8796707203181962
0.41620111731843573,0.7820927723840345,1.8791222316341234
0.416322564974496,0.7820927723840345,1.8785740629551169
0.41644401263055625,0.7820927723840345,1.8780262140012074
0.41656546028661645,0.7820927723840345,1.8774786844927522
0.4166869079426767,0.7820927723840345,1.8769314741504344
0.41680835559873697,0.7820927723840345,1.876384582695262
0.41692980325479717,0.7820927723840345,1.8758380098485699
0.41705125091085743,0.7820927723840345,1.8752917553320152
0.41717269856691763,0.7820927723840345,1.874745818867581
0.4172941462229779,0.7831715210355987,1.8767853039019557
0.41741559387903815,0.7831715210355987,1.8762392505694268
0.41753704153509835,0.7831715210355987,1.8756935148944502
0.4176584891911586,0.7831715210355987,1.8751480965999185
0.41777993684721887,0.7831715210355987,1.8746029954090464
0.41790138450327907,0.7831715210355987,1.8740582110453705
0.41802283215933933,0.7831715210355987,1.8735137432327484
0.4181442798153996,0.7831715210355987,1.8729695916953586
0.4182657274714598,0.7831715210355987,1.8724257561577005
0.41838717512752005,0.7831715210355987,1.8718822363445922
0.41850862278358025,0.7831715210355987,1.8713390319811725
0.4186300704396405,0.7831715210355987,1.870796142792898
0.41875151809570077,0.7831715210355987,1.8702535685055452
0.418872965751761,0.7831715210355987,1.8697113088452073
0.41899441340782123,0.7831715210355987,1.8691693635382955
0.4191158610638815,0.7831715210355987,1.8686277323115386
0.4192373087199417,0.7831715210355987,1.8680864148919816
0.41935875637600195,0.7831715210355987,1.8675454110069851
0.41948020403206215,0.7831715210355987,1.867004720384227
0.4196016516881224,0.7831715210355987,1.866464342751699
0.41972309934418267,0.7831715210355987,1.8659242778377083
0.4198445470002429,0.7831715210355987,1.8653845253708765
0.41996599465630313,0.7831715210355987,1.8648450850801388
0.4200874423123634,0.7831715210355987,1.864305956694744
0.4202088899684236,0.7831715210355987,1.8637671399442544
0.42033033762448385,0.7831715210355987,1.8632286345585438
0.4204517852805441,0.7831715210355987,1.8626904402677988
0.4205732329366043,0.7831715210355987,1.8621525568025181
0.42069468059266457,0.7831715210355987,1.8616149838935103
0.4208161282487248,0.7831715210355987,1.8610777212718963
0.42093757590478503,0.7831715210355987,1.8605407686691056
0.4210590235608453,0.7831715210355987,1.8600041258168791
0.4211804712169055,0.7831715210355987,1.8594677924472665
0.42130191887296575,0.7831715210355987,1.858931768292626
0.421423366529026,0.7831715210355987,1.8583960530856252
0.4215448141850862,0.7831715210355987,1.8578606465592395
0.4216662618411465,0.7831715210355987,1.857325548446751
0.42178770949720673,0.7831715210355987,1.8567907584817505
0.42190915715326693,0.7831715210355987,1.8562562763981347
0.4220306048093272,0.7831715210355987,1.8557221019301064
0.4221520524653874,0.7831715210355987,1.855188234812175
0.42227350012144765,0.7831715210355987,1.8546546747791544
0.4223949477775079,0.7831715210355987,1.8541214215661643
0.4225163954335681,0.7831715210355987,1.8535884749086289
0.4226378430896284,0.7831715210355987,1.8530558345422758
0.42275929074568863,0.7831715210355987,1.8525235002031368
0.42288073840174883,0.7831715210355987,1.8519914716275474
0.4230021860578091,0.7842502696871629,1.8540099685914728
0.4231236337138693,0.7842502696871629,1.853477818772704
0.42324508136992955,0.7842502696871629,1.8529459743483787
0.4233665290259898,0.7842502696871629,1.8524144350556797
0.42348797668205,0.7842502696871629,1.8518832006320907
0.4236094243381103,0.7842502696871629,1.8513522708153956
0.42373087199417053,0.7842502696871629,1.8508216453436799
0.42385231965023074,0.7842502696871629,1.8502913239553296
0.423973767306291,0.7842502696871629,1.8497613063890288
0.42409521496235125,0.7842502696871629,1.8492315923837626
0.42421666261841146,0.7842502696871629,1.8487021816788147
0.4243381102744717,0.7842502696871629,1.8481730740137663
0.4244595579305319,0.7842502696871629,1.8476442691284978
0.4245810055865922,0.7842502696871629,1.8471157667631863
0.42470245324265243,0.7842502696871629,1.846587566658307
0.42482390089871264,0.7842502696871629,1.846059668554631
0.4249453485547729,0.7842502696871629,1.8455320721932265
0.42506679621083315,0.785329018338727,1.8475426105717365
0.42518824386689336,0.785329018338727,1.8470148920311564
0.4253096915229536,0.785329018338727,1.8464874748718099
0.4254311391790138,0.785329018338727,1.845960358835592
0.4255525868350741,0.785329018338727,1.8454335436646914
0.42567403449113433,0.785329018338727,1.8449070291015914
0.42579548214719454,0.785329018338727,1.84438081488907
0.4259169298032548,0.785329018338727,1.8438549007701963
0.42603837745931505,0.785329018338727,1.8433292864883346
0.42615982511537526,0.785329018338727,1.8428039717871412
0.4262812727714355,0.785329018338727,1.8422789564105637
0.4264027204274958,0.785329018338727,1.841754240102842
0.426524168083556,0.785329018338727,1.8412298226085075
0.42664561573961624,0.785329018338727,1.8407057036723822
0.42676706339567644,0.785329018338727,1.8401818830395784
0.4268885110517367,0.785329018338727,1.8396583604554988
0.42700995870779695,0.785329018338727,1.8391351356658356
0.42713140636385716,0.785329018338727,1.8386122084165706
0.4272528540199174,0.785329018338727,1.8380895784539735
0.4273743016759777,0.785329018338727,1.837567245524603
0.4274957493320379,0.785329018338727,1.8370452093753065
0.42761719698809814,0.785329018338727,1.8365234697532173
0.4277386446441584,0.785329018338727,1.8360020264057575
0.4278600923002186,0.785329018338727,1.8354808790806354
0.42798153995627886,0.785329018338727,1.834960027525845
0.42810298761233906,0.785329018338727,1.8344394714896677
0.4282244352683993,0.785329018338727,1.8339192107206688
0.4283458829244596,0.785329018338727,1.8333992449677001
0.4284673305805198,0.7864077669902912,1.8353972657023976
0.42858877823658004,0.7864077669902912,1.8348771757999598
0.4287102258926403,0.7864077669902912,1.834357380566022
0.4288316735487005,0.7864077669902912,1.8338378797502288
0.42895312120476076,0.7864077669902912,1.833318673102508
0.42907456886082096,0.7864077669902912,1.8327997603730706
0.4291960165168812,0.7864077669902912,1.8322811413124103
0.4293174641729415,0.7864077669902912,1.8317628156713035
0.4294389118290017,0.7864077669902912,1.8312447832008083
0.42956035948506194,0.7874865156418555,1.8332383290345031
0.4296818071411222,0.7874865156418555,1.8327201723558613
0.4298032547971824,0.7874865156418555,1.8322023085038255
0.42992470245324266,0.7874865156418555,1.8316847372302367
0.4300461501093029,0.7874865156418555,1.8311674582872175
0.4301675977653631,0.7874865156418555,1.8306504714271705
0.4302890454214234,0.7874865156418555,1.8301337764027767
0.4304104930774836,0.7874865156418555,1.8296173729669973
0.43053194073354384,0.7874865156418555,1.8291012608730712
0.4306533883896041,0.7874865156418555,1.8285854398745172
0.4307748360456643,0.7874865156418555,1.8280699097251305
0.43089628370172456,0.7874865156418555,1.8275546701789847
0.4310177313577848,0.7874865156418555,1.8270397209904303
0.431139179013845,0.7874865156418555,1.8265250619140951
0.4312606266699053,0.7874865156418555,1.8260106927048825
0.43138207432596554,0.7885652642934197,1.8279972934099147
0.43150352198202574,0.7885652642934197,1.8274827993785583
0.431624969638086,0.7885652642934197,1.8269685948767636
0.4317464172941462,0.7885652642934197,1.826454679660202
0.43186786495020646,0.7885652642934197,1.8259410534848193
0.4319893126062667,0.7885652642934197,1.8254277161068364
0.4321107602623269,0.7885652642934197,1.824914667282748
0.4322322079183872,0.7885652642934197,1.8244019067693222
0.43235365557444744,0.7885652642934197,1.8238894343236003
0.43247510323050764,0.7885652642934197,1.8233772497028975
0.4325965508865679,0.7885652642934197,1.8228653526648
0.4327179985426281,0.7885652642934197,1.8223537429671675
0.43283944619868836,0.7885652642934197,1.8218424203681307
0.4329608938547486,0.7885652642934197,1.821331384626092
0.4330823415108088,0.7885652642934197,1.8208206354997245
0.4332037891668691,0.7885652642934197,1.8203101727479725
0.43332523682292934,0.7885652642934197,1.8197999961300497
0.43344668447898954,0.7885652642934197,1.8192901054054407
0.4335681321350498,0.7885652642934197,1.8187805003338984
0.43368957979111006,0.7885652642934197,1.818271180675446
0.43381102744717026,0.7885652642934197,1.8177621461903746
0.4339324751032305,0.7885652642934197,1.8172533966392437
0.4340539227592907,0.7885652642934197,1.8167449317828814
0.434175370415351,0.7885652642934197,1.8162367513823825
0.43429681807141124,0.7885652642934197,1.81572885519911
0.43441826572747144,0.7885652642934197,1.8152212429946932
0.4345397133835317,0.7885652642934197,1.8147139145310278
0.43466116103959196,0.7885652642934197,1.8142068695702758
0.43478260869565216,0.7885652642934197,1.8137001078748654
0.4349040563517124,0.7885652642934197,1.8131936292074888
0.4350255040077726,0.7885652642934197,1.812687433331105
0.4351469516638329,0.7885652642934197,1.812181520008936
0.43526839931989314,0.7885652642934197,1.811675889004469
0.43538984697595334,0.7885652642934197,1.8111705400814555
0.4355112946320136,0.7885652642934197,1.810665473003909
0.43563274228807386,0.7885652642934197,1.8101606875361074
0.43575418994413406,0.7885652642934197,1.8096561834425913
0.4358756376001943,0.7885652642934197,1.8091519604881632
0.4359970852562546,0.7885652642934197,1.8086480184378877
0.4361185329123148,0.7885652642934197,1.808144357057092
0.43623998056837504,0.7885652642934197,1.8076409761113634
0.43636142822443524,0.7885652642934197,1.807137875366551
0.4364828758804955,0.7885652642934197,1.806635054588764
0.43660432353655576,0.7885652642934197,1.806132513544372
0.43672577119261596,0.7885652642934197,1.805630252000005
0.4368472188486762,0.7885652642934197,1.8051282697225515
0.4369686665047365,0.7885652642934197,1.8046265664791599
0.4370901141607967,0.7885652642934197,1.8041251420372375
0.43721156181685694,0.7885652642934197,1.8036239961644494
0.4373330094729172,0.7885652642934197,1.803123128628719
0.4374544571289774,0.7885652642934197,1.802622539198228
0.43757590478503766,0.7896440129449838,1.8045875111265601
0.43769735244109786,0.7896440129449838,1.8040867931711977
0.4378188000971581,0.7896440129449838,1.8035863530066565
0.4379402477532184,0.790722761596548,1.8055494229023783
0.4380616954092786,0.790722761596548,1.805048854723032
0.43818314306533884,0.790722761596548,1.8045485640205032
0.4383045907213991,0.790722761596548,1.8040485505641384
0.4384260383774593,0.790722761596548,1.8035488141235392
0.43854748603351956,0.790722761596548,1.8030493544685615
0.43866893368957977,0.790722761596548,1.802550171369318
0.43879038134564,0.790722761596548,1.802051264596174
0.4389118290017003,0.790722761596548,1.8015526339197498
0.4390332766577605,0.790722761596548,1.80105427911092
0.43915472431382074,0.790722761596548,1.800556199940812
0.439276171969881,0.790722761596548,1.800058396180806
0.4393976196259412,0.7918015102481122,1.8020159301777103
0.43951906728200146,0.7918015102481122,1.801517998171582
0.4396405149380617,0.7918015102481122,1.8010203412660097
0.4397619625941219,0.7918015102481122,1.8005229592330725
0.4398834102501822,0.7918015102481122,1.8000258518451009
0.4400048579062424,0.7918015102481122,1.7995290188746773
0.44012630556230264,0.7918015102481122,1.7990324600946346
0.4402477532183629,0.7918015102481122,1.7985361752780566
0.4403692008744231,0.7918015102481122,1.798040164198278
0.44049064853048336,0.7918015102481122,1.7975444266288823
0.4406120961865436,0.7918015102481122,1.7970489623437031
0.4407335438426038,0.7918015102481122,1.7965537711168245
0.4408549914986641,0.7918015102481122,1.7960588527225774
0.4409764391547243,0.7918015102481122,1.7955642069355429
0.44109788681078455,0.7918015102481122,1.7950698335305495
0.4412193344668448,0.7918015102481122,1.7945757322826743
0.441340782122905,0.7918015102481122,1.7940819029672417
0.44146222977896526,0.7918015102481122,1.7935883453598227
0.4415836774350255,0.7918015102481122,1.7930950592362365
0.4417051250910857,0.7918015102481122,1.7926020443725477
0.441826572747146,0.7918015102481122,1.7921093005450675
0.44194802040320624,0.7918015102481122,1.7916168275303532
0.44206946805926645,0.7928802588996764,1.7935648493900922
0.4421909157153267,0.7928802588996764,1.7930722471243985
0.4423123633713869,0.7928802588996764,1.7925799153706579
0.44243381102744717,0.7928802588996764,1.7920878539061036
0.4425552586835074,0.7928802588996764,1.791596062508215
0.4426767063395676,0.7928802588996764,1.7911045409547148
0.4427981539956279,0.7928802588996764,1.7906132890235698
0.44291960165168814,0.7928802588996764,1.79012230649299
0.44304104930774835,0.7928802588996764,1.7896315931414297
0.4431624969638086,0.7928802588996764,1.7891411487475843
0.44328394461986886,0.7928802588996764,1.7886509730903932
0.44340539227592907,0.7928802588996764,1.7881610659490375
0.4435268399319893,0.7928802588996764,1.7876714271029395
0.44364828758804953,0.7928802588996764,1.7871820563317644
0.4437697352441098,0.7928802588996764,1.7866929534154175
0.44389118290017004,0.7928802588996764,1.7862041181340451
0.44401263055623025,0.7928802588996764,1.7857155502680349
0.4441340782122905,0.7928802588996764,1.7852272495980135
0.44425552586835076,0.7928802588996764,1.7847392159048483
0.44437697352441097,0.7928802588996764,1.7842514489696462
0.4444984211804712,0.7928802588996764,1.7837639485737529
0.44461986883653143,0.7928802588996764,1.7832767144987534
0.4447413164925917,0.7928802588996764,1.7827897465264706
0.44486276414865195,0.7928802588996764,1.7823030444389667
0.44498421180471215,0.7928802588996764,1.7818166080185414
0.4451056594607724,0.7928802588996764,1.7813304370477314
0.44522710711683267,0.7928802588996764,1.7808445313093113
0.44534855477289287,0.7928802588996764,1.7803588905862928
0.4454700024289531,0.7928802588996764,1.7798735146619236
0.4455914500850134,0.7939590075512406,1.781809339922844
0.4457128977410736,0.7939590075512406,1.7813238332907126
0.44583434539713385,0.7939590075512406,1.7808385911677784
0.44595579305319405,0.7939590075512406,1.7803536133379398
0.4460772407092543,0.7939590075512406,1.7798688995853296
0.44619868836531457,0.7939590075512406,1.7793844496943154
0.44632013602137477,0.7939590075512406,1.7789002634495008
0.446441583677435,0.7939590075512406,1.7784163406357223
0.4465630313334953,0.7939590075512406,1.7779326810380514
0.4466844789895555,0.7939590075512406,1.7774492844417933
0.44680592664561575,0.7939590075512406,1.7769661506324856
0.44692737430167595,0.7939590075512406,1.776483279395901
0.4470488219577362,0.7939590075512406,1.7760006705180427
0.44717026961379647,0.7939590075512406,1.775518323785148
0.44729171726985667,0.7939590075512406,1.775036238983686
0.44741316492591693,0.7939590075512406,1.774554415900357
0.4475346125819772,0.7939590075512406,1.7740728543220936
0.4476560602380374,0.7939590075512406,1.7735915540360596
0.44777750789409765,0.7939590075512406,1.7731105148296489
0.4478989555501579,0.7939590075512406,1.7726297364904866
0.4480204032062181,0.7939590075512406,1.7721492188064287
0.44814185086227837,0.7939590075512406,1.7716689615655596
0.44826329851833857,0.7939590075512406,1.771188964556195
0.44838474617439883,0.7939590075512406,1.7707092275668785
0.4485061938304591,0.7939590075512406,1.7702297503863837
0.4486276414865193,0.7939590075512406,1.7697505328037129
0.44874908914257955,0.7939590075512406,1.769271574608096
0.4488705367986398,0.7939590075512406,1.7687928755889921
0.4489919844547,0.7950377562028047,1.7707170366713265
0.44911343211076027,0.7950377562028047,1.7702382056716857
0.4492348797668205,0.7950377562028047,1.7697596335695847
0.44935632742288073,0.7950377562028047,1.7692813201551065
0.449477775078941,0.7950377562028047,1.7688032652185608
0.4495992227350012,0.7950377562028047,1.7683254685504848
0.44972067039106145,0.7950377562028047,1.7678479299416403
0.4498421180471217,0.7950377562028047,1.7673706491830166
0.4499635657031819,0.7950377562028047,1.7668936260658283
0.45008501335924217,0.7950377562028047,1.766416860381515
0.45020646101530243,0.7950377562028047,1.765940351921741
0.45032790867136263,0.7950377562028047,1.7654641004783964
0.4504493563274229,0.7950377562028047,1.764988105843595
0.4505708039834831,0.7950377562028047,1.764512367809675
0.45069225163954335,0.7950377562028047,1.764036886169198
0.4508136992956036,0.7950377562028047,1.7635616607149498
0.4509351469516638,0.7950377562028047,1.7630866912399392
0.45105659460772407,0.7950377562028047,1.7626119775373974
0.45117804226378433,0.7950377562028047,1.762137519400779
0.45129948991984453,0.7950377562028047,1.7616633166237605
0.4514209375759048,0.7950377562028047,1.7611893690002405
0.45154238523196505,0.7950377562028047,1.7607156763243392
0.45166383288802525,0.7950377562028047,1.760242238390399
0.4517852805440855,0.7950377562028047,1.759769054992982
0.4519067282001457,0.7950377562028047,1.759296125926873
0.45202817585620597,0.7950377562028047,1.7588234509870753
0.45214962351226623,0.7950377562028047,1.7583510299688139
0.45227107116832643,0.7950377562028047,1.7578788626675332
0.4523925188243867,0.7950377562028047,1.7574069488788977
0.45251396648044695,0.7950377562028047,1.7569352883987905
0.45263541413650715,0.7950377562028047,1.7564638810233149
0.4527568617925674,0.7950377562028047,1.7559927265487913
0.4528783094486276,0.7950377562028047,1.7555218247717603
0.4529997571046879,0.7950377562028047,1.7550511754889797
0.45312120476074813,0.7961165048543689,1.756961485116825
0.45324265241680833,0.7961165048543689,1.75649070229659
0.4533641000728686,0.7961165048543689,1.7560201717039576
0.45348554772892885,0.7961165048543689,1.755549893136281
0.45360699538498905,0.7961165048543689,1.755079866391131
0.4537284430410493,0.7961165048543689,1.7546100912662939
0.45384989069710957,0.7961165048543689,1.7541405675597734
0.4539713383531698,0.7961165048543689,1.7536712950697897
0.45409278600923003,0.7961165048543689,1.7532022735947776
0.45421423366529023,0.7961165048543689,1.7527335029333888
0.4543356813213505,0.7961165048543689,1.7522649828844892
0.45445712897741075,0.7961165048543689,1.7517967132471601
0.45457857663347095,0.7961165048543689,1.7513286938206984
0.4547000242895312,0.7961165048543689,1.7508609244046136
0.45482147194559147,0.7961165048543689,1.7503934047986311
0.4549429196016517,0.7961165048543689,1.7499261348026893
0.45506436725771193,0.7961165048543689,1.7494591142169398
0.4551858149137722,0.7961165048543689,1.7489923428417484
0.4553072625698324,0.7961165048543689,1.7485258204776937
0.45542871022589265,0.7961165048543689,1.7480595469255662
0.45555015788195286,0.7961165048543689,1.74759352198637
0.4556716055380131,0.7971952535059331,1.7494951272302381
0.45579305319407337,0.7971952535059331,1.7490289681235953
0.4559145008501336,0.7971952535059331,1.7485630573702327
0.45603594850619383,0.7971952535059331,1.748097394771732
0.4561573961622541,0.7971952535059331,1.7476319801298863
0.4562788438183143,0.7971952535059331,1.7471668132467004
0.45640029147437455,0.7971952535059331,1.7467018939243888
0.45652173913043476,0.7971952535059331,1.7462372219653775
0.456643186786495,0.7971952535059331,1.7457727971723014
0.4567646344425553,0.7971952535059331,1.7453086193480067
0.4568860820986155,0.7971952535059331,1.7448446882955486
0.45700752975467573,0.7971952535059331,1.744381003818191
0.457128977410736,0.7971952535059331,1.7439175657194084
0.4572504250667962,0.7971952535059331,1.7434543738028827
0.45737187272285645,0.7971952535059331,1.742991427872505
0.4574933203789167,0.7971952535059331,1.742528727732374
0.4576147680349769,0.7971952535059331,1.7420662731867975
0.4577362156910372,0.7971952535059331,1.7416040640402901
0.4578576633470974,0.7971952535059331,1.741142100097574
0.45797911100315764,0.7971952535059331,1.7406803811635783
0.4581005586592179,0.7971952535059331,1.7402189070434393
0.4582220063152781,0.7971952535059331,1.7397576775425003
0.45834345397133835,0.7971952535059331,1.7392966924663098
0.4584649016273986,0.7971952535059331,1.7388359516206233
0.4585863492834588,0.7971952535059331,1.7383754548114019
0.4587077969395191,0.7971952535059331,1.7379152018448116
0.45882924459557933,0.7971952535059331,1.7374551925272241
0.45895069225163954,0.7971952535059331,1.7369954266652166
0.4590721399076998,0.7971952535059331,1.7365359040655697
0.45919358756376,0.7971952535059331,1.7360766245352695
0.45931503521982026,0.7971952535059331,1.7356175878815054
0.4594364828758805,0.7971952535059331,1.7351587939116715
0.4595579305319407,0.7982740021574973,1.7370476040604739
0.459679378188001,0.7982740021574973,1.736588674706693
0.45980082584406123,0.7982740021574973,1.7361299877878587
0.45992227350012144,0.7982740021574973,1.7356715431119178
0.4600437211561817,0.7982740021574973,1.7352133404870203
0.4601651688122419,0.7982740021574973,1.7347553797215185
0.46028661646830216,0.7982740021574973,1.7342976606239666
0.4604080641243624,0.7982740021574973,1.7338401830031214
0.4605295117804226,0.7982740021574973,1.7333829466679413
0.4606509594364829,0.7982740021574973,1.7329259514275859
0.46077240709254313,0.7982740021574973,1.7324691970914161
0.46089385474860334,0.7982740021574973,1.7320126834689942
0.4610153024046636,0.7982740021574973,1.7315564103700825
0.46113675006072385,0.7982740021574973,1.7311003776046439
0.46125819771678406,0.7993527508090615,1.7329832938814673
0.4613796453728443,0.7993527508090615,1.7325271256019512
0.4615010930289045,0.7993527508090615,1.7320711974110035
0.4616225406849648,0.7993527508090615,1.7316155091191299
0.46174398834102504,0.7993527508090615,1.7311600605370365
0.46186543599708524,0.7993527508090615,1.730704851475628
0.4619868836531455,0.7993527508090615,1.7302498817460075
0.46210833130920576,0.7993527508090615,1.7297951511594776
0.46222977896526596,0.7993527508090615,1.729340659527539
0.4623512266213262,0.7993527508090615,1.7288864066618894
0.4624726742773864,0.7993527508090615,1.7284323923744258
0.4625941219334467,0.7993527508090615,1.7279786164772415
0.46271556958950694,0.7993527508090615,1.727525078782628
0.46283701724556714,0.7993527508090615,1.7270717791030734
0.4629584649016274,0.7993527508090615,1.7266187172512626
0.46307991255768766,0.7993527508090615,1.7261658930400767
0.46320136021374786,0.7993527508090615,1.7257133062825938
0.4633228078698081,0.8004314994606256,1.7275892441831695
0.4634442555258684,0.8004314994606256,1.7271365216349033
0.4635657031819286,0.8015102481121898,1.7290111037348104
0.46368715083798884,0.8015102481121898,1.7285582459286986
0.46380859849404904,0.8015102481121898,1.7281056252829985
0.4639300461501093,0.8015102481121898,1.7276532416114585
0.46405149380616956,0.8015102481121898,1.7272010947280216
0.46417294146222976,0.8015102481121898,1.7267491844468266
0.46429438911829,0.8015102481121898,1.7262975105822054
0.4644158367743503,0.8015102481121898,1.7258460729486849
0.4645372844304105,0.8015102481121898,1.725394871360986
0.46465873208647074,0.8015102481121898,1.7249439056340228
0.464780179742531,0.8015102481121898,1.7244931755829034
0.4649016273985912,0.8015102481121898,1.7240426810229288
0.46502307505465146,0.8015102481121898,1.7235924217695928
0.46514452271071166,0.8015102481121898,1.7231423976385827
0.4652659703667719,0.8015102481121898,1.722692608445777
0.4653874180228322,0.8015102481121898,1.722243054007247
0.4655088656788924,0.8025889967637541,1.7241110877518266
0.46563031333495264,0.8025889967637541,1.7236613978489177
0.4657517609910129,0.8025889967637541,1.7232119424648633
0.4658732086470731,0.8025889967637541,1.7227627214162542
0.46599465630313336,0.8025889967637541,1.7223137345198725
0.46611610395919356,0.8025889967637541,1.7218649815926919
0.4662375516152538,0.8025889967637541,1.7214164624518757
0.4663589992713141,0.8025889967637541,1.7209681769147789
0.4664804469273743,0.8025889967637541,1.720520124798946
0.46660189458343454,0.8025889967637541,1.720072305922111
0.4667233422394948,0.8036677454153183,1.7219360436507234
0.466844789895555,0.8036677454153183,1.721488089425008
0.46696623755161526,0.8036677454153183,1.7210403682053916
0.4670876852076755,0.8036677454153183,1.7205928798101222
0.4672091328637357,0.8036677454153183,1.7201456240576374
0.467330580519796,0.8036677454153183,1.719698600766562
0.4674520281758562,0.8036677454153183,1.7192518097557108
0.46757347583191644,0.8036677454153183,1.7188052508440859
0.4676949234879767,0.8036677454153183,1.7183589238508779
0.4678163711440369,0.8036677454153183,1.717912828595465
0.46793781880009716,0.8036677454153183,1.7174669648974126
0.4680592664561574,0.8036677454153183,1.7170213325764738
0.4681807141122176,0.8036677454153183,1.716575931452589
0.4683021617682779,0.8036677454153183,1.7161307613458845
0.4684236094243381,0.8036677454153183,1.7156858220766737
0.46854505708039834,0.8036677454153183,1.7152411134654564
0.4686665047364586,0.8047464940668824,1.7170983757830292
0.4687879523925188,0.8047464940668824,1.7166535316442253
0.46890940004857906,0.8047464940668824,1.7162089179349156
0.4690308477046393,0.8047464940668824,1.7157645344761028
0.4691522953606995,0.8047464940668824,1.7153203810889748
0.4692737430167598,0.8047464940668824,1.714876457594904
0.46939519067282004,0.8047464940668824,1.7144327638154486
0.46951663832888024,0.8047464940668824,1.7139892995723511
0.4696380859849405,0.8047464940668824,1.713546064687538
0.4697595336410007,0.8047464940668824,1.7131030589831204
0.46988098129706096,0.8047464940668824,1.712660282281393
0.4700024289531212,0.8058252427184466,1.7145129324402297
0.4701238766091814,0.8058252427184466,1.714070020290284
0.4702453242652417,0.8058252427184466,1.713627336917275
0.47036677192130194,0.8058252427184466,1.7131848821439941
0.47048821957736214,0.8069039913700108,1.7150354839805548
0.4706096672334224,0.8069039913700108,1.7145928941782371
0.47073111488948266,0.8069039913700108,1.7141505327504305
0.47085256254554286,0.8069039913700108,1.71370839952042
0.4709740102016031,0.8069039913700108,1.713266494311673
0.4710954578576633,0.8069039913700108,1.7128248169478395
0.4712169055137236,0.8069039913700108,1.7123833672527498
0.47133835316978384,0.8069039913700108,1.711942145050417
0.47145980082584404,0.8069039913700108,1.711501150165036
0.4715812484819043,0.8069039913700108,1.711060382420981
0.47170269613796456,0.8069039913700108,1.7106198416428087
0.47182414379402476,0.8069039913700108,1.7101795276552558
0.471945591450085,0.8069039913700108,1.7097394402832395
0.4720670391061452,0.8069039913700108,1.7092995793518573
0.4721884867622055,0.807982740021575,1.7111445168049508
0.47230993441826574,0.807982740021575,1.71070452078623
0.47243138207432595,0.807982740021575,1.710264750986542
0.4725528297303862,0.807982740021575,1.7098252072314697
0.47267427738644646,0.807982740021575,1.709385889346775
0.47279572504250666,0.807982740021575,1.7089467971583994
0.4729171726985669,0.8090614886731392,1.7107889824690878
0.4730386203546272,0.8090614886731392,1.7103497555159506
0.4731600680106874,0.8090614886731392,1.7099107540386622
0.47328151566674764,0.8090614886731392,1.7094719778636458
0.47340296332280785,0.8090614886731392,1.7090334268175036
0.4735244109788681,0.8090614886731392,1.7085951007270141
0.47364585863492836,0.8090614886731392,1.7081569994191355
0.47376730629098857,0.8090614886731392,1.707719122721002
0.4738887539470488,0.8090614886731392,1.7072814704599253
0.4740102016031091,0.8090614886731392,1.7068440424633944
0.4741316492591693,0.8090614886731392,1.706406838559075
0.47425309691522954,0.8090614886731392,1.7059698585748087
0.47437454457128975,0.8090614886731392,1.7055331023386147
0.47449599222735,0.8090614886731392,1.7050965696786866
0.47461743988341026,0.8090614886731392,1.7046602604233951
0.47473888753947047,0.8090614886731392,1.7042241744012865
0.4748603351955307,0.8090614886731392,1.7037883114410814
0.474981782851591,0.8090614886731392,1.703352671371677
0.4751032305076512,0.8090614886731392,1.7029172540221442
0.47522467816371144,0.8090614886731392,1.7024820592217296
0.4753461258197717,0.8090614886731392,1.7020470867998538
0.4754675734758319,0.8101402373247033,1.7038811530348932
0.47558902113189216,0.8101402373247033,1.703446045488153
0.47571046878795237,0.8112189859762675,1.7052788181078853
0.4758319164440126,0.8112189859762675,1.704843575938894
0.4759533641000729,0.8112189859762675,1.7044085558888968
0.4760748117561331,0.8112189859762675,1.7039737577879048
0.47619625941219335,0.8112189859762675,1.7035391814661023
0.4763177070682536,0.8112189859762675,1.7031048267538467
0.4764391547243138,0.8112189859762675,1.7026706934816689
0.47656060238037407,0.8112189859762675,1.702236781480272
0.4766820500364343,0.8112189859762675,1.7018030905805315
0.4768034976924945,0.8112189859762675,1.7013696206134963
0.4769249453485548,0.8112189859762675,1.7009363714103862
0.477046393004615,0.8112189859762675,1.7005033428025935
0.47716784066067525,0.8122977346278317,1.7023312667155934
0.4772892883167355,0.8122977346278317,1.701898103543401
0.4774107359727957,0.8122977346278317,1.7014651607544051
0.47753218362885597,0.8122977346278317,1.7010324381804593
0.4776536312849162,0.8122977346278317,1.7005999356535892
0.4777750789409764,0.8133764832793959,1.7024255117749227
0.4778965265970367,0.8133764832793959,1.7019928750502022
0.4780179742530969,0.8133764832793959,1.701560458161216
0.47813942190915715,0.8133764832793959,1.7011282609404486
0.4782608695652174,0.8133764832793959,1.700696283220555
0.4783823172212776,0.81445523193096,1.7025195175728676
0.47850376487733787,0.81445523193096,1.702087406020184
0.4786252125333981,0.81445523193096,1.7016555137578089
0.47874666018945833,0.81445523193096,1.7012238406188547
0.4788681078455186,0.81445523193096,1.7007923864366028
0.47898955550157885,0.81445523193096,1.7003611510445042
0.47911100315763905,0.81445523193096,1.6999301342761788
0.4792324508136993,0.81445523193096,1.6994993359654142
0.4793538984697595,0.81445523193096,1.6990687559461681
0.47947534612581977,0.81445523193096,1.6986383940525647
0.47959679378188,0.8155339805825242,1.7004575325693858
0.47971824143794023,0.8155339805825242,1.7000270369915202
0.4798396890940005,0.8155339805825242,1.69959675933093
0.47996113675006075,0.8155339805825242,1.6991666994221923
0.48008258440612095,0.8155339805825242,1.6987368571000518
0.4802040320621812,0.8155339805825242,1.6983072321994195
0.4803254797182414,0.8155339805825242,1.6978778245553743
0.48044692737430167,0.8155339805825242,1.697448634003161
0.4805683750303619,0.8155339805825242,1.6970196603781917
0.48068982268642213,0.8155339805825242,1.6965909035160447
0.4808112703424824,0.8155339805825242,1.6961623632524638
0.48093271799854265,0.8155339805825242,1.6957340394233598
0.48105416565460285,0.8155339805825242,1.695305931864808
0.4811756133106631,0.8155339805825242,1.6948780404130501
0.48129706096672337,0.8155339805825242,1.6944503649044926
0.48141850862278357,0.8155339805825242,1.6940229051757076
0.48153995627884383,0.8155339805825242,1.693595661063431
0.48166140393490403,0.8155339805825242,1.693168632404565
0.4817828515909643,0.8155339805825242,1.6927418190361747
0.48190429924702455,0.8155339805825242,1.6923152207954901
0.48202574690308475,0.8155339805825242,1.6918888375199055
0.482147194559145,0.8155339805825242,1.6914626690469785
0.48226864221520527,0.8155339805825242,1.6910367152144308
0.48239008987126547,0.8155339805825242,1.6906109758601473
0.48251153752732573,0.8155339805825242,1.6901854508221759
0.482632985183386,0.8166127292340885,1.6919952723989642
0.4827544328394462,0.8166127292340885,1.6915696132109395
0.48287588049550645,0.8166127292340885,1.6911441681371941
0.48299732815156665,0.8166127292340885,1.6907189370162143
0.4831187758076269,0.8166127292340885,1.6902939196866476
0.48324022346368717,0.8166127292340885,1.6898691159873043
0.48336167111974737,0.8166127292340885,1.6894445257571569
0.48348311877580763,0.8166127292340885,1.689020148835339
0.4836045664318679,0.8166127292340885,1.688595985061146
0.4837260140879281,0.8166127292340885,1.6881720342740358
0.48384746174398835,0.8166127292340885,1.6877482963136257
0.48396890940004855,0.8166127292340885,1.687324771019695
0.4840903570561088,0.8166127292340885,1.6869014582321837
0.48421180471216907,0.8166127292340885,1.6864783577911924
0.4843332523682293,0.8166127292340885,1.686055469536982
0.48445470002428953,0.8166127292340885,1.6856327933099735
0.4845761476803498,0.8166127292340885,1.6852103289507478
0.48469759533641,0.8166127292340885,1.6847880763000462
0.48481904299247025,0.8166127292340885,1.6843660351987686
0.4849404906485305,0.8166127292340885,1.683944205487975
0.4850619383045907,0.8166127292340885,1.6835225870088844
0.48518338596065097,0.8166127292340885,1.6831011796028745
0.4853048336167112,0.8166127292340885,1.6826799831114827
0.48542628127277143,0.8166127292340885,1.6822589973764035
0.4855477289288317,0.8166127292340885,1.6818382222394908
0.4856691765848919,0.8166127292340885,1.6814176575427568
0.48579062424095215,0.8166127292340885,1.6809973031283711
0.4859120718970124,0.8166127292340885,1.6805771588386613
0.4860335195530726,0.8166127292340885,1.6801572245161132
0.48615496720913287,0.8166127292340885,1.6797375000033685
0.48627641486519313,0.8166127292340885,1.6793179851432278
0.48639786252125333,0.8166127292340885,1.6788986797786478
0.4865193101773136,0.8166127292340885,1.678479583752742
0.4866407578333738,0.8166127292340885,1.6780606969087808
0.48676220548943405,0.8166127292340885,1.6776420190901906
0.4868836531454943,0.8166127292340885,1.6772235501405548
0.4870051008015545,0.8166127292340885,1.676805289903612
0.48712654845761477,0.8166127292340885,1.6763872382232572
0.48724799611367503,0.8166127292340885,1.6759693949435404
0.48736944376973523,0.8166127292340885,1.675551759908668
0.4874908914257955,0.8166127292340885,1.6751343329630006
0.4876123390818557,0.8166127292340885,1.6747171139510546
0.48773378673791595,0.8166127292340885,1.674300102717501
0.4878552343939762,0.8166127292340885,1.6738832991071655
0.4879766820500364,0.8166127292340885,1.6734667029650285
0.4880981297060967,0.8166127292340885,1.673050314136224
0.48821957736215693,0.8166127292340885,1.6726341324660408
0.48834102501821713,0.8166127292340885,1.6722181577999216
0.4884624726742774,0.8166127292340885,1.671802389983462
0.48858392033033765,0.8166127292340885,1.671386828862412
0.48870536798639785,0.8166127292340885,1.6709714742826751
0.4888268156424581,0.8166127292340885,1.6705563260903067
0.4889482632985183,0.8166127292340885,1.6701413841315162
0.4890697109545786,0.8166127292340885,1.6697266482526656
0.48919115861063883,0.8166127292340885,1.669312118300269
0.48931260626669904,0.8166127292340885,1.668897794120994
0.4894340539227593,0.8166127292340885,1.6684836755616586
0.48955550157881955,0.8166127292340885,1.6680697624692344
0.48967694923487975,0.8166127292340885,1.6676560546908443
0.48979839689094,0.8166127292340885,1.6672425520737626
0.4899198445470002,0.8166127292340885,1.666829254465415
0.4900412922030605,0.8166127292340885,1.666416161713379
0.49016273985912073,0.8166127292340885,1.6660032736653825
0.49028418751518094,0.8166127292340885,1.665590590169305
0.4904056351712412,0.8166127292340885,1.6651781110731758
0.49052708282730145,0.8166127292340885,1.6647658362251756
0.49064853048336166,0.8166127292340885,1.664353765473635
0.4907699781394219,0.8166127292340885,1.663941898667034
0.4908914257954822,0.8166127292340885,1.663530235654004
0.4910128734515424,0.8166127292340885,1.6631187762833253
0.49113432110760263,0.8166127292340885,1.6627075204039279
0.49125576876366284,0.8166127292340885,1.662296467864891
0.4913772164197231,0.8166127292340885,1.6618856185154436
0.49149866407578335,0.8166127292340885,1.6614749722049627
0.49162011173184356,0.8176914778856527,1.6632588016083163
0.4917415593879038,0.8176914778856527,1.6628480189949282
0.4918630070439641,0.8176914778856527,1.6624374392371515
0.4919844547000243,0.8176914778856527,1.6620270621847604
0.49210590235608453,0.8176914778856527,1.6616168876876762
0.4922273500121448,0.8176914778856527,1.6612069155959692
0.492348797668205,0.8176914778856527,1.660797145759858
0.49247024532426525,0.8176914778856527,1.6603875780297075
0.49259169298032546,0.8176914778856527,1.6599782122560316
0.4927131406363857,0.8187702265372169,1.6617584533663898
0.492834588292446,0.8187702265372169,1.6613489515296804
0.4929560359485062,0.8187702265372169,1.6609396514677122
0.49307748360456644,0.8187702265372169,1.66053055303139
0.4931989312606267,0.8187702265372169,1.6601216560717664
0.4933203789166869,0.8187702265372169,1.6597129604400402
0.49344182657274716,0.8187702265372169,1.6593044659875569
0.49356327422880736,0.8187702265372169,1.658896172565808
0.4936847218848676,0.8187702265372169,1.6584880800264314
0.4938061695409279,0.8187702265372169,1.6580801882212108
0.4939276171969881,0.8187702265372169,1.6576724970020762
0.49404906485304834,0.8187702265372169,1.6572650062211023
0.4941705125091086,0.8187702265372169,1.6568577157305096
0.4942919601651688,0.819848975188781,1.6586330372738138
0.49441340782122906,0.819848975188781,1.6582256108338056
0.4945348554772893,0.819848975188781,1.6578183845050152
0.4946563031333495,0.819848975188781,1.6574113581400498
0.4947777507894098,0.819848975188781,1.65700453159166
0.49489919844547,0.819848975188781,1.6565979047127417
0.49502064610153024,0.819848975188781,1.6561914773563353
0.4951420937575905,0.819848975188781,1.6557852493756249
0.4952635414136507,0.819848975188781,1.6553792206239388
0.49538498906971096,0.819848975188781,1.6549733909547493
0.4955064367257712,0.819848975188781,1.6545677602216722
0.4956278843818314,0.819848975188781,1.6541623282784668
0.4957493320378917,0.819848975188781,1.6537570949790354
0.4958707796939519,0.819848975188781,1.653352060177424
0.49599222735001214,0.819848975188781,1.6529472237278213
0.4961136750060724,0.819848975188781,1.6525425854845588
0.4962351226621326,0.819848975188781,1.6521381453021102
0.49635657031819286,0.819848975188781,1.6517339030350924
0.4964780179742531,0.819848975188781,1.6513298585382639
0.4965994656303133,0.819848975188781,1.6509260116665254
0.4967209132863736,0.819848975188781,1.6505223622749199
0.49684236094243384,0.819848975188781,1.6501189102186318
0.49696380859849404,0.819848975188781,1.649715655352987
0.4970852562545543,0.819848975188781,1.6493125975334528
0.4972067039106145,0.819848975188781,1.6489097366156382
0.49732815156667476,0.819848975188781,1.6485070724552924
0.497449599222735,0.819848975188781,1.6481046049083061
0.4975710468787952,0.819848975188781,1.6477023338307109
0.4976924945348555,0.819848975188781,1.647300259078678
0.49781394219091574,0.819848975188781,1.6468983805085198
0.49793538984697594,0.819848975188781,1.6464966979766884
0.4980568375030362,0.819848975188781,1.6460952113397762
0.49817828515909646,0.819848975188781,1.6456939204545153
0.49829973281515666,0.819848975188781,1.6452928251777779
0.4984211804712169,0.819848975188781,1.6448919253665746
0.4985426281272771,0.8209277238403452,1.646655025116054
0.4986640757833374,0.8209277238403452,1.6462539888215788
0.49878552343939764,0.8209277238403452,1.6458531478211351
0.49890697109545784,0.8209277238403452,1.6454525019721038
0.4990284187515181,0.8209277238403452,1.6450520511320035
0.49914986640757836,0.8209277238403452,1.644651795158492
0.49927131406363856,0.8209277238403452,1.6442517339093656
0.4993927617196988,0.8209277238403452,1.6438518672425588
0.499514209375759,0.8209277238403452,1.6434521950161445
0.4996356570318193,0.8209277238403452,1.6430527170883331
0.49975710468787954,0.8209277238403452,1.6426534333174732
0.49987855234393974,0.8209277238403452,1.6422543435620511
0.5,0.8209277238403452,1.6418554476806904
0.5001214476560603,0.8209277238403452,1.641456745532152
0.5002428953121205,0.8209277238403452,1.6410582369753342
0.5003643429681807,0.8209277238403452,1.6406599218692726
0.5004857906242409,0.8209277238403452,1.6402618000731382
0.5006072382803012,0.8209277238403452,1.6398638714462404
0.5007286859363614,0.8209277238403452,1.6394661358480238
0.5008501335924217,0.8209277238403452,1.6390685931380702
0.500971581248482,0.8209277238403452,1.6386712431760972
0.5010930289045421,0.8209277238403452,1.6382740858219589
0.5012144765606024,0.8209277238403452,1.637877120935644
0.5013359242166626,0.8209277238403452,1.6374803483772777
0.5014573718727229,0.8209277238403452,1.6370837680071209
0.5015788195287831,0.8209277238403452,1.6366873796855694
0.5017002671848433,0.8209277238403452,1.6362911832731548
0.5018217148409035,0.8209277238403452,1.6358951786305427
0.5019431624969638,0.8209277238403452,1.6354993656185344
0.5020646101530241,0.8209277238403452,1.6351037440980654
0.5021860578090843,0.8209277238403452,1.6347083139302059
0.5023075054651446,0.8209277238403452,1.634313074976161
0.5024289531212047,0.8209277238403452,1.6339180270972693
0.502550400777265,0.8209277238403452,1.633523170155003
0.5026718484333252,0.8209277238403452,1.6331285040109693
0.5027932960893855,0.8209277238403452,1.6327340285269087
0.5029147437454458,0.8220064724919094,1.6344847366574213
0.5030361914015059,0.8220064724919094,1.6340901242149644
0.5031576390575662,0.8220064724919094,1.6336957022684968
0.5032790867136264,0.8220064724919094,1.6333014706801114
0.5034005343696867,0.8220064724919094,1.6329074293120343
0.5035219820257469,0.8230852211434736,1.6346559842969999
0.5036434296818071,0.8230852211434736,1.6342618063408156
0.5037648773378673,0.8230852211434736,1.6338678184415047
0.5038863249939276,0.8230852211434736,1.6334740204616442
0.5040077726499879,0.8230852211434736,1.6330804122639426
0.5041292203060481,0.8230852211434736,1.632686993711241
0.5042506679621084,0.8230852211434736,1.6322937646665128
0.5043721156181685,0.8230852211434736,1.6319007249928634
0.5044935632742288,0.8230852211434736,1.6315078745535296
0.504615010930289,0.8230852211434736,1.63111521321188
0.5047364585863493,0.8230852211434736,1.630722740831415
0.5048579062424096,0.8230852211434736,1.6303304572757664
0.5049793538984697,0.8230852211434736,1.629938362408697
0.50510080155453,0.8230852211434736,1.6295464560941
0.5052222492105902,0.8230852211434736,1.6291547381960003
0.5053436968666505,0.8230852211434736,1.6287632085785535
0.5054651445227107,0.8230852211434736,1.6283718671060454
0.505586592178771,0.8241639697950378,1.630114371196815
0.5057080398348311,0.8241639697950378,1.6297228932018113
0.5058294874908914,0.8241639697950378,1.6293316031914387
0.5059509351469517,0.8241639697950378,1.6289405010303268
0.5060723828030119,0.8241639697950378,1.6285495865832351
0.5061938304590722,0.8241639697950378,1.628158859715053
0.5063152781151323,0.8241639697950378,1.6277683202907993
0.5064367257711926,0.8241639697950378,1.6273779681756215
0.5065581734272528,0.8241639697950378,1.6269878032347977
0.5066796210833131,0.8241639697950378,1.6265978253337348
0.5068010687393734,0.8241639697950378,1.6262080343379681
0.5069225163954336,0.8241639697950378,1.6258184301131626
0.5070439640514938,0.8241639697950378,1.6254290125251118
0.507165411707554,0.8241639697950378,1.625039781439737
0.5072868593636143,0.8241639697950378,1.6246507367230887
0.5074083070196745,0.8241639697950378,1.6242618782413454
0.5075297546757348,0.8241639697950378,1.6238732058608139
0.507651202331795,0.8241639697950378,1.6234847194479287
0.5077726499878552,0.8241639697950378,1.6230964188692518
0.5078940976439155,0.8241639697950378,1.6227083039914734
0.5080155452999757,0.8241639697950378,1.6223203746814108
0.508136992956036,0.8241639697950378,1.621932630806009
0.5082584406120962,0.8241639697950378,1.6215450722323395
0.5083798882681564,0.8241639697950378,1.621157698827602
0.5085013359242166,0.8241639697950378,1.6207705104591215
0.5086227835802769,0.8241639697950378,1.6203835069943509
0.5087442312363372,0.8252427184466019,1.6221171028143517
0.5088656788923974,0.8252427184466019,1.6217299626943484
0.5089871265484576,0.8252427184466019,1.6213430073226727
0.5091085742045178,0.8252427184466019,1.6209562365671089
0.5092300218605781,0.8252427184466019,1.6205696502955689
0.5093514695166383,0.8252427184466019,1.6201832483760896
0.5094729171726986,0.8252427184466019,1.6197970306768343
0.5095943648287588,0.8252427184466019,1.6194109970660917
0.509715812484819,0.8252427184466019,1.6190251474122757
0.5098372601408793,0.8263214670981661,1.6207553501873035
0.5099587077969395,0.8263214670981661,1.6203693641548702
0.5100801554529998,0.8263214670981661,1.6199835619253093
0.51020160310906,0.8263214670981661,1.6195979433673646
0.5103230507651202,0.8263214670981661,1.619212508349905
0.5104444984211804,0.8263214670981661,1.6188272567419224
0.5105659460772407,0.8263214670981661,1.6184421884125357
0.510687393733301,0.8263214670981661,1.6180573032309868
0.5108088413893612,0.8263214670981661,1.6176726010666427
0.5109302890454214,0.8263214670981661,1.6172880817889947
0.5110517367014816,0.8263214670981661,1.616903745267657
0.5111731843575419,0.8263214670981661,1.6165195913723687
0.5112946320136021,0.8263214670981661,1.6161356199729928
0.5114160796696624,0.8263214670981661,1.6157518309395154
0.5115375273257227,0.8263214670981661,1.6153682241420464
0.5116589749817828,0.8263214670981661,1.614984799450819
0.5117804226378431,0.8263214670981661,1.6146015567361889
0.5119018702939033,0.8263214670981661,1.6142184958686359
0.5120233179499636,0.8263214670981661,1.6138356167187617
0.5121447656060238,0.8263214670981661,1.6134529191572917
0.512266213262084,0.8263214670981661,1.6130704030550735
0.5123876609181442,0.8274002157497303,1.6147934051868404
0.5125091085742045,0.8274002157497303,1.6144107527211564
0.5126305562302648,0.8274002157497303,1.6140282815643874
0.512752003886325,0.8274002157497303,1.6136459915877024
0.5128734515423853,0.8274002157497303,1.6132638826623913
0.5129948991984454,0.8274002157497303,1.6128819546598674
0.5131163468545057,0.8274002157497303,1.612500207451664
0.513237794510566,0.8274002157497303,1.6121186409094368
0.5133592421666262,0.8274002157497303,1.6117372549049631
0.5134806898226865,0.8274002157497303,1.6113560493101418
0.5136021374787466,0.8274002157497303,1.6109750239969922
0.5137235851348069,0.8274002157497303,1.6105941788376548
0.5138450327908671,0.8274002157497303,1.6102135137043914
0.5139664804469274,0.8274002157497303,1.6098330284695839
0.5140879281029876,0.8274002157497303,1.6094527230057356
0.5142093757590479,0.8274002157497303,1.6090725971854698
0.514330823415108,0.8274002157497303,1.60869265088153
0.5144522710711683,0.8274002157497303,1.60831288396678
0.5145737187272286,0.8274002157497303,1.6079332963142032
0.5146951663832888,0.8274002157497303,1.607553887796904
0.5148166140393491,0.8274002157497303,1.6071746582881055
0.5149380616954092,0.8274002157497303,1.606795607661151
0.5150595093514695,0.8274002157497303,1.6064167357895025
0.5151809570075297,0.8274002157497303,1.606038042546742
0.51530240466359,0.8274002157497303,1.6056595278065706
0.5154238523196503,0.8274002157497303,1.6052811914428085
0.5155452999757104,0.8274002157497303,1.6049030333293945
0.5156667476317707,0.8274002157497303,1.6045250533403863
0.5157881952878309,0.8274002157497303,1.60414725134996
0.5159096429438912,0.8274002157497303,1.6037696272324105
0.5160310905999514,0.8274002157497303,1.603392180862151
0.5161525382560117,0.8274002157497303,1.6030149121137127
0.5162739859120719,0.8284789644012945,1.6047273095460504
0.5163954335681321,0.8284789644012945,1.6043499042521776
0.5165168812241924,0.8284789644012945,1.6039726764355182
0.5166383288802526,0.8284789644012945,1.6035956259709119
0.5167597765363129,0.8284789644012945,1.6032187527333157
0.516881224192373,0.8284789644012945,1.6028420565978054
0.5170026718484333,0.8284789644012945,1.6024655374395724
0.5171241195044936,0.8295577130528586,1.6041752487734238
0.5172455671605538,0.8295577130528586,1.6037985933968626
0.5173670148166141,0.8295577130528586,1.6034221148538117
0.5174884624726743,0.8295577130528586,1.6030458130197693
0.5176099101287345,0.8295577130528586,1.6026696877703517
0.5177313577847947,0.8295577130528586,1.6022937389812897
0.517852805440855,0.8295577130528586,1.6019179665284329
0.5179742530969152,0.8295577130528586,1.6015423702877463
0.5180957007529755,0.8295577130528586,1.6011669501353112
0.5182171484090357,0.8295577130528586,1.6007917059473258
0.5183385960650959,0.8295577130528586,1.6004166376001028
0.5184600437211562,0.8295577130528586,1.6000417449700721
0.5185814913772164,0.8295577130528586,1.5996670279337795
0.5187029390332767,0.8295577130528586,1.5992924863678852
0.518824386689337,0.8295577130528586,1.598918120149166
0.5189458343453971,0.8295577130528586,1.598543929154514
0.5190672820014574,0.8295577130528586,1.5981699132609355
0.5191887296575176,0.8295577130528586,1.5977960723455527
0.5193101773135779,0.8295577130528586,1.5974224062856028
0.5194316249696381,0.8295577130528586,1.5970489149584375
0.5195530726256983,0.8295577130528586,1.5966755982415237
0.5196745202817585,0.8295577130528586,1.5963024560124417
0.5197959679378188,0.8295577130528586,1.5959294881488875
0.519917415593879,0.8295577130528586,1.5955566945286703
0.5200388632499393,0.8295577130528586,1.5951840750297146
0.5201603109059996,0.8295577130528586,1.5948116295300578
0.5202817585620597,0.8295577130528586,1.5944393579078522
0.52040320621812,0.8295577130528586,1.5940672600413626
0.5205246538741802,0.8295577130528586,1.5936953358089683
0.5206461015302405,0.8295577130528586,1.593323585089162
0.5207675491863007,0.8295577130528586,1.5929520077605497
0.5208889968423609,0.8295577130528586,1.5925806037018508
0.5210104444984212,0.8295577130528586,1.5922093727918971
0.5211318921544814,0.8295577130528586,1.5918383149096336
0.5212533398105417,0.8295577130528586,1.5914674299341187
0.5213747874666019,0.8295577130528586,1.591096717744523
0.5214962351226621,0.8295577130528586,1.59072617822013
0.5216176827787223,0.8295577130528586,1.5903558112403349
0.5217391304347826,0.8295577130528586,1.5899856166846458
0.5218605780908429,0.8295577130528586,1.5896155944326829
0.5219820257469031,0.8295577130528586,1.589245744364178
0.5221034734029634,0.8295577130528586,1.5888760663589758
0.5222249210590235,0.8295577130528586,1.5885065602970323
0.5223463687150838,0.8295577130528586,1.588137226058414
0.522467816371144,0.8295577130528586,1.5877680635233002
0.5225892640272043,0.8295577130528586,1.5873990725719818
0.5227107116832646,0.8295577130528586,1.5870302530848601
0.5228321593393247,0.8295577130528586,1.586661604942448
0.522953606995385,0.8295577130528586,1.586293128025369
0.5230750546514452,0.8295577130528586,1.5859248222143576
0.5231965023075055,0.8306364617044228,1.5876185296365408
0.5233179499635657,0.8306364617044228,1.5872500871836197
0.523439397619626,0.8306364617044228,1.5868818157016744
0.5235608452756861,0.8306364617044228,1.5865137150717277
0.5236822929317464,0.8306364617044228,1.5861457851749114
0.5238037405878067,0.8306364617044228,1.5857780258924687
0.5239251882438669,0.8306364617044228,1.5854104371057527
0.5240466358999272,0.8306364617044228,1.5850430186962265
0.5241680835559873,0.8306364617044228,1.584675770545463
0.5242895312120476,0.8306364617044228,1.5843086925351444
0.5244109788681078,0.8306364617044228,1.583941784547063
0.5245324265241681,0.8306364617044228,1.5835750464631206
0.5246538741802284,0.8306364617044228,1.5832084781653282
0.5247753218362886,0.8306364617044228,1.5828420795358058
0.5248967694923488,0.8306364617044228,1.5824758504567835
0.525018217148409,0.8306364617044228,1.5821097908105985
0.5251396648044693,0.8306364617044228,1.581743900479699
0.5252611124605295,0.8306364617044228,1.58137817934664
0.5253825601165898,0.8306364617044228,1.5810126272940863
0.5255040077726499,0.8306364617044228,1.5806472442048112
0.5256254554287102,0.8306364617044228,1.5802820299616955
0.5257469030847705,0.8306364617044228,1.5799169844477288
0.5258683507408307,0.8306364617044228,1.5795521075460086
0.525989798396891,0.8306364617044228,1.5791873991397407
0.5261112460529512,0.8306364617044228,1.5788228591122384
0.5262326937090114,0.8306364617044228,1.5784584873469232
0.5263541413650716,0.8306364617044228,1.578094283727323
0.5264755890211319,0.8306364617044228,1.5777302481370745
0.5265970366771922,0.8306364617044228,1.577366380459921
0.5267184843332524,0.8306364617044228,1.5770026805797135
0.5268399319893126,0.8306364617044228,1.5766391483804099
0.5269613796453728,0.8306364617044228,1.5762757837460746
0.5270828273014331,0.8306364617044228,1.5759125865608796
0.5272042749574933,0.8306364617044228,1.5755495567091033
0.5273257226135536,0.8306364617044228,1.5751866940751307
0.5274471702696137,0.8306364617044228,1.5748239985434536
0.527568617925674,0.8306364617044228,1.574461469998669
0.5276900655817343,0.8306364617044228,1.5740991083254816
0.5278115132377945,0.8306364617044228,1.5737369134087018
0.5279329608938548,0.8306364617044228,1.5733748851332454
0.528054408549915,0.8306364617044228,1.5730130233841346
0.5281758562059752,0.8306364617044228,1.5726513280464975
0.5282973038620354,0.8306364617044228,1.5722897990055673
0.5284187515180957,0.8306364617044228,1.571928436146683
0.528540199174156,0.8306364617044228,1.5715672393552889
0.5286616468302162,0.8306364617044228,1.5712062085169347
0.5287830944862764,0.8317152103559871,1.5728854024049606
0.5289045421423366,0.8317152103559871,1.5725242346891384
0.5290259897983969,0.8317152103559871,1.5721632327987138
0.5291474374544571,0.8317152103559871,1.5718023966195083
0.5292688851105174,0.8317152103559871,1.5714417260374476
0.5293903327665777,0.8327939590075513,1.5731189397724654
0.5295117804226378,0.8338727076591155,1.5747953841433848
0.5296332280786981,0.8338727076591155,1.5744342753646312
0.5297546757347583,0.8338727076591155,1.574073332156157
0.5298761233908186,0.8338727076591155,1.5737125544041157
0.5299975710468788,0.8338727076591155,1.5733519419947655
0.530119018702939,0.8349514563106796,1.5750264126602833
0.5302404663589992,0.8349514563106796,1.5746656645126285
0.5303619140150595,0.8349514563106796,1.574305081580521
0.5304833616711198,0.8349514563106796,1.5739446637504888
0.53060480932718,0.8349514563106796,1.5735844109091635
0.5307262569832403,0.8349514563106796,1.5732243229432803
0.5308477046393004,0.8349514563106796,1.5728643997396787
0.5309691522953607,0.8349514563106796,1.572504641185301
0.5310905999514209,0.8349514563106796,1.5721450471671932
0.5312120476074812,0.8349514563106796,1.5717856175725047
0.5313334952635415,0.8349514563106796,1.571426352288488
0.5314549429196016,0.8349514563106796,1.5710672512024992
0.5315763905756619,0.8349514563106796,1.570708314201996
0.5316978382317221,0.8349514563106796,1.5703495411745398
0.5318192858877824,0.8349514563106796,1.5699909320077952
0.5319407335438426,0.8349514563106796,1.5696324865895286
0.5320621811999029,0.8349514563106796,1.569274204807609
0.532183628855963,0.8349514563106796,1.5689160865500082
0.5323050765120233,0.8349514563106796,1.5685581317047994
0.5324265241680836,0.8349514563106796,1.5682003401601587
0.5325479718241438,0.8349514563106796,1.5678427118043639
0.5326694194802041,0.8349514563106796,1.5674852465257947
0.5327908671362642,0.8349514563106796,1.5671279442129329
0.5329123147923245,0.8349514563106796,1.566770804754361
0.5330337624483847,0.8349514563106796,1.566413828038764
0.533155210104445,0.8349514563106796,1.5660570139549284
0.5332766577605053,0.8349514563106796,1.5657003623917412
0.5333981054165655,0.8349514563106796,1.565343873238191
0.5335195530726257,0.8349514563106796,1.564987546383368
0.5336410007286859,0.8349514563106796,1.5646313817164623
0.5337624483847462,0.8349514563106796,1.5642753791267658
0.5338838960408064,0.8349514563106796,1.5639195385036704
0.5340053436968667,0.8349514563106796,1.5635638597366692
0.5341267913529268,0.8349514563106796,1.563208342715356
0.5342482390089871,0.8349514563106796,1.562852987329424
0.5343696866650474,0.8349514563106796,1.5624977934686672
0.5344911343211076,0.8349514563106796,1.56214276102298
0.5346125819771679,0.8349514563106796,1.561787889882357
0.534734029633228,0.8349514563106796,1.5614331799368921
0.5348554772892883,0.8349514563106796,1.5610786310767792
0.5349769249453485,0.8349514563106796,1.5607242431923123
0.5350983726014088,0.8349514563106796,1.5603700161738845
0.5352198202574691,0.8349514563106796,1.560015949911989
0.5353412679135293,0.8349514563106796,1.5596620442972176
0.5354627155695895,0.8349514563106796,1.5593082992202623
0.5355841632256497,0.8349514563106796,1.558954714571913
0.53570561088171,0.8349514563106796,1.5586012902430595
0.5358270585377702,0.8349514563106796,1.5582480261246907
0.5359485061938305,0.8349514563106796,1.5578949221078937
0.5360699538498906,0.8349514563106796,1.557541978083855
0.5361914015059509,0.8349514563106796,1.5571891939438587
0.5363128491620112,0.8349514563106796,1.556836569579288
0.5364342968180714,0.8349514563106796,1.5564841048816245
0.5365557444741317,0.8349514563106796,1.556131799742448
0.5366771921301919,0.8349514563106796,1.5557796540534363
0.5367986397862521,0.8349514563106796,1.5554276677063656
0.5369200874423123,0.8349514563106796,1.5550758405931093
0.5370415350983726,0.8349514563106796,1.5547241726056389
0.5371629827544329,0.8349514563106796,1.5543726636360242
0.5372844304104931,0.8349514563106796,1.554021313576432
0.5374058780665533,0.8349514563106796,1.553670122319127
0.5375273257226135,0.8349514563106796,1.55331908975647
0.5376487733786738,0.8349514563106796,1.5529682157809206
0.537770221034734,0.8349514563106796,1.552617500285035
0.5378916686907943,0.8349514563106796,1.5522669431614664
0.5380131163468546,0.8349514563106796,1.551916544302965
0.5381345640029147,0.8349514563106796,1.551566303602378
0.538256011658975,0.8349514563106796,1.5512162209526479
0.5383774593150352,0.8349514563106796,1.550866296246816
0.5384989069710955,0.8349514563106796,1.5505165293780188
0.5386203546271557,0.8349514563106796,1.5501669202394892
0.5387418022832159,0.8349514563106796,1.5498174687245574
0.5388632499392761,0.8349514563106796,1.5494681747266477
0.5389846975953364,0.8349514563106796,1.5491190381392825
0.5391061452513967,0.8349514563106796,1.548770058856079
0.5392275929074569,0.8349514563106796,1.5484212367707513
0.5393490405635172,0.8349514563106796,1.5480725717771076
0.5394704882195773,0.8349514563106796,1.5477240637690537
0.5395919358756376,0.8349514563106796,1.5473757126405887
0.5397133835316978,0.8349514563106796,1.547027518285809
0.5398348311877581,0.8349514563106796,1.5466794805989055
0.5399562788438184,0.8349514563106796,1.5463315994741644
0.5400777264998785,0.8349514563106796,1.545983874805967
0.5401991741559388,0.8349514563106796,1.5456363064887895
0.540320621811999,0.8349514563106796,1.545288894417203
0.5404420694680593,0.8349514563106796,1.5449416384858732
0.5405635171241195,0.8349514563106796,1.5445945385895608
0.5406849647801797,0.8349514563106796,1.5442475946231213
0.54080641243624,0.8349514563106796,1.5439008064815036
0.5409278600923002,0.8349514563106796,1.543554174059752
0.5410493077483605,0.8349514563106796,1.5432076972530047
0.5411707554044207,0.8349514563106796,1.5428613759564935
0.541292203060481,0.8360302049622438,1.5445081237736402
0.5414136507165411,0.8360302049622438,1.5441616661415694
0.5415350983726014,0.8360302049622438,1.543815363906507
0.5416565460286616,0.8360302049622438,1.5434692169639272
0.5417779936847219,0.8360302049622438,1.5431232252093958
0.5418994413407822,0.8360302049622438,1.5427773885385734
0.5420208889968423,0.8360302049622438,1.542431706847214
0.5421423366529026,0.8360302049622438,1.5420861800311638
0.5422637843089628,0.8360302049622438,1.5417408079863641
0.5423852319650231,0.8360302049622438,1.541395590608848
0.5425066796210833,0.8360302049622438,1.5410505277947426
0.5426281272771436,0.8360302049622438,1.5407056194402673
0.5427495749332037,0.837108953613808,1.5423484278487571
0.542871022589264,0.837108953613808,1.5420033834577394
0.5429924702453243,0.837108953613808,1.54165849341447
0.5431139179013845,0.837108953613808,1.541313757615406
0.5432353655574448,0.837108953613808,1.540969175957097
0.5433568132135049,0.837108953613808,1.540624748336186
0.5434782608695652,0.837108953613808,1.5402804746494068
0.5435997085256254,0.837108953613808,1.539936354793587
0.5437211561816857,0.837108953613808,1.5395923886656455
0.543842603837746,0.837108953613808,1.5392485761625938
0.5439640514938062,0.837108953613808,1.5389049171815348
0.5440854991498664,0.837108953613808,1.5385614116196642
0.5442069468059266,0.837108953613808,1.538218059374268
0.5443283944619869,0.837108953613808,1.5378748603427252
0.5444498421180471,0.837108953613808,1.537531814422506
0.5445712897741074,0.837108953613808,1.5371889215111718
0.5446927374301676,0.837108953613808,1.5368461815063759
0.5448141850862278,0.837108953613808,1.5365035943058616
0.5449356327422881,0.837108953613808,1.536161159807465
0.5450570803983483,0.837108953613808,1.535818877909112
0.5451785280544086,0.837108953613808,1.5354767485088203
0.5452999757104688,0.837108953613808,1.5351347715046981
0.545421423366529,0.837108953613808,1.5347929467949444
0.5455428710225892,0.837108953613808,1.5344512742778484
0.5456643186786495,0.837108953613808,1.5341097538517905
0.5457857663347098,0.837108953613808,1.5337683854152413
0.54590721399077,0.837108953613808,1.5334271688667618
0.5460286616468302,0.837108953613808,1.5330861041050035
0.5461501093028904,0.837108953613808,1.532745191028707
0.5462715569589507,0.837108953613808,1.532404429536704
0.546393004615011,0.8381877022653722,1.5340381285736997
0.5465144522710712,0.8381877022653722,1.5336972312117942
0.5466358999271314,0.8381877022653722,1.5333564853261665
0.5467573475831916,0.8381877022653722,1.5330158908158764
0.5468787952392519,0.8381877022653722,1.5326754475800743
0.5470002428953121,0.8381877022653722,1.5323351555180005
0.5471216905513724,0.8381877022653722,1.5319950145289842
0.5472431382074326,0.8381877022653722,1.5316550245124443
0.5473645858634928,0.8381877022653722,1.5313151853678888
0.547486033519553,0.8381877022653722,1.5309754969949145
0.5476074811756133,0.8381877022653722,1.530635959293208
0.5477289288316736,0.8381877022653722,1.5302965721625443
0.5478503764877338,0.8381877022653722,1.5299573355027876
0.547971824143794,0.8381877022653722,1.5296182492138908
0.5480932717998542,0.8381877022653722,1.5292793131958953
0.5482147194559145,0.8381877022653722,1.5289405273489312
0.5483361671119747,0.8381877022653722,1.528601891573217
0.548457614768035,0.8381877022653722,1.5282634057690598
0.5485790624240953,0.8381877022653722,1.527925069836855
0.5487005100801554,0.8381877022653722,1.527586883677086
0.5488219577362157,0.8381877022653722,1.5272488471903243
0.5489434053922759,0.8381877022653722,1.5269109602772288
0.5490648530483362,0.8381877022653722,1.5265732228385478
0.5491863007043964,0.8392664509169363,1.5281999020013386
0.5493077483604566,0.8392664509169363,1.5278620289299258
0.5494291960165169,0.8392664509169363,1.5275243052276866
0.5495506436725771,0.8392664509169363,1.527186730795592
0.5496720913286374,0.8392664509169363,1.5268493055347003
0.5497935389846976,0.8392664509169363,1.5265120293461572
0.5499149866407579,0.8392664509169363,1.5261749021311954
0.550036434296818,0.8392664509169363,1.5258379237911357
0.5501578819528783,0.8392664509169363,1.525501094227385
0.5502793296089385,0.8392664509169363,1.5251644133414375
0.5504007772649988,0.8403451995685005,1.5267878140439173
0.5505222249210591,0.8403451995685005,1.526450997848452
0.5506436725771192,0.8403451995685005,1.5261143302265183
0.5507651202331795,0.8403451995685005,1.525777811079831
0.5508865678892397,0.8414239482200647,1.527399644983248
0.5510080155453,0.8414239482200647,1.5270629908847284
0.5511294632013602,0.8414239482200647,1.5267264851573408
0.5512509108574205,0.8414239482200647,1.526390127703021
0.5513723585134807,0.8414239482200647,1.5260539184237916
0.5514938061695409,0.8414239482200647,1.5257178572217602
0.5516152538256012,0.8414239482200647,1.525381943999122
0.5517367014816614,0.8414239482200647,1.5250461786581582
0.5518581491377217,0.8414239482200647,1.524710561101235
0.5519795967937818,0.8414239482200647,1.524375091230806
0.5521010444498421,0.8414239482200647,1.524039768949409
0.5522224921059024,0.8414239482200647,1.5237045941596685
0.5523439397619626,0.8414239482200647,1.5233695667642948
0.5524653874180229,0.8414239482200647,1.523034686666083
0.552586835074083,0.8414239482200647,1.5226999537679151
0.5527082827301433,0.8414239482200647,1.5223653679727562
0.5528297303862035,0.8414239482200647,1.5220309291836585
0.5529511780422638,0.8414239482200647,1.5216966373037586
0.553072625698324,0.8414239482200647,1.5213624922362785
0.5531940733543843,0.8414239482200647,1.521028493884525
0.5533155210104445,0.8414239482200647,1.5206946421518905
0.5534369686665047,0.8414239482200647,1.5203609369418507
0.553558416322565,0.8414239482200647,1.520027378157967
0.5536798639786252,0.8414239482200647,1.5196939657038853
0.5538013116346855,0.8414239482200647,1.519360699483336
0.5539227592907456,0.8414239482200647,1.5190275794001344
0.5540442069468059,0.8414239482200647,1.5186946053581791
0.5541656546028662,0.8414239482200647,1.5183617772614537
0.5542871022589264,0.8414239482200647,1.5180290950140256
0.5544085499149867,0.8414239482200647,1.5176965585200466
0.5545299975710469,0.8414239482200647,1.5173641676837522
0.5546514452271071,0.8414239482200647,1.5170319224094622
0.5547728928831673,0.8414239482200647,1.516699822601579
0.5548943405392276,0.8414239482200647,1.5163678681645902
0.5550157881952879,0.8414239482200647,1.5160360590030661
0.5551372358513481,0.8414239482200647,1.515704395021661
0.5552586835074083,0.8414239482200647,1.5153728761251124
0.5553801311634685,0.8414239482200647,1.5150415022182404
0.5555015788195288,0.8414239482200647,1.5147102732059494
0.555623026475589,0.8414239482200647,1.5143791889932268
0.5557444741316493,0.8414239482200647,1.5140482494851426
0.5558659217877095,0.8414239482200647,1.51371745458685
0.5559873694437697,0.8425026968716289,1.5153270436961541
0.55610881709983,0.8425026968716289,1.514996114007642
0.5562302647558902,0.8425026968716289,1.514665328829911
0.5563517124119505,0.8425026968716289,1.514334688068324
0.5564731600680107,0.8425026968716289,1.5140041916283264
0.5565946077240709,0.8425026968716289,1.513673839415447
0.5567160553801311,0.8425026968716289,1.5133436313352953
0.5568375030361914,0.8435814455231931,1.5149508445884345
0.5569589506922517,0.8435814455231931,1.5146205020579966
0.5570803983483119,0.8435814455231931,1.514290303561799
0.5572018460043722,0.8435814455231931,1.5139602490056607
0.5573232936604323,0.8435814455231931,1.5136303382954832
0.5574447413164926,0.8435814455231931,1.513300571337249
0.5575661889725528,0.8435814455231931,1.512970948037023
0.5576876366286131,0.8435814455231931,1.5126414683009521
0.5578090842846734,0.8435814455231931,1.5123121320352648
0.5579305319407335,0.8435814455231931,1.5119829391462718
0.5580519795967938,0.8435814455231931,1.511653889540364
0.558173427252854,0.8435814455231931,1.511324983124015
0.5582948749089143,0.8435814455231931,1.510996219803779
0.5584163225649745,0.8435814455231931,1.5106675994862924
0.5585377702210347,0.8435814455231931,1.510339122078272
0.5586592178770949,0.8435814455231931,1.5100107874865158
0.5587806655331552,0.8435814455231931,1.5096825956179032
0.5589021131892155,0.8435814455231931,1.5093545463793943
0.5590235608452757,0.8435814455231931,1.50902663967803
0.559145008501336,0.8435814455231931,1.5086988754209323
0.5592664561573961,0.8435814455231931,1.5083712535153035
0.5593879038134564,0.8435814455231931,1.5080437738684265
0.5595093514695166,0.8435814455231931,1.507716436387665
0.5596307991255769,0.8435814455231931,1.5073892409804628
0.5597522467816372,0.8435814455231931,1.5070621875543442
0.5598736944376973,0.8435814455231931,1.506735276016914
0.5599951420937576,0.8446601941747572,1.5083348598644442
0.5601165897498178,0.8446601941747572,1.508007814144612
0.5602380374058781,0.8446601941747572,1.5076809102178519
0.5603594850619383,0.8446601941747572,1.5073541479919703
0.5604809327179986,0.8446601941747572,1.507027527374854
0.5606023803740587,0.8446601941747572,1.5067010482744696
0.560723828030119,0.8446601941747572,1.5063747105988632
0.5608452756861793,0.8446601941747572,1.5060485142561608
0.5609667233422395,0.8446601941747572,1.5057224591545684
0.5610881709982998,0.8446601941747572,1.5053965452023703
0.5612096186543599,0.8446601941747572,1.5050707723079315
0.5613310663104202,0.8446601941747572,1.5047451403796952
0.5614525139664804,0.8446601941747572,1.5044196493261845
0.5615739616225407,0.8446601941747572,1.5040942990560016
0.561695409278601,0.8446601941747572,1.5037690894778273
0.5618168569346612,0.8446601941747572,1.5034440205004216
0.5619383045907214,0.8446601941747572,1.503119092032624
0.5620597522467816,0.8446601941747572,1.5027943039833516
0.5621811999028419,0.8446601941747572,1.5024696562616011
0.5623026475589021,0.8446601941747572,1.5021451487764472
0.5624240952149624,0.8446601941747572,1.501820781437044
0.5625455428710225,0.8446601941747572,1.5014965541526235
0.5626669905270828,0.8446601941747572,1.5011724668324955
0.5627884381831431,0.8446601941747572,1.500848519386049
0.5629098858392033,0.8446601941747572,1.500524711722751
0.5630313334952636,0.8446601941747572,1.5002010437521465
0.5631527811513238,0.8446601941747572,1.4998775153838582
0.563274228807384,0.8446601941747572,1.4995541265275876
0.5633956764634442,0.8446601941747572,1.499230877093113
0.5635171241195045,0.8446601941747572,1.4989077669902913
0.5636385717755648,0.8457389428263214,1.5004986975289658
0.563760019431625,0.8457389428263214,1.500175453518296
0.5638814670876852,0.8457389428263214,1.499852348746916
0.5640029147437454,0.8457389428263214,1.4995293831248775
0.5641243623998057,0.8457389428263214,1.4992065565623103
0.5642458100558659,0.8457389428263214,1.498883868969421
0.5643672577119262,0.8457389428263214,1.4985613202564947
0.5644887053679863,0.8457389428263214,1.4982389103338922
0.5646101530240466,0.8457389428263214,1.4979166391120524
0.5647316006801069,0.8457389428263214,1.4975945065014906
0.5648530483361671,0.8457389428263214,1.4972725124127995
0.5649744959922274,0.8457389428263214,1.4969506567566488
0.5650959436482876,0.8457389428263214,1.4966289394437846
0.5652173913043478,0.8457389428263214,1.4963073603850303
0.565338838960408,0.8457389428263214,1.4959859194912848
0.5654602866164683,0.8457389428263214,1.4956646166735246
0.5655817342725286,0.8457389428263214,1.4953434518428024
0.5657031819285888,0.8457389428263214,1.495022424910247
0.565824629584649,0.8468176914778857,1.496608042848017
0.5659460772407092,0.8468176914778857,1.4962868823238007
0.5660675248967695,0.8478964401294499,1.497871548600277
0.5661889725528297,0.8478964401294499,1.4975502548318083
0.56631042020889,0.8478964401294499,1.497229098868945
0.5664318678649503,0.8478964401294499,1.4969080806230466
0.5665533155210104,0.8489751887810141,1.4984912549673892
0.5666747631770707,0.8489751887810141,1.4981701038197321
0.5667962108331309,0.8489751887810141,1.4978490902984507
0.5669176584891912,0.8489751887810141,1.4975282143150963
0.5670391061452514,0.8489751887810141,1.4972074757812956
0.5671605538013116,0.8489751887810141,1.4968868746087518
0.5672820014573718,0.8489751887810141,1.4965664107092422
0.5674034491134321,0.8489751887810141,1.4962460839946212
0.5675248967694924,0.8489751887810141,1.4959258943768179
0.5676463444255526,0.8489751887810141,1.4956058417678368
0.5677677920816129,0.8489751887810141,1.4952859260797582
0.567889239737673,0.8489751887810141,1.494966147224737
0.5680106873937333,0.8489751887810141,1.4946465051150033
0.5681321350497935,0.8489751887810141,1.4943269996628623
0.5682535827058538,0.8489751887810141,1.4940076307806944
0.5683750303619141,0.8489751887810141,1.493688398380955
0.5684964780179742,0.8489751887810141,1.493369302376174
0.5686179256740345,0.8489751887810141,1.4930503426789556
0.5687393733300947,0.8489751887810141,1.4927315192019794
0.568860820986155,0.8489751887810141,1.4924128318579994
0.5689822686422152,0.8489751887810141,1.492094280559844
0.5691037162982755,0.8489751887810141,1.491775865220416
0.5692251639543356,0.8489751887810141,1.4914575857526926
0.5693466116103959,0.8489751887810141,1.4911394420697248
0.5694680592664562,0.8489751887810141,1.4908214340846384
0.5695895069225164,0.8489751887810141,1.4905035617106333
0.5697109545785767,0.8489751887810141,1.4901858248609825
0.5698324022346368,0.8489751887810141,1.4898682234490346
0.5699538498906971,0.8489751887810141,1.48955075738821
0.5700752975467573,0.8489751887810141,1.4892334265920046
0.5701967452028176,0.8489751887810141,1.4889162309739872
0.5703181928588779,0.8489751887810141,1.4885991704478
0.570439640514938,0.8489751887810141,1.48828224492716
0.5705610881709983,0.8489751887810141,1.4879654543258558
0.5706825358270585,0.8489751887810141,1.4876487985577507
0.5708039834831188,0.8489751887810141,1.4873322775367808
0.570925431139179,0.8489751887810141,1.487015891176956
0.5710468787952393,0.8489751887810141,1.4866996393923584
0.5711683264512994,0.8489751887810141,1.4863835220971444
0.5712897741073597,0.8489751887810141,1.4860675392055422
0.57141122176342,0.8489751887810141,1.4857516906318533
0.5715326694194802,0.8489751887810141,1.4854359762904525
0.5716541170755405,0.8489751887810141,1.485120396095787
0.5717755647316006,0.8489751887810141,1.484804949962377
0.5718970123876609,0.8489751887810141,1.4844896378048142
0.5720184600437211,0.8489751887810141,1.4841744595377644
0.5721399076997814,0.8489751887810141,1.4838594150759647
0.5722613553558417,0.8489751887810141,1.4835445043342252
0.5723828030119019,0.8489751887810141,1.4832297272274282
0.5725042506679621,0.8489751887810141,1.4829150836705283
0.5726256983240223,0.8489751887810141,1.4826005735785515
0.5727471459800826,0.8489751887810141,1.4822861968665966
0.5728685936361428,0.8489751887810141,1.4819719534498346
0.5729900412922031,0.8489751887810141,1.4816578432435077
0.5731114889482632,0.8489751887810141,1.4813438661629308
0.5732329366043235,0.8489751887810141,1.4810300221234896
0.5733543842603838,0.8500539374325782,1.4825977803049881
0.573475831916444,0.8500539374325782,1.4822838036467278
0.5735972795725043,0.8500539374325782,1.481969959944918
0.5737187272285645,0.8500539374325782,1.4816562491151244
0.5738401748846247,0.8500539374325782,1.481342671072984
0.573961622540685,0.8500539374325782,1.4810292257342041
0.5740830701967452,0.8500539374325782,1.480715913014565
0.5742045178528055,0.8500539374325782,1.4804027328299172
0.5743259655088657,0.8500539374325782,1.4800896850961827
0.5744474131649259,0.8500539374325782,1.4797767697293551
0.5745688608209861,0.8500539374325782,1.4794639866454975
0.5746903084770464,0.8500539374325782,1.4791513357607458
0.5748117561331066,0.8500539374325782,1.4788388169913054
0.5749332037891669,0.8500539374325782,1.4785264302534533
0.5750546514452272,0.8500539374325782,1.4782141754635372
0.5751760991012873,0.8511326860841424,1.4797775627569318
0.5752975467573476,0.8511326860841424,1.4794651756843633
0.5754189944134078,0.8511326860841424,1.4791529204763252
0.5755404420694681,0.8511326860841424,1.4788407970493411
0.5756618897255283,0.8511326860841424,1.4785288053200059
0.5757833373815885,0.8511326860841424,1.478216945204984
0.5759047850376487,0.8511326860841424,1.4779052166210098
0.576026232693709,0.8511326860841424,1.477593619484889
0.5761476803497693,0.8511326860841424,1.4772821537134966
0.5762691280058295,0.8511326860841424,1.4769708192237783
0.5763905756618897,0.8511326860841424,1.4766596159327494
0.5765120233179499,0.8511326860841424,1.476348543757495
0.5766334709740102,0.8511326860841424,1.4760376026151703
0.5767549186300704,0.8511326860841424,1.4757267924230002
0.5768763662861307,0.8511326860841424,1.4754161130982797
0.576997813942191,0.8511326860841424,1.4751055645583726
0.5771192615982511,0.8511326860841424,1.4747951467207132
0.5772407092543114,0.8511326860841424,1.4744848595028042
0.5773621569103716,0.8511326860841424,1.474174702822219
0.5774836045664319,0.8511326860841424,1.473864676596599
0.5776050522224921,0.8511326860841424,1.473554780743656
0.5777264998785523,0.8511326860841424,1.4732450151811707
0.5778479475346125,0.8511326860841424,1.4729353798269922
0.5779693951906728,0.8511326860841424,1.4726258745990395
0.5780908428467331,0.8511326860841424,1.4723164994153
0.5782122905027933,0.8511326860841424,1.4720072541938307
0.5783337381588536,0.8511326860841424,1.4716981388527568
0.5784551858149137,0.8511326860841424,1.4713891533102728
0.578576633470974,0.8511326860841424,1.4710802974846409
0.5786980811270342,0.8511326860841424,1.4707715712941927
0.5788195287830945,0.8511326860841424,1.4704629746573286
0.5789409764391548,0.8511326860841424,1.4701545074925169
0.5790624240952149,0.8511326860841424,1.4698461697182947
0.5791838717512752,0.8511326860841424,1.4695379612532666
0.5793053194073354,0.8511326860841424,1.4692298820161067
0.5794267670633957,0.8511326860841424,1.4689219319255562
0.579548214719456,0.8511326860841424,1.468614110900425
0.5796696623755162,0.8511326860841424,1.468306418859591
0.5797911100315764,0.8511326860841424,1.4679988557220003
0.5799125576876366,0.8511326860841424,1.4676914214066656
0.5800340053436969,0.8511326860841424,1.4673841158326693
0.5801554529997571,0.8511326860841424,1.4670769389191602
0.5802769006558174,0.8511326860841424,1.4667698905853555
0.5803983483118775,0.8511326860841424,1.4664629707505397
0.5805197959679378,0.8511326860841424,1.4661561793340645
0.580641243623998,0.8511326860841424,1.46584951625535
0.5807626912800583,0.8511326860841424,1.465542981433883
0.5808841389361186,0.8511326860841424,1.4652365747892175
0.5810055865921788,0.8511326860841424,1.4649302962409758
0.581127034248239,0.8511326860841424,1.4646241457088462
0.5812484819042992,0.8511326860841424,1.4643181231125844
0.5813699295603595,0.8511326860841424,1.4640122283720134
0.5814913772164197,0.8511326860841424,1.4637064614070234
0.58161282487248,0.8511326860841424,1.4634008221375712
0.5817342725285402,0.8511326860841424,1.4630953104836804
0.5818557201846004,0.8511326860841424,1.4627899263654411
0.5819771678406607,0.8511326860841424,1.462484669703011
0.5820986154967209,0.8511326860841424,1.4621795404166134
0.5822200631527812,0.8511326860841424,1.461874538426539
0.5823415108088413,0.8511326860841424,1.4615696636531448
0.5824629584649016,0.8511326860841424,1.4612649160168534
0.5825844061209619,0.8511326860841424,1.4609602954381549
0.5827058537770221,0.8511326860841424,1.460655801837605
0.5828273014330824,0.8511326860841424,1.4603514351358258
0.5829487490891426,0.8511326860841424,1.460047195253506
0.5830701967452028,0.8511326860841424,1.4597430821113995
0.583191644401263,0.8511326860841424,1.4594390956303267
0.5833130920573233,0.8511326860841424,1.459135235731174
0.5834345397133835,0.8511326860841424,1.4588315023348934
0.5835559873694438,0.8511326860841424,1.4585278953625032
0.583677435025504,0.8511326860841424,1.4582244147350871
0.5837988826815642,0.8511326860841424,1.4579210603737942
0.5839203303376245,0.8511326860841424,1.4576178321998396
0.5840417779936847,0.8511326860841424,1.4573147301345037
0.584163225649745,0.8511326860841424,1.4570117540991327
0.5842846733058052,0.8511326860841424,1.4567089040151378
0.5844061209618654,0.8511326860841424,1.456406179803996
0.5845275686179257,0.8511326860841424,1.456103581387249
0.5846490162739859,0.8511326860841424,1.4558011086865037
0.5847704639300462,0.8511326860841424,1.4554987616234327
0.5848919115861064,0.8511326860841424,1.4551965401197733
0.5850133592421666,0.8511326860841424,1.454894444097328
0.5851348068982268,0.8511326860841424,1.4545924734779636
0.5852562545542871,0.8511326860841424,1.4542906281836125
0.5853777022103474,0.8511326860841424,1.4539889081362714
0.5854991498664076,0.8511326860841424,1.4536873132580022
0.5856205975224679,0.8511326860841424,1.4533858434709306
0.585742045178528,0.8511326860841424,1.4530844986972484
0.5858634928345883,0.8511326860841424,1.4527832788592099
0.5859849404906485,0.8511326860841424,1.4524821838791355
0.5861063881467088,0.8511326860841424,1.452181213679409
0.586227835802769,0.8522114347357066,1.4537205207403787
0.5863492834588292,0.8522114347357066,1.4534194187269696
0.5864707311148895,0.8522114347357066,1.453118441419302
0.5865921787709497,0.8522114347357066,1.4528175887399188
0.58671362642701,0.8522114347357066,1.4525168606114278
0.5868350740830702,0.8522114347357066,1.4522162569565
0.5869565217391305,0.8522114347357066,1.4519157776978704
0.5870779693951906,0.8522114347357066,1.4516154227583387
0.5871994170512509,0.8522114347357066,1.451315192060767
0.5873208647073112,0.8522114347357066,1.4510150855280828
0.5874423123633714,0.8522114347357066,1.4507151030832763
0.5875637600194317,0.8522114347357066,1.450415244649402
0.5876852076754918,0.8522114347357066,1.4501155101495782
0.5878066553315521,0.8522114347357066,1.4498158995069852
0.5879281029876123,0.8522114347357066,1.4495164126448685
0.5880495506436726,0.8522114347357066,1.4492170494865362
0.5881709982997329,0.8522114347357066,1.44891780995536
0.5882924459557931,0.8522114347357066,1.4486186939747745
0.5884138936118533,0.8532901833872708,1.4501530175460864
0.5885353412679135,0.8532901833872708,1.4498537701219125
0.5886567889239738,0.8532901833872708,1.449554646175116
0.588778236580034,0.8532901833872708,1.4492556456292878
0.5888996842360943,0.8532901833872708,1.4489567684080815
0.5890211318921544,0.8532901833872708,1.4486580144352141
0.5891425795482147,0.8543689320388349,1.450190432159919
0.589264027204275,0.8543689320388349,1.4498915470749725
0.5893854748603352,0.8543689320388349,1.4495927851654165
0.5895069225163955,0.8543689320388349,1.4492941463551228
0.5896283701724556,0.8554476806903991,1.450825170505612
0.5897498178285159,0.8554476806903991,1.450526400907073
0.5898712654845761,0.8554476806903991,1.4502277543349282
0.5899927131406364,0.8554476806903991,1.4499292307132043
0.5901141607966967,0.8554476806903991,1.4496308299659901
0.5902356084527569,0.8554476806903991,1.4493325520174374
0.5903570561088171,0.8565264293419633,1.4508616785027209
0.5904785037648773,0.8565264293419633,1.4505632700949662
0.5905999514209376,0.8565264293419633,1.4502649844132687
0.5907213990769978,0.8565264293419633,1.4499668213819337
0.5908428467330581,0.8565264293419633,1.449668780925329
0.5909642943891182,0.8565264293419633,1.4493708629678845
0.5910857420451785,0.8565264293419633,1.4490730674340921
0.5912071897012388,0.8565264293419633,1.4487753942485058
0.591328637357299,0.8565264293419633,1.4484778433357417
0.5914500850133593,0.8565264293419633,1.4481804146204775
0.5915715326694195,0.8565264293419633,1.4478831080274535
0.5916929803254797,0.8565264293419633,1.447585923481471
0.5918144279815399,0.8565264293419633,1.447288860907393
0.5919358756376002,0.8565264293419633,1.446991920230145
0.5920573232936605,0.8565264293419633,1.446695101374713
0.5921787709497207,0.8565264293419633,1.4463984042661455
0.5923002186057809,0.8565264293419633,1.4461018288295524
0.5924216662618411,0.8565264293419633,1.4458053749901039
0.5925431139179014,0.8565264293419633,1.4455090426730326
0.5926645615739616,0.8565264293419633,1.4452128318036324
0.5927860092300219,0.8565264293419633,1.444916742307258
0.5929074568860822,0.8565264293419633,1.444620774109325
0.5930289045421423,0.8565264293419633,1.4443249271353116
0.5931503521982026,0.8565264293419633,1.4440292013107547
0.5932717998542628,0.8565264293419633,1.443733596561254
0.5933932475103231,0.8565264293419633,1.4434381128124694
0.5935146951663833,0.8565264293419633,1.443142749990122
0.5936361428224435,0.8565264293419633,1.4428475080199932
0.5937575904785037,0.8565264293419633,1.4425523868279253
0.593879038134564,0.8565264293419633,1.4422573863398214
0.5940004857906243,0.8565264293419633,1.441962506481645
0.5941219334466845,0.8565264293419633,1.4416677471794206
0.5942433811027448,0.8565264293419633,1.4413731083592327
0.5943648287588049,0.8565264293419633,1.4410785899472265
0.5944862764148652,0.8565264293419633,1.440784191869607
0.5946077240709254,0.8565264293419633,1.4404899140526402
0.5947291717269857,0.8565264293419633,1.4401957564226517
0.594850619383046,0.8565264293419633,1.4399017189060281
0.5949720670391061,0.8565264293419633,1.4396078014292155
0.5950935146951664,0.8565264293419633,1.4393140039187196
0.5952149623512266,0.8565264293419633,1.4390203263011072
0.5953364100072869,0.8576051779935275,1.4405387669520002
0.5954578576633471,0.8576051779935275,1.4402449593307578
0.5955793053194073,0.8576051779935275,1.4399512715331784
0.5957007529754675,0.8576051779935275,1.4396577034859748
0.5958222006315278,0.8576051779935275,1.4393642551159205
0.5959436482875881,0.8576051779935275,1.4390709263498482
0.5960650959436483,0.8576051779935275,1.4387777171146507
0.5961865435997086,0.8576051779935275,1.4384846273372796
0.5963079912557687,0.8576051779935275,1.4381916569447466
0.596429438911829,0.8576051779935275,1.4378988058641227
0.5965508865678892,0.8576051779935275,1.4376060740225378
0.5966723342239495,0.8576051779935275,1.437313461347182
0.5967937818800098,0.8576051779935275,1.4370209677653043
0.5969152295360699,0.8576051779935275,1.4367285932042129
0.5970366771921302,0.8586839266450917,1.4382431757517669
0.5971581248481904,0.8586839266450917,1.4379506715468142
0.5972795725042507,0.8586839266450917,1.4376582862943645
0.5974010201603109,0.8586839266450917,1.4373660199218714
0.5975224678163712,0.8586839266450917,1.4370738723568466
0.5976439154724313,0.8597626752966558,1.43858684584285
0.5977653631284916,0.8597626752966558,1.4382945689542188
0.5978868107845519,0.8597626752966558,1.4380024108049287
0.5980082584406121,0.8597626752966558,1.437710371322637
0.5981297060966724,0.8597626752966558,1.4374184504350587
0.5982511537527325,0.8597626752966558,1.4371266480699685
0.5983726014087928,0.8597626752966558,1.4368349641551987
0.598494049064853,0.8597626752966558,1.4365433986186413
0.5986154967209133,0.86084142394822,1.438054024100151
0.5987369443769736,0.86084142394822,1.4377623295719357
0.5988583920330338,0.86084142394822,1.4374707533542168
0.598979839689094,0.86084142394822,1.4371792953750293
0.5991012873451542,0.86084142394822,1.4368879555624658
0.5992227350012145,0.86084142394822,1.4365967338446786
0.5993441826572747,0.86084142394822,1.436305630149877
0.599465630313335,0.86084142394822,1.4360146444063298
0.5995870779693951,0.86084142394822,1.4357237765423627
0.5997085256254554,0.86084142394822,1.4354330264863597
0.5998299732815157,0.86084142394822,1.4351423941667634
0.5999514209375759,0.86084142394822,1.4348518795120737
0.6000728685936362,0.86084142394822,1.4345614824508488
0.6001943162496964,0.86084142394822,1.4342712029117044
0.6003157639057566,0.86084142394822,1.4339810408233147
0.6004372115618168,0.86084142394822,1.4336909961144102
0.6005586592178771,0.86084142394822,1.4334010687137804
0.6006801068739374,0.86084142394822,1.4331112585502717
0.6008015545299976,0.86084142394822,1.4328215655527883
0.6009230021860578,0.86084142394822,1.432531989650292
0.601044449842118,0.86084142394822,1.4322425307718012
0.6011658974981783,0.86084142394822,1.4319531888463928
0.6012873451542385,0.86084142394822,1.4316639638032
0.6014087928102988,0.86084142394822,1.4313748555714143
0.601530240466359,0.86084142394822,1.4310858640802835
0.6016516881224192,0.8619201725997843,1.4325899679423948
0.6017731357784795,0.8619201725997843,1.432300847868138
0.6018945834345397,0.8619201725997843,1.4320118444686487
0.6020160310906,0.8619201725997843,1.4317229576733153
0.6021374787466602,0.8619201725997843,1.431434187411582
0.6022589264027204,0.8619201725997843,1.431145533612951
0.6023803740587806,0.8619201725997843,1.4308569962069806
0.6025018217148409,0.8619201725997843,1.4305685751232864
0.6026232693709012,0.8619201725997843,1.4302802702915405
0.6027447170269614,0.8619201725997843,1.4299920816414715
0.6028661646830216,0.8619201725997843,1.4297040091028654
0.6029876123390818,0.8619201725997843,1.4294160526055637
0.6031090599951421,0.8619201725997843,1.429128212079465
0.6032305076512023,0.8619201725997843,1.4288404874545246
0.6033519553072626,0.8619201725997843,1.4285528786607535
0.6034734029633229,0.8619201725997843,1.4282653856282195
0.603594850619383,0.8619201725997843,1.427978008287047
0.6037162982754433,0.8619201725997843,1.4276907465674158
0.6038377459315035,0.8619201725997843,1.4274036003995623
0.6039591935875638,0.8619201725997843,1.427116569713779
0.604080641243624,0.8619201725997843,1.4268296544404149
0.6042020888996842,0.8619201725997843,1.4265428545098742
0.6043235365557444,0.8629989212513485,1.4280412213793416
0.6044449842118047,0.8629989212513485,1.4277542932657432
0.604566431867865,0.8629989212513485,1.4274674804306153
0.6046878795239252,0.8629989212513485,1.4271807828044996
0.6048093271799855,0.8629989212513485,1.4268942003179925
0.6049307748360456,0.8629989212513485,1.4266077329017475
0.6050522224921059,0.8640776699029126,1.42810428221208
0.6051736701481661,0.8640776699029126,1.427817686931684
0.6052951178042264,0.8640776699029126,1.4275312066574202
0.6054165654602867,0.8651564185544768,1.4290266700857697
0.6055380131163468,0.8651564185544768,1.4287400622498119
0.6056594607724071,0.8651564185544768,1.4284535693558376
0.6057809084284673,0.8651564185544768,1.4281671913347156
0.6059023560845276,0.8651564185544768,1.4278809281173706
0.6060238037405878,0.8651564185544768,1.4275947796347819
0.6061452513966481,0.8651564185544768,1.4273087458179845
0.6062666990527082,0.8651564185544768,1.4270228265980693
0.6063881467087685,0.8651564185544768,1.426737021906181
0.6065095943648288,0.8651564185544768,1.4264513316735206
0.606631042020889,0.8651564185544768,1.4261657558313436
0.6067524896769493,0.8651564185544768,1.425880294310961
0.6068739373330094,0.8651564185544768,1.4255949470437388
0.6069953849890697,0.8651564185544768,1.4253097139610968
0.60711683264513,0.8651564185544768,1.4250245949945113
0.6072382803011902,0.8651564185544768,1.4247395900755124
0.6073597279572505,0.8651564185544768,1.4244546991356852
0.6074811756133106,0.8651564185544768,1.42416992210667
0.6076026232693709,0.8651564185544768,1.4238852589201603
0.6077240709254311,0.8651564185544768,1.423600709507906
0.6078455185814914,0.8651564185544768,1.4233162738017107
0.6079669662375516,0.8651564185544768,1.4230319517334322
0.6080884138936119,0.8651564185544768,1.4227477432349833
0.608209861549672,0.8651564185544768,1.422463648238331
0.6083313092057323,0.8651564185544768,1.4221796666754964
0.6084527568617926,0.8651564185544768,1.4218957984785552
0.6085742045178528,0.8651564185544768,1.421612043579637
0.6086956521739131,0.8651564185544768,1.421328401910926
0.6088170998299732,0.8651564185544768,1.4210448734046603
0.6089385474860335,0.8651564185544768,1.4207614579931316
0.6090599951420937,0.8651564185544768,1.4204781556086863
0.609181442798154,0.8651564185544768,1.4201949661837243
0.6093028904542143,0.8651564185544768,1.4199118896507
0.6094243381102745,0.8651564185544768,1.4196289259421206
0.6095457857663347,0.866235167206041,1.421115833188791
0.6096672334223949,0.866235167206041,1.4208327423853668
0.6097886810784552,0.866235167206041,1.4205497643446607
0.6099101287345154,0.866235167206041,1.4202668989993112
0.6100315763905757,0.866235167206041,1.4199841462820109
0.6101530240466359,0.866235167206041,1.419701506125506
0.6102744717026961,0.8673139158576052,1.4211866235167208
0.6103959193587564,0.8673139158576052,1.4209038565800878
0.6105173670148166,0.8673139158576052,1.4206212021427334
0.6106388146708769,0.8673139158576052,1.420338660137534
0.6107602623269371,0.8673139158576052,1.4200562304974191
0.6108817099829973,0.8673139158576052,1.4197739131553722
0.6110031576390575,0.8673139158576052,1.419491708044429
0.6111246052951178,0.8673139158576052,1.4192096150976792
0.6112460529511781,0.8673139158576052,1.4189276342482657
0.6113675006072383,0.8673139158576052,1.4186457654293843
0.6114889482632985,0.8673139158576052,1.4183640085742844
0.6116103959193587,0.8673139158576052,1.4180823636162672
0.611731843575419,0.8673139158576052,1.417800830488688
0.6118532912314792,0.8673139158576052,1.4175194091249546
0.6119747388875395,0.8673139158576052,1.4172380994585276
0.6120961865435998,0.8673139158576052,1.4169569014229209
0.6122176341996599,0.8673139158576052,1.4166758149517005
0.6123390818557202,0.8673139158576052,1.416394839978485
0.6124605295117804,0.8673139158576052,1.4161139764369466
0.6125819771678407,0.8673139158576052,1.4158332242608092
0.6127034248239009,0.8673139158576052,1.4155525833838496
0.6128248724799611,0.8673139158576052,1.4152720537398973
0.6129463201360213,0.8673139158576052,1.4149916352628336
0.6130677677920816,0.8673139158576052,1.414711327886593
0.6131892154481419,0.8673139158576052,1.4144311315451616
0.6133106631042021,0.8673139158576052,1.4141510461725784
0.6134321107602623,0.8673139158576052,1.4138710717029344
0.6135535584163225,0.8673139158576052,1.4135912080703725
0.6136750060723828,0.8673139158576052,1.413311455209088
0.613796453728443,0.8673139158576052,1.4130318130533284
0.6139179013845033,0.8673139158576052,1.412752281537393
0.6140393490405636,0.8673139158576052,1.4124728605956332
0.6141607966966237,0.8673139158576052,1.4121935501624523
0.614282244352684,0.8673139158576052,1.4119143501723055
0.6144036920087442,0.8673139158576052,1.4116352605596998
0.6145251396648045,0.8673139158576052,1.4113562812591938
0.6146465873208647,0.8673139158576052,1.4110774122053984
0.6147680349769249,0.8673139158576052,1.4107986533329755
0.6148894826329852,0.8673139158576052,1.4105200045766386
0.6150109302890454,0.8673139158576052,1.4102414658711535
0.6151323779451057,0.8673139158576052,1.4099630371513368
0.6152538256011659,0.8673139158576052,1.409684718352057
0.6153752732572262,0.8673139158576052,1.4094065094082338
0.6154967209132863,0.8673139158576052,1.4091284102548385
0.6156181685693466,0.8673139158576052,1.4088504208268933
0.6157396162254068,0.8673139158576052,1.4085725410594716
0.6158610638814671,0.8673139158576052,1.408294770887699
0.6159825115375274,0.8673139158576052,1.408017110246751
0.6161039591935875,0.8673139158576052,1.4077395590718553
0.6162254068496478,0.8673139158576052,1.4074621172982895
0.616346854505708,0.8673139158576052,1.4071847848613834
0.6164683021617683,0.8673139158576052,1.4069075616965172
0.6165897498178285,0.8673139158576052,1.4066304477391216
0.6167111974738888,0.8673139158576052,1.4063534429246791
0.616832645129949,0.8673139158576052,1.4060765471887224
0.6169540927860092,0.8673139158576052,1.4057997604668349
0.6170755404420695,0.8673139158576052,1.405523082694651
0.6171969880981297,0.8673139158576052,1.4052465138078554
0.61731843575419,0.8673139158576052,1.4049700537421839
0.6174398834102501,0.8673139158576052,1.404693702433423
0.6175613310663104,0.8673139158576052,1.4044174598174084
0.6176827787223707,0.8673139158576052,1.4041413258300277
0.6178042263784309,0.8673139158576052,1.4038653004072186
0.6179256740344912,0.8673139158576052,1.4035893834849686
0.6180471216905514,0.8673139158576052,1.4033135749993162
0.6181685693466116,0.8673139158576052,1.4030378748863501
0.6182900170026718,0.8673139158576052,1.4027622830822082
0.6184114646587321,0.8673139158576052,1.4024867995230796
0.6185329123147923,0.8673139158576052,1.4022114241452035
0.6186543599708526,0.8673139158576052,1.4019361568848685
0.6187758076269128,0.8673139158576052,1.4016609976784145
0.618897255282973,0.8673139158576052,1.4013859464622296
0.6190187029390333,0.8673139158576052,1.401111003172753
0.6191401505950935,0.8673139158576052,1.4008361677464733
0.6192615982511538,0.8673139158576052,1.4005614401199296
0.6193830459072139,0.8673139158576052,1.40028682022971
0.6195044935632742,0.8683926645091694,1.4017536168532643
0.6196259412193345,0.8683926645091694,1.4014788709463937
0.6197473888753947,0.8683926645091694,1.4012042327196748
0.619868836531455,0.8683926645091694,1.400929702109816
0.6199902841875152,0.8683926645091694,1.400655279053575
0.6201117318435754,0.8683926645091694,1.4003809634877598
0.6202331794996356,0.8683926645091694,1.4001067553492268
0.6203546271556959,0.8683926645091694,1.3998326545748827
0.6204760748117562,0.8683926645091694,1.3995586611016835
0.6205975224678164,0.8683926645091694,1.3992847748666342
0.6207189701238766,0.8683926645091694,1.3990109958067896
0.6208404177799368,0.8683926645091694,1.398737323859253
0.6209618654359971,0.8683926645091694,1.3984637589611777
0.6210833130920573,0.8683926645091694,1.3981903010497656
0.6212047607481176,0.8683926645091694,1.397916950062268
0.6213262084041778,0.8683926645091694,1.3976437059359852
0.621447656060238,0.8683926645091694,1.397370568608267
0.6215691037162983,0.8683926645091694,1.3970975380165105
0.6216905513723585,0.8683926645091694,1.396824614098164
0.6218119990284188,0.8683926645091694,1.3965517967907228
0.621933446684479,0.8683926645091694,1.3962790860317322
0.6220548943405392,0.8683926645091694,1.3960064817587858
0.6221763419965994,0.8683926645091694,1.395733983909526
0.6222977896526597,0.8683926645091694,1.3954615924216434
0.62241923730872,0.8683926645091694,1.3951893072328783
0.6225406849647802,0.8683926645091694,1.3949171282810184
0.6226621326208405,0.8683926645091694,1.394645055503901
0.6227835802769006,0.8683926645091694,1.3943730888394112
0.6229050279329609,0.8683926645091694,1.3941012282254828
0.6230264755890211,0.8683926645091694,1.3938294736000976
0.6231479232450814,0.8683926645091694,1.3935578249012863
0.6232693709011417,0.8683926645091694,1.393286282067128
0.6233908185572018,0.8683926645091694,1.3930148450357493
0.6235122662132621,0.8683926645091694,1.3927435137453255
0.6236337138693223,0.8683926645091694,1.39247228813408
0.6237551615253826,0.8683926645091694,1.3922011681402844
0.6238766091814428,0.8683926645091694,1.3919301537022581
0.6239980568375031,0.8683926645091694,1.391659244758369
0.6241195044935632,0.8683926645091694,1.3913884412470328
0.6242409521496235,0.8683926645091694,1.3911177431067123
0.6243623998056838,0.8683926645091694,1.3908471502759192
0.624483847461744,0.8694714131607335,1.3923040871189185
0.6246052951178043,0.8694714131607335,1.392033368844153
0.6247267427738644,0.8694714131607335,1.3917627558253267
0.6248481904299247,0.8694714131607335,1.3914922480010652
0.6249696380859849,0.8694714131607335,1.3912218453100427
0.6250910857420452,0.8694714131607335,1.390951547690981
0.6252125333981055,0.8694714131607335,1.3906813550826493
0.6253339810541656,0.8694714131607335,1.390411267423865
0.6254554287102259,0.8694714131607335,1.3901412846534913
0.6255768763662861,0.8694714131607335,1.3898714067104407
0.6256983240223464,0.8694714131607335,1.3896016335336723
0.6258197716784066,0.8694714131607335,1.3893319650621927
0.6259412193344669,0.8694714131607335,1.389062401235056
0.626062666990527,0.8694714131607335,1.3887929419913638
0.6261841146465873,0.8694714131607335,1.3885235872702637
0.6263055623026476,0.8694714131607335,1.3882543370109521
0.6264270099587078,0.8694714131607335,1.3879851911526715
0.6265484576147681,0.8694714131607335,1.387716149634712
0.6266699052708282,0.8694714131607335,1.387447212396411
0.6267913529268885,0.8694714131607335,1.3871783793771517
0.6269128005829487,0.8694714131607335,1.3869096505163656
0.627034248239009,0.8705501618122977,1.3883614240485105
0.6271556958950693,0.8705501618122977,1.3880925701708868
0.6272771435511295,0.8705501618122977,1.3878238203993143
0.6273985912071897,0.8705501618122977,1.3875551746733372
0.6275200388632499,0.8705501618122977,1.3872866329325448
0.6276414865193102,0.8716289104638619,1.38873692893952
0.6277629341753704,0.8716289104638619,1.3884682624800617
0.6278843818314307,0.8727076591154261,1.3899177688890558
0.6280058294874908,0.8727076591154261,1.3896489779842234
0.6281272771435511,0.8737864077669902,1.3910976955826369
0.6282487247996114,0.8737864077669902,1.3908287805051995
0.6283701724556716,0.8737864077669902,1.3905599693763815
0.6284916201117319,0.8737864077669902,1.3902912621359222
0.6286130677677921,0.8737864077669902,1.3900226587236084
0.6287345154238523,0.8737864077669902,1.3897541590792732
0.6288559630799125,0.8737864077669902,1.389485763142796
0.6289774107359728,0.8737864077669902,1.3892174708541027
0.6290988583920331,0.8737864077669902,1.3889492821531655
0.6292203060480933,0.8737864077669902,1.3886811969800033
0.6293417537041535,0.8748651564185544,1.3901273056639092
0.6294632013602137,0.8748651564185544,1.3898590966525908
0.629584649016274,0.8748651564185544,1.389590991116971
0.6297060966723342,0.8748651564185544,1.3893229889971799
0.6298275443283945,0.8748651564185544,1.3890550902333931
0.6299489919844548,0.8748651564185544,1.388787294765833
0.6300704396405149,0.8759439050701187,1.3902317105526902
0.6301918872965752,0.8759439050701187,1.3899637915489222
0.6303133349526354,0.8759439050701187,1.3896959757894716
0.6304347826086957,0.8759439050701187,1.3894282632146708
0.6305562302647559,0.8759439050701187,1.3891606537648993
0.6306776779208161,0.8759439050701187,1.388893147380581
0.6307991255768763,0.8759439050701187,1.3886257440021865
0.6309205732329366,0.8759439050701187,1.3883584435702323
0.6310420208889969,0.8759439050701187,1.3880912460252803
0.6311634685450571,0.8759439050701187,1.3878241513079386
0.6312849162011173,0.8759439050701187,1.3875571593588607
0.6314063638571775,0.8759439050701187,1.3872902701187455
0.6315278115132378,0.8759439050701187,1.387023483528338
0.631649259169298,0.8759439050701187,1.3867567995284285
0.6317707068253583,0.8759439050701187,1.3864902180598533
0.6318921544814186,0.8759439050701187,1.3862237390634935
0.6320136021374787,0.8759439050701187,1.3859573624802761
0.632135049793539,0.8759439050701187,1.3856910882511733
0.6322564974495992,0.8759439050701187,1.3854249163172028
0.6323779451056595,0.8759439050701187,1.3851588466194271
0.6324993927617197,0.8759439050701187,1.3848928790989548
0.6326208404177799,0.8759439050701187,1.3846270136969394
0.6327422880738401,0.8759439050701187,1.3843612503545792
0.6328637357299004,0.8759439050701187,1.384095589013118
0.6329851833859607,0.8759439050701187,1.3838300296138444
0.6331066310420209,0.8759439050701187,1.3835645720980927
0.6332280786980812,0.8759439050701187,1.3832992164072413
0.6333495263541413,0.8759439050701187,1.3830339624827148
0.6334709740102016,0.8759439050701187,1.382768810265981
0.6335924216662618,0.8759439050701187,1.382503759698554
0.6337138693223221,0.8759439050701187,1.3822388107219925
0.6338353169783824,0.8770226537216829,1.3836759016563205
0.6339567646344425,0.8770226537216829,1.3834108296445091
0.6340782122905028,0.8770226537216829,1.383145859173403
0.634199659946563,0.8770226537216829,1.3828809901846681
0.6343211076026233,0.8770226537216829,1.3826162226200147
0.6344425552586835,0.8770226537216829,1.3823515564211977
0.6345640029147438,0.8770226537216829,1.3820869915300165
0.6346854505708039,0.8770226537216829,1.3818225278883156
0.6348068982268642,0.8770226537216829,1.381558165437983
0.6349283458829245,0.8770226537216829,1.381293904120952
0.6350497935389847,0.8770226537216829,1.3810297438791999
0.635171241195045,0.8770226537216829,1.3807656846547487
0.6352926888511051,0.8770226537216829,1.3805017263896648
0.6354141365071654,0.8770226537216829,1.3802378690260584
0.6355355841632256,0.8770226537216829,1.3799741125060838
0.6356570318192859,0.8770226537216829,1.3797104567719405
0.6357784794753462,0.8770226537216829,1.3794469017658713
0.6358999271314064,0.8770226537216829,1.3791834474301634
0.6360213747874666,0.8770226537216829,1.3789200937071486
0.6361428224435268,0.8770226537216829,1.3786568405392015
0.6362642700995871,0.8770226537216829,1.3783936878687415
0.6363857177556473,0.8770226537216829,1.3781306356382321
0.6365071654117076,0.8770226537216829,1.3778676837901804
0.6366286130677677,0.8770226537216829,1.377604832267138
0.636750060723828,0.8770226537216829,1.3773420810116987
0.6368715083798883,0.8770226537216829,1.3770794299665021
0.6369929560359485,0.8770226537216829,1.3768168790742301
0.6371144036920088,0.8770226537216829,1.376554428277609
0.6372358513480689,0.8770226537216829,1.3762920775194087
0.6373572990041292,0.8770226537216829,1.3760298267424422
0.6374787466601894,0.8770226537216829,1.375767675889567
0.6376001943162497,0.8770226537216829,1.3755056249036832
0.63772164197231,0.8770226537216829,1.375243673727735
0.6378430896283702,0.8770226537216829,1.3749818223047099
0.6379645372844304,0.8770226537216829,1.374720070577639
0.6380859849404906,0.8770226537216829,1.3744584184895958
0.6382074325965509,0.8770226537216829,1.3741968659836987
0.6383288802526111,0.8770226537216829,1.373935413003108
0.6384503279086714,0.8770226537216829,1.3736740594910284
0.6385717755647315,0.8770226537216829,1.373412805390707
0.6386932232207918,0.8770226537216829,1.373151650645434
0.6388146708768521,0.8770226537216829,1.372890595198543
0.6389361185329123,0.8770226537216829,1.3726296389934112
0.6390575661889726,0.8770226537216829,1.372368781973458
0.6391790138450328,0.8781014023732471,1.3737957338288649
0.639300461501093,0.8781014023732471,1.373534754396147
0.6394219091571532,0.8781014023732471,1.373273874100915
0.6395433568132135,0.8781014023732471,1.3730130928866913
0.6396648044692738,0.8781014023732471,1.3727524106970412
0.639786252125334,0.8781014023732471,1.3724918274755724
0.6399076997813942,0.8781014023732471,1.372231343165936
0.6400291474374544,0.8781014023732471,1.3719709577118249
0.6401505950935147,0.8781014023732471,1.3717106710569753
0.6402720427495749,0.8781014023732471,1.3714504831451662
0.6403934904056352,0.8791801510248112,1.372874903003659
0.6405149380616955,0.8791801510248112,1.372614593010674
0.6406363857177556,0.8791801510248112,1.372354381713421
0.6407578333738159,0.8791801510248112,1.37209426905578
0.6408792810298761,0.8791801510248112,1.3718342549816742
0.6410007286859364,0.8802588996763754,1.3732572527349896
0.6411221763419966,0.8802588996763754,1.3729971168659356
0.6412436239980568,0.8802588996763754,1.3727370795331961
0.641365071654117,0.8802588996763754,1.3724771406807943
0.6414865193101773,0.8802588996763754,1.3722173002527973
0.6416079669662376,0.8802588996763754,1.3719575581933134
0.6417294146222978,0.8802588996763754,1.371697914446494
0.6418508622783581,0.8802588996763754,1.3714383689565326
0.6419723099344182,0.8802588996763754,1.3711789216676646
0.6420937575904785,0.8813376483279396,1.3725996210199083
0.6422152052465387,0.8813376483279396,1.3723400522564777
0.642336652902599,0.8813376483279396,1.3720805816472403
0.6424581005586593,0.8824163969795038,1.3735003048637493
0.6425795482147194,0.8824163969795038,1.3732407130465385
0.6427009958707797,0.8824163969795038,1.37298121933659
0.6428224435268399,0.8824163969795038,1.3727218236782985
0.6429438911829002,0.8824163969795038,1.3724625260161
0.6430653388389604,0.8824163969795038,1.3722033262944728
0.6431867864950207,0.8824163969795038,1.371944224457937
0.6433082341510808,0.8824163969795038,1.3716852204510543
0.6434296818071411,0.8824163969795038,1.3714263142184286
0.6435511294632014,0.8824163969795038,1.3711675057047055
0.6436725771192616,0.8824163969795038,1.3709087948545724
0.6437940247753219,0.8824163969795038,1.3706501816127588
0.643915472431382,0.8824163969795038,1.3703916659240352
0.6440369200874423,0.883495145631068,1.3718082272536705
0.6441583677435025,0.883495145631068,1.3715495907100705
0.6442798153995628,0.883495145631068,1.3712910516731789
0.6444012630556231,0.883495145631068,1.3710326100878654
0.6445227107116832,0.883495145631068,1.3707742658990418
0.6446441583677435,0.883495145631068,1.3705160190516605
0.6447656060238037,0.883495145631068,1.3702578694907166
0.644887053679864,0.883495145631068,1.3699998171612455
0.6450085013359242,0.883495145631068,1.369741862008325
0.6451299489919845,0.883495145631068,1.3694840039770733
0.6452513966480447,0.883495145631068,1.369226243012651
0.6453728443041049,0.883495145631068,1.3689685790602586
0.6454942919601652,0.883495145631068,1.3687110120651391
0.6456157396162254,0.883495145631068,1.368453541972576
0.6457371872722857,0.883495145631068,1.3681961687278943
0.6458586349283458,0.883495145631068,1.3679388922764601
0.6459800825844061,0.883495145631068,1.36768171256368
0.6461015302404663,0.8845738942826321,1.369094256677292
0.6462229778965266,0.8845738942826321,1.3688369564974991
0.6463444255525869,0.8845738942826321,1.3685797530107464
0.6464658732086471,0.8845738942826321,1.3683226461625384
0.6465873208647073,0.8845738942826321,1.368065635898421
0.6467087685207675,0.8845738942826321,1.3678087221639799
0.6468302161768278,0.8845738942826321,1.3675519049048428
0.646951663832888,0.8845738942826321,1.3672951840666778
0.6470731114889483,0.8845738942826321,1.3670385595951937
0.6471945591450085,0.8845738942826321,1.3667820314361405
0.6473160068010687,0.8845738942826321,1.3665255995353083
0.647437454457129,0.8845738942826321,1.366269263838528
0.6475589021131892,0.8856526429341963,1.3676788938334907
0.6476803497692495,0.8856526429341963,1.367422438012408
0.6478017974253097,0.8856526429341963,1.3671660783502384
0.6479232450813699,0.8856526429341963,1.3669098147929097
0.6480446927374302,0.8856526429341963,1.3666536472863893
0.6481661403934904,0.8856526429341963,1.366397575776686
0.6482875880495507,0.8856526429341963,1.3661416002098488
0.6484090357056109,0.8856526429341963,1.365885720531967
0.6485304833616711,0.8856526429341963,1.3656299366891709
0.6486519310177313,0.8856526429341963,1.3653742486276301
0.6487733786737916,0.8856526429341963,1.3651186562935553
0.6488948263298518,0.8856526429341963,1.364863159633197
0.6490162739859121,0.8856526429341963,1.3646077585928467
0.6491377216419724,0.8856526429341963,1.3643524531188347
0.6492591692980325,0.8856526429341963,1.3640972431575333
0.6493806169540928,0.8856526429341963,1.363842128655353
0.649502064610153,0.8856526429341963,1.3635871095587457
0.6496235122662133,0.8856526429341963,1.3633321858142031
0.6497449599222735,0.8856526429341963,1.3630773573682564
0.6498664075783337,0.8856526429341963,1.3628226241674777
0.649987855234394,0.8856526429341963,1.3625679861584776
0.6501093028904542,0.8856526429341963,1.3623134432879083
0.6502307505465145,0.8856526429341963,1.3620589955024602
0.6503521982025747,0.8856526429341963,1.361804642748865
0.6504736458586349,0.8856526429341963,1.3615503849738935
0.6505950935146951,0.8856526429341963,1.3612962221243556
0.6507165411707554,0.8856526429341963,1.361042154147102
0.6508379888268156,0.8856526429341963,1.3607881809890228
0.6509594364828759,0.8856526429341963,1.360534302597047
0.6510808841389362,0.8867313915857605,1.3619373770410654
0.6512023317949963,0.8867313915857605,1.3616833790222216
0.6513237794510566,0.8867313915857605,1.3614294757257417
0.6514452271071168,0.8867313915857605,1.3611756670986488
0.6515666747631771,0.8867313915857605,1.360921953088006
0.6516881224192373,0.8867313915857605,1.3606683336409153
0.6518095700752975,0.8867313915857605,1.360414808704519
0.6519310177313578,0.8867313915857605,1.3601613782259971
0.652052465387418,0.8867313915857605,1.3599080421525707
0.6521739130434783,0.8867313915857605,1.3596548004314994
0.6522953606995385,0.8867313915857605,1.3594016530100823
0.6524168083555988,0.8867313915857605,1.3591485998356574
0.6525382560116589,0.8867313915857605,1.3588956408556025
0.6526597036677192,0.8867313915857605,1.3586427760173339
0.6527811513237795,0.8867313915857605,1.3583900052683073
0.6529025989798397,0.8867313915857605,1.3581373285560179
0.6530240466359,0.8867313915857605,1.3578847458279992
0.6531454942919601,0.8867313915857605,1.3576322570318247
0.6532669419480204,0.8867313915857605,1.3573798621151054
0.6533883896040806,0.8867313915857605,1.357127561025493
0.6535098372601409,0.8867313915857605,1.3568753537106768
0.6536312849162011,0.8867313915857605,1.3566232401183858
0.6537527325722614,0.8867313915857605,1.3563712201963871
0.6538741802283216,0.8867313915857605,1.3561192938924875
0.6539956278843818,0.8867313915857605,1.3558674611545316
0.6541170755404421,0.8867313915857605,1.3556157219304033
0.6542385231965023,0.8867313915857605,1.3553640761680252
0.6543599708525626,0.8867313915857605,1.3551125238153585
0.6544814185086227,0.8867313915857605,1.3548610648204031
0.654602866164683,0.8867313915857605,1.354609699131197
0.6547243138207433,0.8867313915857605,1.3543584266958175
0.6548457614768035,0.8867313915857605,1.3541072474623799
0.6549672091328638,0.8867313915857605,1.353856161379038
0.655088656788924,0.8867313915857605,1.3536051683939843
0.6552101044449842,0.8867313915857605,1.35335426845545
0.6553315521010444,0.8867313915857605,1.3531034615117035
0.6554529997571047,0.8867313915857605,1.3528527475110528
0.655574447413165,0.8867313915857605,1.3526021264018437
0.6556958950692252,0.8867313915857605,1.35235159813246
0.6558173427252854,0.8867313915857605,1.3521011626513246
0.6559387903813456,0.8867313915857605,1.3518508199068973
0.6560602380374059,0.8867313915857605,1.3516005698476772
0.6561816856934661,0.8867313915857605,1.351350412422201
0.6563031333495264,0.8867313915857605,1.3511003475790437
0.6564245810055865,0.8867313915857605,1.3508503752668184
0.6565460286616468,0.8867313915857605,1.3506004954341755
0.656667476317707,0.8867313915857605,1.3503507080298045
0.6567889239737673,0.8867313915857605,1.350101013002432
0.6569103716298276,0.8867313915857605,1.349851410300823
0.6570318192858878,0.8867313915857605,1.3496018998737804
0.657153266941948,0.8867313915857605,1.3493524816701445
0.6572747145980082,0.8867313915857605,1.3491031556387938
0.6573961622540685,0.8867313915857605,1.3488539217286444
0.6575176099101288,0.8867313915857605,1.3486047798886502
0.657639057566189,0.8867313915857605,1.3483557300678026
0.6577605052222492,0.8867313915857605,1.3481067722151316
0.6578819528783094,0.8867313915857605,1.3478579062797034
0.6580034005343697,0.8867313915857605,1.3476091322106225
0.6581248481904299,0.8867313915857605,1.3473604499570313
0.6582462958464902,0.8867313915857605,1.3471118594681093
0.6583677435025505,0.8867313915857605,1.3468633606930736
0.6584891911586106,0.8867313915857605,1.346614953581179
0.6586106388146709,0.8867313915857605,1.3463666380817172
0.6587320864707311,0.8867313915857605,1.3461184141440177
0.6588535341267914,0.8867313915857605,1.3458702817174473
0.6589749817828516,0.8878101402373247,1.3472592507766552
0.6590964294389118,0.8878101402373247,1.347010999578797
0.659217877094972,0.8878101402373247,1.346762839851535
0.6593393247510323,0.8888888888888888,1.3481508769775485
0.6594607724070926,0.8888888888888888,1.347902598731328
0.6595822200631528,0.8888888888888888,1.3476544119151372
0.6597036677192131,0.8888888888888888,1.3474063164784813
0.6598251153752732,0.8888888888888888,1.3471583123709021
0.6599465630313335,0.8888888888888888,1.3469103995419784
0.6600680106873937,0.8888888888888888,1.3466625779413268
0.660189458343454,0.8888888888888888,1.3464148475186002
0.6603109059995143,0.8888888888888888,1.346167208223489
0.6604323536555744,0.8888888888888888,1.345919660005721
0.6605538013116347,0.8888888888888888,1.3456722028150598
0.6606752489676949,0.889967637540453,1.3470576337331048
0.6607966966237552,0.889967637540453,1.3468100583547309
0.6609181442798154,0.889967637540453,1.3465625739632654
0.6610395919358757,0.889967637540453,1.3463151805085596
0.6611610395919358,0.889967637540453,1.3460678779405015
0.6612824872479961,0.889967637540453,1.3458206662090157
0.6614039349040564,0.889967637540453,1.3455735452640636
0.6615253825601166,0.889967637540453,1.3453265150556435
0.6616468302161769,0.889967637540453,1.3450795755337903
0.661768277872237,0.889967637540453,1.344832726648576
0.6618897255282973,0.889967637540453,1.3445859683501085
0.6620111731843575,0.889967637540453,1.3443393005885325
0.6621326208404178,0.889967637540453,1.3440927233140298
0.662254068496478,0.889967637540453,1.3438462364768182
0.6623755161525382,0.889967637540453,1.3435998400271527
0.6624969638085985,0.889967637540453,1.3433535339153237
0.6626184114646587,0.889967637540453,1.3431073180916588
0.662739859120719,0.889967637540453,1.342861192506522
0.6628613067767792,0.889967637540453,1.3426151571103133
0.6629827544328395,0.889967637540453,1.3423692118534696
0.6631042020888996,0.889967637540453,1.3421233566864634
0.6632256497449599,0.889967637540453,1.3418775915598042
0.6633470974010202,0.889967637540453,1.3416319164240371
0.6634685450570804,0.889967637540453,1.3413863312297438
0.6635899927131407,0.889967637540453,1.341140835927542
0.6637114403692008,0.889967637540453,1.3408954304680862
0.6638328880252611,0.889967637540453,1.3406501148020655
0.6639543356813213,0.889967637540453,1.3404048888802067
0.6640757833373816,0.889967637540453,1.3401597526532718
0.6641972309934419,0.889967637540453,1.3399147060720589
0.6643186786495021,0.889967637540453,1.339669749087402
0.6644401263055623,0.889967637540453,1.339424881650172
0.6645615739616225,0.889967637540453,1.3391801037112738
0.6646830216176828,0.889967637540453,1.33893541522165
0.664804469273743,0.889967637540453,1.3386908161322781
0.6649259169298033,0.889967637540453,1.3384463063941716
0.6650473645858634,0.889967637540453,1.3382018859583804
0.6651688122419237,0.889967637540453,1.3379575547759888
0.665290259897984,0.889967637540453,1.337713312798118
0.6654117075540442,0.889967637540453,1.3374691599759245
0.6655331552101045,0.889967637540453,1.3372250962606003
0.6656546028661647,0.889967637540453,1.3369811216033733
0.6657760505222249,0.889967637540453,1.3367372359555072
0.6658974981782851,0.889967637540453,1.3364934392683003
0.6660189458343454,0.889967637540453,1.3362497314930872
0.6661403934904057,0.889967637540453,1.336006112581238
0.6662618411464659,0.889967637540453,1.335762582484158
0.6663832888025261,0.889967637540453,1.3355191411532878
0.6665047364585863,0.889967637540453,1.335275788540104
0.6666261841146466,0.889967637540453,1.3350325245961179
0.6667476317707068,0.889967637540453,1.3347893492728762
0.6668690794267671,0.889967637540453,1.3345462625219613
0.6669905270828274,0.889967637540453,1.3343032642949908
0.6671119747388875,0.889967637540453,1.3340603545436174
0.6672334223949478,0.889967637540453,1.3338175332195288
0.667354870051008,0.889967637540453,1.3335748002744476
0.6674763177070683,0.889967637540453,1.3333321556601327
0.6675977653631285,0.889967637540453,1.3330895993283773
0.6677192130191887,0.889967637540453,1.3328471312310097
0.6678406606752489,0.889967637540453,1.3326047513198929
0.6679621083313092,0.889967637540453,1.3323624595469254
0.6680835559873695,0.889967637540453,1.332120255864041
0.6682050036434297,0.889967637540453,1.3318781402232078
0.6683264512994899,0.889967637540453,1.3316361125764293
0.6684478989555501,0.889967637540453,1.3313941728757432
0.6685693466116104,0.889967637540453,1.3311523210732226
0.6686907942676706,0.889967637540453,1.3309105571209754
0.6688122419237309,0.889967637540453,1.330668880971144
0.6689336895797912,0.889967637540453,1.330427292575906
0.6690551372358513,0.889967637540453,1.3301857918874733
0.6691765848919116,0.889967637540453,1.3299443788580927
0.6692980325479718,0.889967637540453,1.3297030534400454
0.6694194802040321,0.889967637540453,1.3294618155856477
0.6695409278600923,0.889967637540453,1.3292206652472502
0.6696623755161525,0.889967637540453,1.3289796023772382
0.6697838231722127,0.889967637540453,1.328738626928031
0.669905270828273,0.889967637540453,1.328497738852083
0.6700267184843333,0.889967637540453,1.3282569381018834
0.6701481661403935,0.889967637540453,1.3280162246299547
0.6702696137964538,0.889967637540453,1.3277755983888548
0.6703910614525139,0.889967637540453,1.3275350593311759
0.6705125091085742,0.889967637540453,1.3272946074095437
0.6706339567646344,0.889967637540453,1.327054242576619
0.6707554044206947,0.889967637540453,1.326813964785097
0.670876852076755,0.889967637540453,1.3265737739877064
0.6709982997328151,0.889967637540453,1.326333670137211
0.6711197473888754,0.889967637540453,1.326093653186408
0.6712411950449356,0.889967637540453,1.3258537230881293
0.6713626427009959,0.889967637540453,1.3256138797952406
0.6714840903570561,0.889967637540453,1.3253741232606422
0.6716055380131164,0.889967637540453,1.3251344534372675
0.6717269856691765,0.889967637540453,1.3248948702780854
0.6718484333252368,0.889967637540453,1.3246553737360973
0.6719698809812971,0.889967637540453,1.3244159637643396
0.6720913286373573,0.889967637540453,1.324176640315882
0.6722127762934176,0.889967637540453,1.3239374033438283
0.6723342239494777,0.889967637540453,1.323698252801317
0.672455671605538,0.889967637540453,1.323459188641519
0.6725771192615982,0.889967637540453,1.32322021081764
0.6726985669176585,0.889967637540453,1.3229813192829194
0.6728200145737188,0.889967637540453,1.32274251399063
0.672941462229779,0.889967637540453,1.3225037948940785
0.6730629098858392,0.889967637540453,1.3222651619466061
0.6731843575418994,0.889967637540453,1.3220266151015858
0.6733058051979597,0.889967637540453,1.3217881543124261
0.6734272528540199,0.8910463861920173,1.3231516580532137
0.6735487005100802,0.8910463861920173,1.3229130804012026
0.6736701481661403,0.8910463861920173,1.3226745887696179
0.6737915958222006,0.8910463861920173,1.3224361831119449
0.6739130434782609,0.8910463861920173,1.322197863381703
0.6740344911343211,0.8910463861920173,1.321959629532445
0.6741559387903814,0.8910463861920173,1.3217214815177571
0.6742773864464415,0.8910463861920173,1.3214834192912592
0.6743988341025018,0.8910463861920173,1.3212454428066038
0.674520281758562,0.8910463861920173,1.3210075520174775
0.6746417294146223,0.8910463861920173,1.3207697468776003
0.6747631770706826,0.8910463861920173,1.3205320273407253
0.6748846247267428,0.8910463861920173,1.3202943933606388
0.675006072382803,0.8910463861920173,1.3200568448911605
0.6751275200388632,0.8910463861920173,1.3198193818861432
0.6752489676949235,0.8910463861920173,1.319582004299473
0.6753704153509837,0.8910463861920173,1.3193447120850692
0.675491863007044,0.8910463861920173,1.3191075051968841
0.6756133106631041,0.8910463861920173,1.3188703835889035
0.6757347583191644,0.8921251348435815,1.3202297556258178
0.6758562059752247,0.8921251348435815,1.3199925175744924
0.6759776536312849,0.8921251348435815,1.319755364768604
0.6760991012873452,0.8921251348435815,1.3195182971622148
0.6762205489434054,0.8921251348435815,1.3192813147094198
0.6763419965994656,0.8921251348435815,1.3190444173643474
0.6764634442555258,0.8921251348435815,1.318807605081158
0.6765848919115861,0.8921251348435815,1.318570877814046
0.6767063395676464,0.8921251348435815,1.3183342355172378
0.6768277872237066,0.8921251348435815,1.3180976781449936
0.6769492348797668,0.8921251348435815,1.3178612056516057
0.677070682535827,0.8921251348435815,1.3176248179913992
0.6771921301918873,0.8921251348435815,1.3173885151187321
0.6773135778479475,0.8921251348435815,1.3171522969879952
0.6774350255040078,0.8921251348435815,1.3169161635536124
0.6775564731600681,0.8921251348435815,1.3166801147700393
0.6776779208161282,0.8921251348435815,1.3164441505917652
0.6777993684721885,0.8921251348435815,1.3162082709733112
0.6779208161282487,0.8932038834951457,1.317563736420464
0.678042263784309,0.8932038834951457,1.317327740766439
0.6781637114403692,0.8932038834951457,1.3170918296380782
0.6782851590964294,0.8932038834951457,1.3168560029899785
0.6784066067524896,0.8932038834951457,1.3166202607767687
0.6785280544085499,0.8932038834951457,1.3163846029531108
0.6786495020646102,0.8932038834951457,1.3161490294736988
0.6787709497206704,0.8932038834951457,1.3159135402932598
0.6788923973767307,0.8932038834951457,1.3156781353665525
0.6790138450327908,0.8932038834951457,1.3154428146483688
0.6791352926888511,0.8932038834951457,1.3152075780935317
0.6792567403449113,0.8932038834951457,1.3149724256568978
0.6793781880009716,0.8932038834951457,1.3147373572933552
0.6794996356570319,0.8932038834951457,1.3145023729578247
0.679621083313092,0.8932038834951457,1.3142674726052592
0.6797425309691523,0.8932038834951457,1.3140326561906432
0.6798639786252125,0.8932038834951457,1.3137979236689943
0.6799854262812728,0.8932038834951457,1.3135632749953616
0.680106873937333,0.8932038834951457,1.3133287101248265
0.6802283215933932,0.8932038834951457,1.3130942290125032
0.6803497692494535,0.8932038834951457,1.3128598316135363
0.6804712169055137,0.8932038834951457,1.3126255178831037
0.680592664561574,0.8932038834951457,1.312391287776415
0.6807141122176342,0.8932038834951457,1.3121571412487116
0.6808355598736945,0.8932038834951457,1.3119230782552673
0.6809570075297546,0.8942826321467098,1.3132732643295897
0.6810784551858149,0.8942826321467098,1.313039085787448
0.6811999028418751,0.8942826321467098,1.312804990746302
0.6813213504979354,0.8942826321467098,1.3125709791614988
0.6814427981539957,0.8942826321467098,1.312337050988417
0.6815642458100558,0.8942826321467098,1.3121032061824678
0.6816856934661161,0.8942826321467098,1.3118694446990928
0.6818071411221763,0.8942826321467098,1.311635766493767
0.6819285887782366,0.8942826321467098,1.3114021715219961
0.6820500364342968,0.8942826321467098,1.3111686597393177
0.6821714840903571,0.8942826321467098,1.310935231101301
0.6822929317464173,0.8942826321467098,1.3107018855635473
0.6824143794024775,0.8942826321467098,1.3104686230816887
0.6825358270585378,0.8942826321467098,1.3102354436113894
0.682657274714598,0.8942826321467098,1.310002347108345
0.6827787223706583,0.8942826321467098,1.3097693335282832
0.6829001700267184,0.8942826321467098,1.3095364028269623
0.6830216176827787,0.8942826321467098,1.3093035549601721
0.683143065338839,0.8942826321467098,1.3090707898837348
0.6832645129948992,0.8942826321467098,1.3088381075535032
0.6833859606509595,0.8942826321467098,1.3086055079253613
0.6835074083070197,0.8942826321467098,1.3083729909552253
0.6836288559630799,0.8942826321467098,1.3081405565990423
0.6837503036191401,0.8942826321467098,1.3079082048127901
0.6838717512752004,0.8942826321467098,1.3076759355524787
0.6839931989312606,0.8942826321467098,1.3074437487741493
0.6841146465873209,0.8942826321467098,1.3072116444338733
0.684236094243381,0.8942826321467098,1.3069796224877546
0.6843575418994413,0.8942826321467098,1.3067476828919269
0.6844789895555016,0.8942826321467098,1.3065158256025564
0.6846004372115618,0.8942826321467098,1.3062840505758397
0.6847218848676221,0.8942826321467098,1.3060523577680043
0.6848433325236823,0.8942826321467098,1.3058207471353092
0.6849647801797425,0.8942826321467098,1.305589218634044
0.6850862278358028,0.8942826321467098,1.3053577722205298
0.685207675491863,0.8942826321467098,1.305126407851118
0.6853291231479233,0.8942826321467098,1.3048951254821917
0.6854505708039835,0.895361380798274,1.3062377054381622
0.6855720184600437,0.895361380798274,1.3060063081475621
0.6856934661161039,0.895361380798274,1.3057749928255382
0.6858149137721642,0.895361380798274,1.305543759428544
0.6859363614282245,0.895361380798274,1.3053126079130644
0.6860578090842847,0.895361380798274,1.3050815382356147
0.6861792567403449,0.8964401294498382,1.3064226594495518
0.6863007043964051,0.8964401294498382,1.3061914751176726
0.6864221520524654,0.8964401294498382,1.305960372591997
0.6865435997085256,0.8964401294498382,1.3057293518291115
0.6866650473645859,0.8964401294498382,1.3054984127856328
0.6867864950206461,0.8964401294498382,1.3052675554182083
0.6869079426767063,0.8975188781014024,1.3066072210549766
0.6870293903327666,0.8975188781014024,1.3063762492994428
0.6871508379888268,0.8975188781014024,1.3061453591882197
0.6872722856448871,0.8975188781014024,1.3059145506780256
0.6873937333009473,0.8975188781014024,1.305683823725609
0.6875151809570075,0.8985976267529665,1.3070222325885756
0.6876366286130677,0.8985976267529665,1.3067913915019298
0.687758076269128,0.8985976267529665,1.3065606319413607
0.6878795239251883,0.8985976267529665,1.3063299538636874
0.6880009715812485,0.8985976267529665,1.306099357225759
0.6881224192373088,0.8985976267529665,1.3058688419844557
0.6882438668933689,0.8985976267529665,1.3056384080966872
0.6883653145494292,0.8985976267529665,1.3054080555193943
0.6884867622054894,0.8985976267529665,1.3051777842095478
0.6886082098615497,0.8985976267529665,1.3049475941241493
0.68872965751761,0.8985976267529665,1.3047174852202303
0.6888511051736701,0.8985976267529665,1.304487457454853
0.6889725528297304,0.8985976267529665,1.3042575107851095
0.6890940004857906,0.8996763754045307,1.3055931045260674
0.6892154481418509,0.8996763754045307,1.30536304406712
0.6893368957979111,0.8996763754045307,1.305133064672464
0.6894583434539714,0.8996763754045307,1.3049031662992612
0.6895797911100315,0.8996763754045307,1.3046733489047035
0.6897012387660918,0.8996763754045307,1.3044436124460126
0.689822686422152,0.8996763754045307,1.3042139568804412
0.6899441340782123,0.8996763754045307,1.3039843821652712
0.6900655817342726,0.8996763754045307,1.3037548882578152
0.6901870293903327,0.8996763754045307,1.3035254751154155
0.690308477046393,0.8996763754045307,1.3032961426954444
0.6904299247024532,0.8996763754045307,1.3030668909553045
0.6905513723585135,0.8996763754045307,1.3028377198524281
0.6906728200145738,0.8996763754045307,1.3026086293442773
0.690794267670634,0.8996763754045307,1.3023796193883448
0.6909157153266942,0.8996763754045307,1.3021506899421527
0.6910371629827544,0.8996763754045307,1.3019218409632525
0.6911586106388147,0.8996763754045307,1.3016930724092262
0.6912800582948749,0.8996763754045307,1.3014643842376854
0.6914015059509352,0.8996763754045307,1.3012357764062719
0.6915229536069953,0.8996763754045307,1.3010072488726565
0.6916444012630556,0.8996763754045307,1.30077880159454
0.6917658489191159,0.8996763754045307,1.3005504345296535
0.6918872965751761,0.8996763754045307,1.3003221476357567
0.6920087442312364,0.8996763754045307,1.3000939408706398
0.6921301918872965,0.8996763754045307,1.2998658141921227
0.6922516395433568,0.8996763754045307,1.2996377675580537
0.692373087199417,0.8996763754045307,1.2994098009263122
0.6924945348554773,0.8996763754045307,1.2991819142548064
0.6926159825115376,0.8996763754045307,1.2989541075014739
0.6927374301675978,0.8996763754045307,1.2987263806242821
0.692858877823658,0.8996763754045307,1.2984987335812281
0.6929803254797182,0.8996763754045307,1.2982711663303377
0.6931017731357785,0.8996763754045307,1.2980436788296663
0.6932232207918387,0.8996763754045307,1.2978162710372996
0.693344668447899,0.9007551240560949,1.2991448049532117
0.6934661161039591,0.9007551240560949,1.2989172839716088
0.6935875637600194,0.9007551240560949,1.2986898426681643
0.6937090114160797,0.9007551240560949,1.2984624810010303
0.6938304590721399,0.9007551240560949,1.298235198928389
0.6939519067282002,0.9007551240560949,1.2980079964084503
0.6940733543842604,0.9018338727076591,1.2993351019903525
0.6941948020403206,0.9018338727076591,1.2991077865421388
0.6943162496963808,0.9018338727076591,1.2988805506165586
0.6944376973524411,0.9018338727076591,1.2986533941718896
0.6945591450085014,0.9018338727076591,1.2984263171664392
0.6946805926645616,0.9018338727076591,1.2981993195585428
0.6948020403206218,0.9018338727076591,1.2979724013065663
0.694923487976682,0.9018338727076591,1.2977455623689034
0.6950449356327423,0.9018338727076591,1.297518802703978
0.6951663832888025,0.9018338727076591,1.297292122270242
0.6952878309448628,0.9018338727076591,1.2970655210261772
0.695409278600923,0.9018338727076591,1.2968389989302942
0.6955307262569832,0.9018338727076591,1.2966125559411326
0.6956521739130435,0.9018338727076591,1.2963861920172601
0.6957736215691037,0.9018338727076591,1.2961599071172745
0.695895069225164,0.9018338727076591,1.295933701199802
0.6960165168812242,0.9018338727076591,1.2957075742234976
0.6961379645372844,0.9029126213592233,1.2970311451974608
0.6962594121933446,0.9029126213592233,1.2968049056814661
0.6963808598494049,0.9029126213592233,1.296578745077057
0.6965023075054652,0.9029126213592233,1.2963526633429547
0.6966237551615254,0.9029126213592233,1.2961266604379087
0.6967452028175857,0.9029126213592233,1.295900736320698
0.6968666504736458,0.9029126213592233,1.2956748909501299
0.6969880981297061,0.9029126213592233,1.29544912428504
0.6971095457857663,0.9029126213592233,1.2952234362842936
0.6972309934418266,0.9029126213592233,1.2949978269067837
0.6973524410978869,0.9029126213592233,1.2947722961114323
0.697473888753947,0.9029126213592233,1.2945468438571905
0.6975953364100073,0.9029126213592233,1.2943214701030372
0.6977167840660675,0.9029126213592233,1.29409617480798
0.6978382317221278,0.9029126213592233,1.2938709579310554
0.697959679378188,0.9029126213592233,1.2936458194313285
0.6980811270342483,0.9029126213592233,1.2934207592678921
0.6982025746903084,0.9039913700107874,1.2947408141709558
0.6983240223463687,0.9039913700107874,1.2945156418554475
0.698445470002429,0.9039913700107874,1.2942905478471263
0.6985669176584892,0.9039913700107874,1.2940655321051502
0.6986883653145495,0.9039913700107874,1.2938405945887057
0.6988098129706096,0.9039913700107874,1.2936157352570081
0.6989312606266699,0.9039913700107874,1.2933909540693005
0.6990527082827301,0.9039913700107874,1.2931662509848547
0.6991741559387904,0.9039913700107874,1.292941625962971
0.6992956035948507,0.9039913700107874,1.2927170789629774
0.6994170512509108,0.9039913700107874,1.2924926099442307
0.6995384989069711,0.9039913700107874,1.2922682188661152
0.6996599465630313,0.9039913700107874,1.2920439056880444
0.6997813942190916,0.9039913700107874,1.291819670369459
0.6999028418751518,0.9039913700107874,1.2915955128698289
0.7000242895312121,0.9039913700107874,1.2913714331486508
0.7001457371872722,0.9039913700107874,1.291147431165451
0.7002671848433325,0.9039913700107874,1.2909235068797822
0.7003886324993928,0.9039913700107874,1.2906996602512266
0.700510080155453,0.9039913700107874,1.2904758912393939
0.7006315278115133,0.9039913700107874,1.2902521998039216
0.7007529754675734,0.9039913700107874,1.2900285859044756
0.7008744231236337,0.9050701186623517,1.2913441963378625
0.7009958707796939,0.9050701186623517,1.291120470732121
0.7011173184357542,0.9050701186623517,1.2908968226339517
0.7012387660918145,0.9050701186623517,1.2906732520030832
0.7013602137478747,0.9050701186623517,1.2904497587992731
0.7014816614039349,0.9050701186623517,1.2902263429823069
0.7016031090599951,0.9050701186623517,1.2900030045119966
0.7017245567160554,0.9050701186623517,1.2897797433481835
0.7018460043721156,0.9050701186623517,1.2895565594507359
0.7019674520281759,0.9050701186623517,1.2893334527795508
0.702088899684236,0.9050701186623517,1.2891104232945518
0.7022103473402963,0.9050701186623517,1.2888874709556908
0.7023317949963566,0.9050701186623517,1.2886645957229472
0.7024532426524168,0.9050701186623517,1.2884417975563285
0.7025746903084771,0.9050701186623517,1.2882190764158692
0.7026961379645373,0.9050701186623517,1.287996432261632
0.7028175856205975,0.9050701186623517,1.2877738650537072
0.7029390332766577,0.9050701186623517,1.287551374752212
0.703060480932718,0.9050701186623517,1.287328961317292
0.7031819285887783,0.9050701186623517,1.2871066247091196
0.7033033762448385,0.9050701186623517,1.2868843648878956
0.7034248239008987,0.9050701186623517,1.2866621818138473
0.7035462715569589,0.9050701186623517,1.28644007544723
0.7036677192130192,0.9050701186623517,1.2862180457483265
0.7037891668690794,0.9050701186623517,1.2859960926774467
0.7039106145251397,0.9050701186623517,1.2857742161949282
0.7040320621812,0.9050701186623517,1.2855524162611356
0.7041535098372601,0.9050701186623517,1.2853306928364616
0.7042749574933204,0.9050701186623517,1.285109045881325
0.7043964051493806,0.9050701186623517,1.284887475356173
0.7045178528054409,0.9050701186623517,1.2846659812214796
0.7046393004615011,0.9061488673139159,1.2859754866361226
0.7047607481175613,0.9061488673139159,1.2857538813480585
0.7048821957736215,0.9061488673139159,1.285532352422947
0.7050036434296818,0.9061488673139159,1.2853108998213236
0.7051250910857421,0.9061488673139159,1.2850895235037518
0.7052465387418023,0.9061488673139159,1.284868223430822
0.7053679863978625,0.9061488673139159,1.2846469995631515
0.7054894340539227,0.9061488673139159,1.2844258518613847
0.705610881709983,0.9061488673139159,1.2842047802861933
0.7057323293660432,0.9061488673139159,1.2839837847982762
0.7058537770221035,0.9061488673139159,1.283762865358359
0.7059752246781638,0.9061488673139159,1.2835420219271947
0.7060966723342239,0.9061488673139159,1.283321254465563
0.7062181199902842,0.9061488673139159,1.2831005629342707
0.7063395676463444,0.9061488673139159,1.2828799472941512
0.7064610153024047,0.9061488673139159,1.2826594075060656
0.7065824629584649,0.9061488673139159,1.2824389435309012
0.7067039106145251,0.9061488673139159,1.2822185553295726
0.7068253582705853,0.9061488673139159,1.2819982428630212
0.7069468059266456,0.9061488673139159,1.281778006092215
0.7070682535827059,0.9061488673139159,1.2815578449781488
0.7071897012387661,0.9061488673139159,1.281337759481845
0.7073111488948264,0.9061488673139159,1.2811177495643513
0.7074325965508865,0.9061488673139159,1.280897815186744
0.7075540442069468,0.9061488673139159,1.2806779563101243
0.707675491863007,0.9061488673139159,1.280458172895621
0.7077969395190673,0.9061488673139159,1.2802384649043896
0.7079183871751276,0.9061488673139159,1.2800188322976125
0.7080398348311877,0.9061488673139159,1.2797992750364982
0.708161282487248,0.9061488673139159,1.2795797930822814
0.7082827301433082,0.9061488673139159,1.2793603863962248
0.7084041777993685,0.9061488673139159,1.2791410549396165
0.7085256254554287,0.9061488673139159,1.2789217986737715
0.708647073111489,0.9061488673139159,1.2787026175600313
0.7087685207675491,0.9061488673139159,1.2784835115597641
0.7088899684236094,0.9061488673139159,1.2782644806343642
0.7090114160796697,0.9061488673139159,1.2780455247452522
0.7091328637357299,0.9061488673139159,1.2778266438538761
0.7092543113917902,0.9061488673139159,1.2776078379217093
0.7093757590478503,0.9061488673139159,1.2773891069102523
0.7094972067039106,0.9061488673139159,1.277170450781031
0.7096186543599708,0.9061488673139159,1.2769518694955988
0.7097401020160311,0.9061488673139159,1.2767333630155344
0.7098615496720914,0.9061488673139159,1.2765149313024435
0.7099829973281516,0.9061488673139159,1.276296574317958
0.7101044449842118,0.9061488673139159,1.276078292023736
0.710225892640272,0.9061488673139159,1.275860084381461
0.7103473402963323,0.9061488673139159,1.2756419513528439
0.7104687879523925,0.9061488673139159,1.275423892899621
0.7105902356084528,0.9061488673139159,1.2752059089835555
0.710711683264513,0.9061488673139159,1.274987999566436
0.7108331309205732,0.9061488673139159,1.2747701646100775
0.7109545785766335,0.9061488673139159,1.274552404076321
0.7110760262326937,0.9061488673139159,1.274334717927034
0.711197473888754,0.9061488673139159,1.274117106124109
0.7113189215448141,0.9061488673139159,1.2738995686294663
0.7114403692008744,0.9061488673139159,1.27368210540505
0.7115618168569346,0.9061488673139159,1.273464716412832
0.7116832645129949,0.9061488673139159,1.2732474016148094
0.7118047121690552,0.9061488673139159,1.273030160973005
0.7119261598251154,0.9061488673139159,1.2728129944494682
0.7120476074811756,0.9061488673139159,1.2725959020062738
0.7121690551372358,0.9061488673139159,1.2723788836055223
0.7122905027932961,0.9061488673139159,1.2721619392093406
0.7124119504493563,0.9061488673139159,1.2719450687798812
0.7125333981054166,0.9061488673139159,1.2717282722793222
0.7126548457614768,0.9061488673139159,1.2715115496698677
0.712776293417537,0.9061488673139159,1.2712949009137473
0.7128977410735973,0.9061488673139159,1.271078325973217
0.7130191887296575,0.9061488673139159,1.2708618248105574
0.7131406363857178,0.9061488673139159,1.270645397388076
0.713262084041778,0.9061488673139159,1.2704290436681054
0.7133835316978382,0.9061488673139159,1.2702127636130036
0.7135049793538984,0.9061488673139159,1.2699965571851546
0.7136264270099587,0.9061488673139159,1.269780424346968
0.713747874666019,0.9061488673139159,1.2695643650608786
0.7138693223220792,0.9061488673139159,1.2693483792893472
0.7139907699781394,0.9061488673139159,1.2691324669948603
0.7141122176341996,0.9061488673139159,1.2689166281399291
0.7142336652902599,0.9061488673139159,1.2687008626870913
0.7143551129463201,0.9061488673139159,1.268485170598909
0.7144765606023804,0.9061488673139159,1.268269551837971
0.7145980082584407,0.9061488673139159,1.2680540063668904
0.7147194559145008,0.9061488673139159,1.2678385341483065
0.7148409035705611,0.9061488673139159,1.2676231351448835
0.7149623512266213,0.9061488673139159,1.2674078093193109
0.7150837988826816,0.9061488673139159,1.267192556634304
0.7152052465387418,0.9061488673139159,1.2669773770526036
0.715326694194802,0.9061488673139159,1.2667622705369752
0.7154481418508623,0.9061488673139159,1.2665472370502093
0.7155695895069225,0.9061488673139159,1.2663322765551228
0.7156910371629828,0.9061488673139159,1.2661173890145567
0.715812484819043,0.9061488673139159,1.265902574391378
0.7159339324751033,0.9061488673139159,1.2656878326484788
0.7160553801311634,0.9061488673139159,1.265473163748776
0.7161768277872237,0.9061488673139159,1.2652585676552117
0.716298275443284,0.9061488673139159,1.2650440443307533
0.7164197230993442,0.9061488673139159,1.2648295937383935
0.7165411707554045,0.9061488673139159,1.2646152158411497
0.7166626184114646,0.9061488673139159,1.2644009106020646
0.7167840660675249,0.9061488673139159,1.264186677984206
0.7169055137235851,0.9061488673139159,1.2639725179506662
0.7170269613796454,0.9061488673139159,1.2637584304645635
0.7171484090357056,0.9061488673139159,1.2635444154890403
0.7172698566917658,0.9061488673139159,1.2633304729872645
0.717391304347826,0.9061488673139159,1.2631166029224283
0.7175127520038863,0.9061488673139159,1.2629028052577493
0.7176341996599466,0.9061488673139159,1.2626890799564703
0.7177556473160068,0.9061488673139159,1.2624754269818583
0.7178770949720671,0.9061488673139159,1.2622618462972057
0.7179985426281272,0.9061488673139159,1.2620483378658294
0.7181199902841875,0.9061488673139159,1.261834901651071
0.7182414379402478,0.9072276159654801,1.2631234680182217
0.718362885596308,0.9072276159654801,1.2629099222079059
0.7184843332523683,0.9072276159654801,1.2626964485902235
0.7186057809084284,0.9072276159654801,1.2624830471285724
0.7187272285644887,0.9072276159654801,1.2622697177863744
0.7188486762205489,0.9072276159654801,1.262056460527076
0.7189701238766092,0.9072276159654801,1.261843275314149
0.7190915715326694,0.9072276159654801,1.2616301621110897
0.7192130191887297,0.9072276159654801,1.2614171208814189
0.7193344668447899,0.9072276159654801,1.261204151588682
0.7194559145008501,0.9072276159654801,1.260991254196449
0.7195773621569104,0.9072276159654801,1.2607784286683144
0.7196988098129706,0.9072276159654801,1.260565674967898
0.7198202574690309,0.9072276159654801,1.260352993058843
0.719941705125091,0.9072276159654801,1.2601403829048183
0.7200631527811513,0.9072276159654801,1.2599278444695166
0.7201846004372116,0.9072276159654801,1.2597153777166548
0.7203060480932718,0.9072276159654801,1.2595029826099753
0.7204274957493321,0.9072276159654801,1.2592906591132438
0.7205489434053923,0.9072276159654801,1.2590784071902514
0.7206703910614525,0.9072276159654801,1.2588662268048134
0.7207918387175127,0.9083063646170443,1.2601507339943965
0.720913286373573,0.9083063646170443,1.25993844445026
0.7210347340296333,0.9083063646170443,1.2597262264202025
0.7211561816856935,0.9083063646170443,1.259514079868094
0.7212776293417537,0.9083063646170443,1.2593020047578285
0.7213990769978139,0.9083063646170443,1.2590900010533237
0.7215205246538742,0.9083063646170443,1.2588780687185226
0.7216419723099344,0.9083063646170443,1.2586662077173918
0.7217634199659947,0.9083063646170443,1.2584544180139225
0.721884867622055,0.9083063646170443,1.2582426995721303
0.7220063152781151,0.9083063646170443,1.2580310523560543
0.7221277629341754,0.9083063646170443,1.2578194763297583
0.7222492105902356,0.9083063646170443,1.2576079714573303
0.7223706582462959,0.9083063646170443,1.257396537702882
0.7224921059023561,0.9083063646170443,1.25718517503055
0.7226135535584163,0.9083063646170443,1.2569738834044946
0.7227350012144765,0.9083063646170443,1.2567626627889
0.7228564488705368,0.9083063646170443,1.2565515131479743
0.722977896526597,0.9083063646170443,1.2563404344459503
0.7230993441826573,0.9083063646170443,1.2561294266470846
0.7232207918387175,0.9083063646170443,1.255918489715658
0.7233422394947777,0.9083063646170443,1.2557076236159743
0.723463687150838,0.9083063646170443,1.2554968283123624
0.7235851348068982,0.9083063646170443,1.2552861037691747
0.7237065824629585,0.9083063646170443,1.2550754499507875
0.7238280301190188,0.9083063646170443,1.254864866821601
0.7239494777750789,0.9083063646170443,1.2546543543460398
0.7240709254311392,0.9083063646170443,1.2544439124885514
0.7241923730871994,0.9083063646170443,1.2542335412136076
0.7243138207432597,0.9083063646170443,1.2540232404857046
0.7244352683993199,0.9083063646170443,1.2538130102693616
0.7245567160553801,0.9083063646170443,1.2536028505291221
0.7246781637114403,0.9083063646170443,1.253392761229553
0.7247996113675006,0.9083063646170443,1.253182742335245
0.7249210590235609,0.9083063646170443,1.252972793810813
0.7250425066796211,0.9083063646170443,1.2527629156208948
0.7251639543356814,0.9083063646170443,1.2525531077301528
0.7252854019917415,0.9083063646170443,1.2523433701032725
0.7254068496478018,0.9083063646170443,1.2521337027049628
0.725528297303862,0.9083063646170443,1.2519241054999568
0.7256497449599223,0.9083063646170443,1.2517145784530113
0.7257711926159826,0.9083063646170443,1.251505121528906
0.7258926402720427,0.9083063646170443,1.251295734692445
0.726014087928103,0.9083063646170443,1.2510864179084549
0.7261355355841632,0.9083063646170443,1.2508771711417868
0.7262569832402235,0.9083063646170443,1.250667994357315
0.7263784308962837,0.9083063646170443,1.250458887519937
0.726499878552344,0.9083063646170443,1.250249850594574
0.7266213262084041,0.9083063646170443,1.2500408835461714
0.7267427738644644,0.9083063646170443,1.2498319863396963
0.7268642215205247,0.9083063646170443,1.2496231589401408
0.7269856691765849,0.9083063646170443,1.2494144013125197
0.7271071168326452,0.9083063646170443,1.249205713421871
0.7272285644887053,0.9083063646170443,1.248997095233257
0.7273500121447656,0.9083063646170443,1.248788546711762
0.7274714598008258,0.9083063646170443,1.2485800678224945
0.7275929074568861,0.9093851132686084,1.2498542852034253
0.7277143551129464,0.9093851132686084,1.249645698039673
0.7278358027690066,0.9104638619201726,1.2509193123728852
0.7279572504250668,0.9104638619201726,1.2507106171255757
0.728078698081127,0.9104638619201726,1.250501991501368
0.7282001457371873,0.9104638619201726,1.2502934354654271
0.7283215933932475,0.9104638619201726,1.2500849489829415
0.7284430410493078,0.9104638619201726,1.2498765320191232
0.7285644887053679,0.9104638619201726,1.2496681845392068
0.7286859363614282,0.9104638619201726,1.2494599065084502
0.7288073840174885,0.9104638619201726,1.2492516978921349
0.7289288316735487,0.9104638619201726,1.249043558655565
0.729050279329609,0.9104638619201726,1.248835488764068
0.7291717269856691,0.9104638619201726,1.2486274881829948
0.7292931746417294,0.9104638619201726,1.2484195568777188
0.7294146222977896,0.9104638619201726,1.2482116948136366
0.7295360699538499,0.9104638619201726,1.248003901956168
0.7296575176099102,0.9104638619201726,1.2477961782707558
0.7297789652659704,0.9104638619201726,1.2475885237228659
0.7299004129220306,0.9104638619201726,1.247380938277987
0.7300218605780908,0.9104638619201726,1.2471734219016306
0.7301433082341511,0.9104638619201726,1.2469659745593316
0.7302647558902113,0.9104638619201726,1.2467585962166474
0.7303862035462716,0.9104638619201726,1.2465512868391588
0.7305076512023317,0.9104638619201726,1.246344046392469
0.730629098858392,0.9104638619201726,1.2461368748422044
0.7307505465144523,0.9104638619201726,1.245929772154014
0.7308719941705125,0.9104638619201726,1.2457227382935694
0.7309934418265728,0.9104638619201726,1.245515773226566
0.731114889482633,0.9104638619201726,1.245308876918721
0.7312363371386932,0.9104638619201726,1.245102049335775
0.7313577847947534,0.9104638619201726,1.2448952904434907
0.7314792324508137,0.9115426105717368,1.2461633497339666
0.731600680106874,0.9115426105717368,1.2459564833080479
0.7317221277629342,0.9115426105717368,1.2457496855514822
0.7318435754189944,0.9115426105717368,1.2455429564300833
0.7319650230750546,0.9115426105717368,1.2453362959096865
0.7320864707311149,0.9115426105717368,1.2451297039561515
0.7322079183871751,0.9115426105717368,1.244923180535359
0.7323293660432354,0.9115426105717368,1.2447167256132141
0.7324508136992957,0.9115426105717368,1.2445103391556425
0.7325722613553558,0.9115426105717368,1.2443040211285943
0.7326937090114161,0.9115426105717368,1.244097771498041
0.7328151566674763,0.9115426105717368,1.243891590229977
0.7329366043235366,0.9115426105717368,1.2436854772904193
0.7330580519795968,0.9115426105717368,1.2434794326454077
0.733179499635657,0.9115426105717368,1.243273456261004
0.7333009472917172,0.9115426105717368,1.2430675481032927
0.7334223949477775,0.9115426105717368,1.2428617081383806
0.7335438426038378,0.9115426105717368,1.2426559363323975
0.733665290259898,0.9115426105717368,1.2424502326514948
0.7337867379159583,0.9115426105717368,1.2422445970618472
0.7339081855720184,0.9115426105717368,1.242039029529651
0.7340296332280787,0.9115426105717368,1.2418335300211252
0.7341510808841389,0.9115426105717368,1.2416280985025112
0.7342725285401992,0.9115426105717368,1.2414227349400728
0.7343939761962595,0.9115426105717368,1.2412174393000959
0.7345154238523196,0.9115426105717368,1.241012211548889
0.7346368715083799,0.9115426105717368,1.2408070516527825
0.7347583191644401,0.9115426105717368,1.240601959578129
0.7348797668205004,0.9115426105717368,1.240396935291304
0.7350012144765606,0.9115426105717368,1.2401919787587046
0.7351226621326208,0.9115426105717368,1.2399870899467507
0.735244109788681,0.9115426105717368,1.2397822688218831
0.7353655574447413,0.9115426105717368,1.2395775153505666
0.7354870051008016,0.9115426105717368,1.2393728294992867
0.7356084527568618,0.912621359223301,1.2406346824904508
0.7357299004129221,0.912621359223301,1.2404298897069428
0.7358513480689822,0.912621359223301,1.2402251645229676
0.7359727957250425,0.912621359223301,1.2400205069050596
0.7360942433811027,0.912621359223301,1.2398159168197758
0.736215691037163,0.912621359223301,1.2396113942336953
0.7363371386932233,0.912621359223301,1.239406939113419
0.7364585863492834,0.912621359223301,1.2392025514255707
0.7365800340053437,0.912621359223301,1.2389982311367949
0.7367014816614039,0.912621359223301,1.2387939782137587
0.7368229293174642,0.912621359223301,1.2385897926231515
0.7369443769735244,0.912621359223301,1.2383856743316843
0.7370658246295847,0.912621359223301,1.23818162330609
0.7371872722856448,0.912621359223301,1.2379776395131237
0.7373087199417051,0.912621359223301,1.237773722919562
0.7374301675977654,0.912621359223301,1.2375698734922036
0.7375516152538256,0.912621359223301,1.2373660911978692
0.7376730629098859,0.912621359223301,1.2371623760034014
0.737794510565946,0.912621359223301,1.2369587278756644
0.7379159582220063,0.912621359223301,1.2367551467815439
0.7380374058780665,0.912621359223301,1.2365516326879482
0.7381588535341268,0.912621359223301,1.2363481855618066
0.7382803011901871,0.912621359223301,1.2361448053700708
0.7384017488462473,0.912621359223301,1.2359414920797138
0.7385231965023075,0.912621359223301,1.2357382456577308
0.7386446441583677,0.912621359223301,1.235535066071138
0.738766091814428,0.912621359223301,1.2353319532869735
0.7388875394704882,0.9137001078748651,1.2365888705196646
0.7390089871265485,0.9137001078748651,1.2363856513133342
0.7391304347826086,0.9137001078748651,1.2361824988895234
0.7392518824386689,0.9137001078748651,1.235979413215318
0.7393733300947292,0.9137001078748651,1.235776394257825
0.7394947777507894,0.9137001078748651,1.2355734419841746
0.7396162254068497,0.9137001078748651,1.2353705563615172
0.7397376730629099,0.9137001078748651,1.235167737357025
0.7398591207189701,0.9137001078748651,1.2349649849378923
0.7399805683750303,0.9137001078748651,1.2347622990713343
0.7401020160310906,0.9137001078748651,1.234559679724588
0.7402234636871509,0.9137001078748651,1.234357126864912
0.7403449113432111,0.9137001078748651,1.2341546404595864
0.7404663589992713,0.9137001078748651,1.2339522204759128
0.7405878066553315,0.9137001078748651,1.2337498668812135
0.7407092543113918,0.9137001078748651,1.2335475796428332
0.740830701967452,0.9137001078748651,1.2333453587281376
0.7409521496235123,0.9137001078748651,1.2331432041045138
0.7410735972795724,0.9137001078748651,1.2329411157393706
0.7411950449356327,0.9137001078748651,1.2327390936001377
0.741316492591693,0.9137001078748651,1.232537137654266
0.7414379402477532,0.9137001078748651,1.2323352478692284
0.7415593879038135,0.9137001078748651,1.2321334242125186
0.7416808355598737,0.9137001078748651,1.231931666651652
0.7418022832159339,0.9137001078748651,1.231729975154165
0.7419237308719941,0.9137001078748651,1.2315283496876148
0.7420451785280544,0.9137001078748651,1.2313267902195808
0.7421666261841147,0.9137001078748651,1.2311252967176631
0.7422880738401749,0.9137001078748651,1.2309238691494828
0.7424095214962351,0.9137001078748651,1.2307225074826829
0.7425309691522953,0.9147788565264293,1.231974011226467
0.7426524168083556,0.9147788565264293,1.2317725436857923
0.7427738644644158,0.9147788565264293,1.231571142027243
0.7428953121204761,0.9147788565264293,1.2313698062185088
0.7430167597765364,0.9147788565264293,1.2311685362272995
0.7431382074325965,0.9147788565264293,1.2309673320213466
0.7432596550886568,0.9147788565264293,1.2307661935684018
0.743381102744717,0.9147788565264293,1.230565120836239
0.7435025504007773,0.9147788565264293,1.2303641137926524
0.7436239980568375,0.9147788565264293,1.2301631724054578
0.7437454457128977,0.9147788565264293,1.2299622966424917
0.743866893368958,0.9147788565264293,1.2297614864716113
0.7439883410250182,0.9147788565264293,1.2295607418606953
0.7441097886810785,0.9147788565264293,1.229360062777643
0.7442312363371387,0.9147788565264293,1.229159449190375
0.744352683993199,0.9147788565264293,1.228958901066833
0.7444741316492591,0.9147788565264293,1.2287584183749787
0.7445955793053194,0.9147788565264293,1.2285580010827954
0.7447170269613796,0.9147788565264293,1.2283576491582875
0.7448384746174399,0.9147788565264293,1.2281573625694797
0.7449599222735002,0.9147788565264293,1.2279571412844177
0.7450813699295603,0.9147788565264293,1.2277569852711687
0.7452028175856206,0.9147788565264293,1.2275568944978192
0.7453242652416808,0.9147788565264293,1.2273568689324783
0.7454457128977411,0.9158576051779935,1.2286040275391983
0.7455671605538013,0.9158576051779935,1.228403896568757
0.7456886082098616,0.9158576051779935,1.2282038307875567
0.7458100558659218,0.9158576051779935,1.2280038301637517
0.745931503521982,0.9158576051779935,1.2278038946655159
0.7460529511780423,0.9158576051779935,1.2276040242610449
0.7461743988341025,0.9158576051779935,1.2274042189185543
0.7462958464901628,0.9158576051779935,1.2272044786062812
0.7464172941462229,0.9169363538295577,1.2284500386320498
0.7465387418022832,0.9169363538295577,1.2282501931726986
0.7466601894583434,0.9169363538295577,1.2280504127248826
0.7467816371144037,0.9169363538295577,1.2278506972568837
0.746903084770464,0.9169363538295577,1.2276510467370045
0.7470245324265241,0.9169363538295577,1.2274514611335683
0.7471459800825844,0.9169363538295577,1.2272519404149185
0.7472674277386446,0.9169363538295577,1.2270524845494195
0.7473888753947049,0.9169363538295577,1.2268530935054562
0.7475103230507651,0.9169363538295577,1.2266537672514344
0.7476317707068254,0.9169363538295577,1.2264545057557794
0.7477532183628856,0.9169363538295577,1.2262553089869384
0.7478746660189458,0.9169363538295577,1.2260561769133775
0.7479961136750061,0.9169363538295577,1.2258571095035848
0.7481175613310663,0.9169363538295577,1.225658106726068
0.7482390089871266,0.9169363538295577,1.2254591685493552
0.7483604566431867,0.9169363538295577,1.225260294941996
0.748481904299247,0.9169363538295577,1.2250614858725586
0.7486033519553073,0.9169363538295577,1.2248627413096331
0.7487247996113675,0.9169363538295577,1.2246640612218294
0.7488462472674278,0.9169363538295577,1.224465445577778
0.748967694923488,0.9169363538295577,1.224266894346129
0.7490891425795482,0.9169363538295577,1.2240684074955543
0.7492105902356084,0.9169363538295577,1.2238699849947445
0.7493320378916687,0.9169363538295577,1.2236716268124115
0.749453485547729,0.9169363538295577,1.223473332917287
0.7495749332037892,0.9169363538295577,1.2232751032781235
0.7496963808598494,0.9169363538295577,1.2230769378636934
0.7498178285159096,0.9169363538295577,1.222878836642789
0.7499392761719699,0.9169363538295577,1.2226807995842233
0.7500607238280301,0.9169363538295577,1.2224828266568293
0.7501821714840904,0.9169363538295577,1.2222849178294606
0.7503036191401506,0.9169363538295577,1.2220870730709903
0.7504250667962108,0.9169363538295577,1.2218892923503122
0.750546514452271,0.9169363538295577,1.2216915756363396
0.7506679621083313,0.9169363538295577,1.2214939228980066
0.7507894097643916,0.9169363538295577,1.2212963341042669
0.7509108574204518,0.9169363538295577,1.2210988092240949
0.751032305076512,0.9169363538295577,1.2209013482264843
0.7511537527325722,0.9169363538295577,1.2207039510804492
0.7512752003886325,0.9169363538295577,1.2205066177550241
0.7513966480446927,0.9169363538295577,1.2203093482192626
0.751518095700753,0.9169363538295577,1.2201121424422394
0.7516395433568133,0.9169363538295577,1.2199150003930486
0.7517609910128734,0.9169363538295577,1.2197179220408043
0.7518824386689337,0.9169363538295577,1.2195209073546405
0.7520038863249939,0.9169363538295577,1.219323956303711
0.7521253339810542,0.9169363538295577,1.21912706885719
0.7522467816371144,0.9169363538295577,1.2189302449842716
0.7523682292931746,0.9169363538295577,1.2187334846541693
0.7524896769492349,0.9169363538295577,1.2185367878361166
0.7526111246052951,0.9169363538295577,1.2183401544993673
0.7527325722613554,0.9169363538295577,1.2181435846131943
0.7528540199174156,0.918015102481122,1.219379957062358
0.7529754675734759,0.918015102481122,1.2191832828757352
0.753096915229536,0.918015102481122,1.2189866721221672
0.7532183628855963,0.918015102481122,1.2187901247709705
0.7533398105416566,0.918015102481122,1.2185936407914812
0.7534612581977168,0.918015102481122,1.2183972201530557
0.7535827058537771,0.918015102481122,1.2182008628250698
0.7537041535098372,0.918015102481122,1.218004568776919
0.7538256011658975,0.918015102481122,1.217808337978018
0.7539470488219577,0.918015102481122,1.2176121703978025
0.754068496478018,0.918015102481122,1.217416066005727
0.7541899441340782,0.918015102481122,1.2172200247712652
0.7543113917901384,0.918015102481122,1.2170240466639122
0.7544328394461987,0.918015102481122,1.2168281316531806
0.7545542871022589,0.918015102481122,1.2166322797086042
0.7546757347583192,0.918015102481122,1.2164364907997358
0.7547971824143794,0.918015102481122,1.2162407648961477
0.7549186300704397,0.918015102481122,1.216045101967432
0.7550400777264998,0.918015102481122,1.2158495019832007
0.7551615253825601,0.918015102481122,1.2156539649130844
0.7552829730386204,0.918015102481122,1.2154584907267338
0.7554044206946806,0.918015102481122,1.2152630793938195
0.7555258683507409,0.918015102481122,1.2150677308840312
0.755647316006801,0.918015102481122,1.2148724451670778
0.7557687636628613,0.918015102481122,1.2146772222126883
0.7558902113189215,0.918015102481122,1.2144820619906103
0.7560116589749818,0.918015102481122,1.2142869644706118
0.756133106631042,0.918015102481122,1.2140919296224795
0.7562545542871023,0.918015102481122,1.21389695741602
0.7563760019431625,0.918015102481122,1.2137020478210594
0.7564974495992227,0.918015102481122,1.2135072008074423
0.756618897255283,0.918015102481122,1.2133124163450335
0.7567403449113432,0.918015102481122,1.2131176944037165
0.7568617925674035,0.918015102481122,1.212923034953395
0.7569832402234636,0.918015102481122,1.2127284379639913
0.7571046878795239,0.918015102481122,1.2125339034054472
0.7572261355355842,0.918015102481122,1.2123394312477238
0.7573475831916444,0.918015102481122,1.2121450214608014
0.7574690308477047,0.918015102481122,1.2119506740146797
0.7575904785037649,0.918015102481122,1.2117563888793776
0.7577119261598251,0.918015102481122,1.2115621660249332
0.7578333738158853,0.918015102481122,1.2113680054214035
0.7579548214719456,0.918015102481122,1.2111739070388652
0.7580762691280059,0.918015102481122,1.210979870847414
0.7581977167840661,0.918015102481122,1.2107858968171645
0.7583191644401263,0.918015102481122,1.210591984918251
0.7584406120961865,0.918015102481122,1.210398135120826
0.7585620597522468,0.918015102481122,1.210204347395062
0.758683507408307,0.918015102481122,1.2100106217111506
0.7588049550643673,0.918015102481122,1.209816958039302
0.7589264027204276,0.918015102481122,1.2096233563497452
0.7590478503764877,0.919093851132686,1.210851003236246
0.759169298032548,0.919093851132686,1.210657298068555
0.7592907456886082,0.919093851132686,1.2104636548666885
0.7594121933446685,0.919093851132686,1.2102700736009173
0.7595336410007287,0.919093851132686,1.2100765542415313
0.7596550886567889,0.919093851132686,1.209883096758839
0.7597765363128491,0.919093851132686,1.2096897011231678
0.7598979839689094,0.919093851132686,1.2094963673048644
0.7600194316249697,0.919093851132686,1.2093030952742947
0.7601408792810299,0.919093851132686,1.2091098850018431
0.7602623269370901,0.919093851132686,1.2089167364579134
0.7603837745931503,0.919093851132686,1.2087236496129272
0.7605052222492106,0.919093851132686,1.2085306244373262
0.7606266699052708,0.919093851132686,1.2083376609015706
0.7607481175613311,0.919093851132686,1.2081447589761394
0.7608695652173914,0.919093851132686,1.2079519186315302
0.7609910128734515,0.919093851132686,1.20775913983826
0.7611124605295118,0.919093851132686,1.207566422566864
0.761233908185572,0.919093851132686,1.2073737667878968
0.7613553558416323,0.919093851132686,1.2071811724719312
0.7614768034976925,0.919093851132686,1.2069886395895593
0.7615982511537527,0.919093851132686,1.2067961681113917
0.7617196988098129,0.919093851132686,1.2066037580080575
0.7618411464658732,0.919093851132686,1.2064114092502052
0.7619625941219335,0.919093851132686,1.2062191218085012
0.7620840417779937,0.919093851132686,1.2060268956536313
0.762205489434054,0.919093851132686,1.2058347307562995
0.7623269370901141,0.919093851132686,1.2056426270872291
0.7624483847461744,0.919093851132686,1.205450584617161
0.7625698324022346,0.919093851132686,1.2052586033168557
0.7626912800582949,0.919093851132686,1.2050666831570918
0.7628127277143552,0.919093851132686,1.2048748241086669
0.7629341753704153,0.919093851132686,1.2046830261423969
0.7630556230264756,0.919093851132686,1.2044912892291162
0.7631770706825358,0.919093851132686,1.2042996133396782
0.7632985183385961,0.919093851132686,1.204107998444954
0.7634199659946563,0.9201725997842503,1.2053294919859237
0.7635414136507166,0.9201725997842503,1.2051377742362839
0.7636628613067767,0.9201725997842503,1.204946117465572
0.763784308962837,0.9201725997842503,1.2047545216446998
0.7639057566188973,0.9201725997842503,1.2045629867445973
0.7640272042749575,0.9201725997842503,1.2043715127362131
0.7641486519310178,0.9201725997842503,1.2041800995905143
0.7642700995870779,0.9201725997842503,1.2039887472784867
0.7643915472431382,0.9201725997842503,1.203797455771134
0.7645129948991984,0.9201725997842503,1.2036062250394783
0.7646344425552587,0.9201725997842503,1.203415055054561
0.764755890211319,0.9201725997842503,1.203223945787441
0.7648773378673792,0.9201725997842503,1.203032897209196
0.7649987855234394,0.9201725997842503,1.202841909290922
0.7651202331794996,0.9201725997842503,1.2026509820037328
0.7652416808355599,0.9201725997842503,1.2024601153187615
0.7653631284916201,0.9201725997842503,1.202269309207159
0.7654845761476804,0.9201725997842503,1.2020785636400946
0.7656060238037405,0.9201725997842503,1.201887878588756
0.7657274714598008,0.9201725997842503,1.2016972540243485
0.7658489191158611,0.9201725997842503,1.2015066899180966
0.7659703667719213,0.9201725997842503,1.2013161862412425
0.7660918144279816,0.9212513484358145,1.2025338622416766
0.7662132620840417,0.9212513484358145,1.2023432561452683
0.766334709740102,0.9212513484358145,1.2021527104628362
0.7664561573961622,0.9212513484358145,1.2019622251656625
0.7665776050522225,0.9223300970873787,1.2031790271573948
0.7666990527082828,0.9223300970873787,1.2029884396352726
0.766820500364343,0.9223300970873787,1.2027979124829704
0.7669419480204032,0.9223300970873787,1.2026074456718094
0.7670633956764634,0.9223300970873787,1.202417039173128
0.7671848433325237,0.9223300970873787,1.2022266929582834
0.7673062909885839,0.9223300970873787,1.2020364069986509
0.7674277386446442,0.9223300970873787,1.2018461812656236
0.7675491863007043,0.9223300970873787,1.2016560157306133
0.7676706339567646,0.9223300970873787,1.2014659103650493
0.7677920816128249,0.9223300970873787,1.201275865140379
0.7679135292688851,0.9223300970873787,1.2010858800280684
0.7680349769249454,0.9223300970873787,1.2008959549996008
0.7681564245810056,0.9223300970873787,1.2007060900264783
0.7682778722370658,0.9234088457389428,1.2019203976943496
0.768399319893126,0.9234088457389428,1.2017304308225787
0.7685207675491863,0.9234088457389428,1.2015405239909063
0.7686422152052466,0.9234088457389428,1.2013506771708728
0.7687636628613068,0.9234088457389428,1.201160890334037
0.768885110517367,0.9234088457389428,1.2009711634519753
0.7690065581734272,0.9234088457389428,1.2007814964962815
0.7691280058294875,0.9234088457389428,1.2005918894385685
0.7692494534855477,0.9234088457389428,1.2004023422504664
0.769370901141608,0.9234088457389428,1.2002128549036235
0.7694923487976683,0.9234088457389428,1.2000234273697055
0.7696137964537284,0.9234088457389428,1.199834059620397
0.7697352441097887,0.9234088457389428,1.199644751627399
0.7698566917658489,0.9234088457389428,1.1994555033624317
0.7699781394219092,0.9234088457389428,1.1992663147972327
0.7700995870779694,0.9234088457389428,1.199077185903557
0.7702210347340296,0.9234088457389428,1.198888116653178
0.7703424823900898,0.9234088457389428,1.1986991070178867
0.7704639300461501,0.9234088457389428,1.1985101569694916
0.7705853777022104,0.9234088457389428,1.1983212664798195
0.7707068253582706,0.9234088457389428,1.1981324355207146
0.7708282730143309,0.9234088457389428,1.1979436640640388
0.770949720670391,0.9234088457389428,1.1977549520816722
0.7710711683264513,0.9234088457389428,1.1975662995455119
0.7711926159825115,0.9234088457389428,1.197377706427473
0.7713140636385718,0.9234088457389428,1.197189172699489
0.7714355112946321,0.9234088457389428,1.1970006983335097
0.7715569589506922,0.9234088457389428,1.196812283301504
0.7716784066067525,0.9234088457389428,1.196623927575457
0.7717998542628127,0.9234088457389428,1.196435631127373
0.771921301918873,0.9234088457389428,1.1962473939292724
0.7720427495749332,0.9234088457389428,1.196059215953194
0.7721641972309934,0.9234088457389428,1.1958710971711946
0.7722856448870536,0.9234088457389428,1.1956830375553475
0.7724070925431139,0.924487594390507,1.196891643429471
0.7725285401991742,0.924487594390507,1.1967034825045488
0.7726499878552344,0.924487594390507,1.1965153807311277
0.7727714355112947,0.924487594390507,1.1963273380813193
0.7728928831673548,0.924487594390507,1.1961393545272525
0.7730143308234151,0.924487594390507,1.1959514300410738
0.7731357784794753,0.924487594390507,1.1957635645949474
0.7732572261355356,0.9255663430420712,1.196970829057392
0.7733786737915959,0.9255663430420712,1.1967828625327284
0.773500121447656,0.9255663430420712,1.1965949550335084
0.7736215691037163,0.9255663430420712,1.1964071065319333
0.7737430167597765,0.9255663430420712,1.196219317000222
0.7738644644158368,0.9255663430420712,1.196031586410611
0.773985912071897,0.9255663430420712,1.1958439147353543
0.7741073597279573,0.9255663430420712,1.1956563019467232
0.7742288073840174,0.9255663430420712,1.1954687480170063
0.7743502550400777,0.9255663430420712,1.195281252918509
0.774471702696138,0.9255663430420712,1.1950938166235556
0.7745931503521982,0.9255663430420712,1.1949064391044864
0.7747145980082585,0.9255663430420712,1.1947191203336596
0.7748360456643186,0.9255663430420712,1.1945318602834505
0.7749574933203789,0.9255663430420712,1.194344658926252
0.7750789409764391,0.9255663430420712,1.1941575162344742
0.7752003886324994,0.9255663430420712,1.1939704321805442
0.7753218362885597,0.9255663430420712,1.1937834067369069
0.7754432839446199,0.9255663430420712,1.1935964398760242
0.7755647316006801,0.9255663430420712,1.193409531570375
0.7756861792567403,0.9255663430420712,1.1932226817924556
0.7758076269128006,0.9255663430420712,1.19303589051478
0.7759290745688608,0.9255663430420712,1.1928491577098785
0.7760505222249211,0.9255663430420712,1.1926624833502995
0.7761719698809812,0.9255663430420712,1.1924758674086082
0.7762934175370415,0.9255663430420712,1.1922893098573866
0.7764148651931018,0.9255663430420712,1.1921028106692342
0.776536312849162,0.9255663430420712,1.1919163698167679
0.7766577605052223,0.9255663430420712,1.1917299872726215
0.7767792081612825,0.9255663430420712,1.1915436630094456
0.7769006558173427,0.9255663430420712,1.1913573969999085
0.777022103473403,0.9255663430420712,1.191171189216695
0.7771435511294632,0.9255663430420712,1.1909850396325072
0.7772649987855235,0.9255663430420712,1.1907989482200647
0.7773864464415837,0.9255663430420712,1.1906129149521034
0.7775078940976439,0.9255663430420712,1.190426939801377
0.7776293417537041,0.9255663430420712,1.190241022740655
0.7777507894097644,0.9255663430420712,1.1900551637427255
0.7778722370658246,0.9255663430420712,1.1898693627803925
0.7779936847218849,0.9255663430420712,1.1896836198264773
0.778115132377945,0.9255663430420712,1.1894979348538184
0.7782365800340053,0.9255663430420712,1.1893123078352708
0.7783580276900656,0.9255663430420712,1.1891267387437063
0.7784794753461258,0.9255663430420712,1.1889412275520146
0.7786009230021861,0.9255663430420712,1.1887557742331016
0.7787223706582463,0.9255663430420712,1.1885703787598898
0.7788438183143065,0.9255663430420712,1.1883850411053196
0.7789652659703667,0.9255663430420712,1.1881997612423472
0.779086713626427,0.9266450916936354,1.1893991714739507
0.7792081612824873,0.9266450916936354,1.1892137913038332
0.7793296089385475,0.9266450916936354,1.1890284689115465
0.7794510565946077,0.9266450916936354,1.1888432042700832
0.7795725042506679,0.9266450916936354,1.1886579973524527
0.7796939519067282,0.9266450916936354,1.1884728481316813
0.7798153995627884,0.9266450916936354,1.188287756580812
0.7799368472188487,0.9266450916936354,1.1881027226729046
0.780058294874909,0.9266450916936354,1.187917746381036
0.7801797425309691,0.9266450916936354,1.1877328276782992
0.7803011901870294,0.9266450916936354,1.1875479665378046
0.7804226378430896,0.9266450916936354,1.1873631629326789
0.7805440854991499,0.9266450916936354,1.1871784168360655
0.7806655331552101,0.9266450916936354,1.1869937282211254
0.7807869808112703,0.9266450916936354,1.186809097061035
0.7809084284673306,0.9266450916936354,1.1866245233289883
0.7810298761233908,0.9266450916936354,1.1864400069981953
0.7811513237794511,0.9266450916936354,1.1862555480418833
0.7812727714355113,0.9266450916936354,1.186071146433296
0.7813942190915716,0.9266450916936354,1.1858868021456936
0.7815156667476317,0.9266450916936354,1.1857025151523535
0.781637114403692,0.9266450916936354,1.1855182854265685
0.7817585620597522,0.9266450916936354,1.1853341129416488
0.7818800097158125,0.9277238403451996,1.1865296833492347
0.7820014573718728,0.9277238403451996,1.1863454109958647
0.7821229050279329,0.9277238403451996,1.1861611958699338
0.7822443526839932,0.9277238403451996,1.1859770379447871
0.7823658003400534,0.9277238403451996,1.1857929371937868
0.7824872479961137,0.9277238403451996,1.1856088935903109
0.782608695652174,0.9277238403451996,1.185424907107755
0.7827301433082342,0.9277238403451996,1.1852409777195303
0.7828515909642944,0.9277238403451996,1.185057105399065
0.7829730386203546,0.9277238403451996,1.1848732901198036
0.7830944862764149,0.9288025889967637,1.1860670778224802
0.7832159339324751,0.9288025889967637,1.1858831629398903
0.7833373815885354,0.9288025889967637,1.1856993050851707
0.7834588292445955,0.9288025889967637,1.1855155042318017
0.7835802769006558,0.9288025889967637,1.1853317603532785
0.783701724556716,0.9288025889967637,1.1851480734231137
0.7838231722127763,0.9288025889967637,1.184964443414836
0.7839446198688366,0.9288025889967637,1.184780870301991
0.7840660675248967,0.9288025889967637,1.1845973540581403
0.784187515180957,0.9288025889967637,1.1844138946568612
0.7843089628370172,0.9288025889967637,1.1842304920717486
0.7844304104930775,0.9288025889967637,1.184047146276413
0.7845518581491377,0.9288025889967637,1.1838638572444817
0.784673305805198,0.9288025889967637,1.183680624949598
0.7847947534612582,0.9288025889967637,1.1834974493654213
0.7849162011173184,0.9288025889967637,1.1833143304656277
0.7850376487733787,0.9288025889967637,1.1831312682239097
0.7851590964294389,0.9288025889967637,1.1829482626139756
0.7852805440854992,0.9288025889967637,1.1827653136095502
0.7854019917415593,0.9298813376483279,1.1839559199313952
0.7855234393976196,0.9298813376483279,1.1837728717062976
0.7856448870536799,0.9298813376483279,1.183589880073633
0.7857663347097401,0.9298813376483279,1.1834069450071611
0.7858877823658004,0.9298813376483279,1.183224066480657
0.7860092300218606,0.9298813376483279,1.1830412444679128
0.7861306776779208,0.9298813376483279,1.1828584789427363
0.786252125333981,0.9298813376483279,1.1826757698789516
0.7863735729900413,0.9298813376483279,1.1824931172503987
0.7864950206461016,0.9298813376483279,1.1823105210309346
0.7866164683021618,0.9298813376483279,1.1821279811944314
0.786737915958222,0.9298813376483279,1.181945497714778
0.7868593636142822,0.9309600862998921,1.183134025404123
0.7869808112703425,0.9309600862998921,1.182951442992795
0.7871022589264027,0.9309600862998921,1.1827689169253683
0.787223706582463,0.9309600862998921,1.1825864471757654
0.7873451542385232,0.9309600862998921,1.1824040337179256
0.7874666018945834,0.9309600862998921,1.1822216765258038
0.7875880495506437,0.9309600862998921,1.1820393755733711
0.7877094972067039,0.9309600862998921,1.1818571308346149
0.7878309448627642,0.9309600862998921,1.1816749422835382
0.7879523925188244,0.9309600862998921,1.1814928098941602
0.7880738401748846,0.9309600862998921,1.1813107336405166
0.7881952878309448,0.9309600862998921,1.1811287134966582
0.7883167354870051,0.9309600862998921,1.1809467494366526
0.7884381831430654,0.9309600862998921,1.1807648414345828
0.7885596307991256,0.9309600862998921,1.180582989464548
0.7886810784551859,0.9309600862998921,1.180401193500664
0.788802526111246,0.9309600862998921,1.1802194535170611
0.7889239737673063,0.9320388349514563,1.181405136544072
0.7890454214233665,0.9320388349514563,1.1812232979821904
0.7891668690794268,0.9320388349514563,1.1810415153878564
0.789288316735487,0.9320388349514563,1.1808597887352348
0.7894097643915472,0.9320388349514563,1.1806781179985064
0.7895312120476075,0.9320388349514563,1.1804965031518677
0.7896526597036677,0.9320388349514563,1.180314944169531
0.789774107359728,0.9320388349514563,1.1801334410257251
0.7898955550157882,0.9320388349514563,1.1799519936946943
0.7900170026718484,0.9320388349514563,1.1797706021506982
0.7901384503279086,0.9320388349514563,1.179589266368013
0.7902598979839689,0.9320388349514563,1.17940798632093
0.7903813456400292,0.9320388349514563,1.179226761983757
0.7905027932960894,0.9320388349514563,1.1790455933308175
0.7906242409521497,0.9320388349514563,1.1788644803364503
0.7907456886082098,0.9320388349514563,1.1786834229750103
0.7908671362642701,0.9320388349514563,1.178502421220868
0.7909885839203303,0.9320388349514563,1.1783214750484097
0.7911100315763906,0.9320388349514563,1.1781405844320374
0.7912314792324509,0.9320388349514563,1.177959749346169
0.791352926888511,0.9320388349514563,1.177778969765238
0.7914743745445713,0.9320388349514563,1.1775982456636938
0.7915958222006315,0.9320388349514563,1.1774175770160005
0.7917172698566918,0.9320388349514563,1.1772369637966393
0.791838717512752,0.9320388349514563,1.177056405980106
0.7919601651688123,0.9320388349514563,1.1768759035409126
0.7920816128248724,0.9320388349514563,1.1766954564535865
0.7922030604809327,0.9320388349514563,1.1765150646926708
0.792324508136993,0.9320388349514563,1.1763347282327241
0.7924459557930532,0.9320388349514563,1.1761544470483205
0.7925674034491135,0.9320388349514563,1.17597422111405
0.7926888511051736,0.9320388349514563,1.1757940504045186
0.7928102987612339,0.9320388349514563,1.1756139348943462
0.7929317464172941,0.9320388349514563,1.17543387455817
0.7930531940733544,0.9331175836030206,1.1766141169046358
0.7931746417294147,0.9331175836030206,1.176433958564886
0.7932960893854749,0.9331175836030206,1.1762538553869062
0.7934175370415351,0.9331175836030206,1.1760738073453654
0.7935389846975953,0.9331175836030206,1.1758938144149482
0.7936604323536556,0.9331175836030206,1.1757138765703552
0.7937818800097158,0.9331175836030206,1.175533993786302
0.7939033276657761,0.9331175836030206,1.1753541660375204
0.7940247753218362,0.9331175836030206,1.1751743932987568
0.7941462229778965,0.9331175836030206,1.174994675544773
0.7942676706339568,0.9331175836030206,1.1748150127503474
0.794389118290017,0.9331175836030206,1.1746354048902723
0.7945105659460773,0.9331175836030206,1.1744558519393566
0.7946320136021375,0.9341963322545846,1.1756338987901955
0.7947534612581977,0.9341963322545846,1.1754542481332901
0.7948749089142579,0.9341963322545846,1.175274652373453
0.7949963565703182,0.9341963322545846,1.1750951114855255
0.7951178042263785,0.9341963322545846,1.1749156254443638
0.7952392518824387,0.9352750809061489,1.1760927025322585
0.7953606995384989,0.9352750809061489,1.1759131189771308
0.7954821471945591,0.9352750809061489,1.1757335902566763
0.7956035948506194,0.9352750809061489,1.1755541163457839
0.7957250425066796,0.9352750809061489,1.1753746972193573
0.7958464901627399,0.9352750809061489,1.1751953328523164
0.7959679378188,0.9352750809061489,1.1750160232195956
0.7960893854748603,0.9352750809061489,1.174836768296145
0.7962108331309206,0.9352750809061489,1.1746575680569296
0.7963322807869808,0.9352750809061489,1.17447842247693
0.7964537284430411,0.9352750809061489,1.174299331531142
0.7965751760991013,0.9352750809061489,1.1741202951945768
0.7966966237551615,0.9352750809061489,1.1739413134422607
0.7968180714112217,0.9352750809061489,1.1737623862492348
0.796939519067282,0.9352750809061489,1.1735835135905561
0.7970609667233423,0.9352750809061489,1.1734046954412967
0.7971824143794025,0.9352750809061489,1.1732259317765432
0.7973038620354627,0.9352750809061489,1.1730472225713984
0.7974253096915229,0.9352750809061489,1.1728685678009794
0.7975467573475832,0.9352750809061489,1.1726899674404188
0.7976682050036434,0.9352750809061489,1.1725114214648644
0.7977896526597037,0.9352750809061489,1.1723329298494793
0.797911100315764,0.9352750809061489,1.1721544925694414
0.7980325479718241,0.9352750809061489,1.1719761095999437
0.7981539956278844,0.9352750809061489,1.1717977809161944
0.7982754432839446,0.9352750809061489,1.171619506493417
0.7983968909400049,0.9352750809061489,1.1714412863068497
0.7985183385960651,0.9352750809061489,1.1712631203317458
0.7986397862521253,0.9352750809061489,1.1710850085433744
0.7987612339081855,0.9352750809061489,1.1709069509170185
0.7988826815642458,0.9352750809061489,1.1707289474279765
0.7990041292203061,0.9352750809061489,1.1705509980515625
0.7991255768763663,0.9352750809061489,1.1703731027631048
0.7992470245324266,0.9352750809061489,1.170195261537947
0.7993684721884867,0.9352750809061489,1.170017474351448
0.799489919844547,0.9352750809061489,1.1698397411789807
0.7996113675006072,0.9352750809061489,1.1696620619959341
0.7997328151566675,0.9352750809061489,1.1694844367777113
0.7998542628127278,0.9352750809061489,1.1693068654997312
0.7999757104687879,0.9352750809061489,1.1691293481374267
0.8000971581248482,0.9352750809061489,1.168951884666246
0.8002186057809084,0.9352750809061489,1.1687744750616527
0.8003400534369687,0.9352750809061489,1.1685971192991245
0.8004615010930289,0.9352750809061489,1.168419817354154
0.8005829487490892,0.9352750809061489,1.1682425692022496
0.8007043964051493,0.9352750809061489,1.1680653748189338
0.8008258440612096,0.9352750809061489,1.1678882341797436
0.8009472917172699,0.9352750809061489,1.167711147260232
0.8010687393733301,0.9352750809061489,1.1675341140359656
0.8011901870293904,0.9363538295577131,1.1687035671635908
0.8013116346854505,0.9363538295577131,1.1685264371897863
0.8014330823415108,0.9363538295577131,1.1683493608998652
0.801554529997571,0.9363538295577131,1.1681723382694256
0.8016759776536313,0.9363538295577131,1.167995369274081
0.8017974253096916,0.9363538295577131,1.1678184538894592
0.8019188729657517,0.9363538295577131,1.1676415920912024
0.802040320621812,0.9363538295577131,1.167464783854968
0.8021617682778722,0.9363538295577131,1.1672880291564285
0.8022832159339325,0.9363538295577131,1.16711132797127
0.8024046635899927,0.9363538295577131,1.1669346802751943
0.802526111246053,0.9363538295577131,1.1667580860439177
0.8026475589021131,0.9363538295577131,1.1665815452531714
0.8027690065581734,0.9363538295577131,1.1664050578787004
0.8028904542142337,0.9363538295577131,1.1662286238962651
0.8030119018702939,0.9363538295577131,1.166052243281641
0.8031333495263542,0.9363538295577131,1.165875916010617
0.8032547971824143,0.9363538295577131,1.1656996420589976
0.8033762448384746,0.9363538295577131,1.1655234214026016
0.8034976924945348,0.9363538295577131,1.1653472540172627
0.8036191401505951,0.9363538295577131,1.1651711398788287
0.8037405878066554,0.9363538295577131,1.1649950789631625
0.8038620354627156,0.9363538295577131,1.1648190712461413
0.8039834831187758,0.9363538295577131,1.164643116703657
0.804104930774836,0.9363538295577131,1.164467215311616
0.8042263784308963,0.9363538295577131,1.1642913670459392
0.8043478260869565,0.9363538295577131,1.1641155718825622
0.8044692737430168,0.9363538295577131,1.163939829797435
0.804590721399077,0.9363538295577131,1.1637641407665222
0.8047121690551372,0.9363538295577131,1.1635885047658028
0.8048336167111975,0.9363538295577131,1.1634129217712705
0.8049550643672577,0.9363538295577131,1.1632373917589331
0.805076512023318,0.9363538295577131,1.1630619147048136
0.8051979596793782,0.9363538295577131,1.1628864905849485
0.8053194073354384,0.9363538295577131,1.1627111193753898
0.8054408549914986,0.9363538295577131,1.1625358010522029
0.8055623026475589,0.9363538295577131,1.1623605355914683
0.8056837503036192,0.9363538295577131,1.162185322969281
0.8058051979596794,0.9363538295577131,1.1620101631617497
0.8059266456157396,0.9363538295577131,1.1618350561449984
0.8060480932717998,0.9363538295577131,1.1616600018951648
0.8061695409278601,0.9363538295577131,1.1614850003884016
0.8062909885839203,0.9363538295577131,1.161310051600875
0.8064124362399806,0.9363538295577131,1.1611351555087663
0.8065338838960409,0.9363538295577131,1.1609603120882712
0.806655331552101,0.9363538295577131,1.160785521315599
0.8067767792081613,0.9363538295577131,1.1606107831669743
0.8068982268642215,0.9363538295577131,1.1604360976186348
0.8070196745202818,0.9363538295577131,1.1602614646468337
0.807141122176342,0.9363538295577131,1.1600868842278376
0.8072625698324022,0.9363538295577131,1.1599123563379283
0.8073840174884624,0.9363538295577131,1.159737880953401
0.8075054651445227,0.9363538295577131,1.1595634580505654
0.807626912800583,0.9363538295577131,1.1593890876057458
0.8077483604566432,0.9363538295577131,1.1592147695952804
0.8078698081127035,0.9374325782092773,1.160375804115332
0.8079912557687636,0.9374325782092773,1.1602013901961805
0.8081127034248239,0.9374325782092773,1.1600270287008099
0.8082341510808841,0.9374325782092773,1.1598527196055881
0.8083555987369444,0.9374325782092773,1.1596784628868975
0.8084770463930047,0.9374325782092773,1.159504258521134
0.8085984940490648,0.9374325782092773,1.1593301064847086
0.8087199417051251,0.9374325782092773,1.1591560067540456
0.8088413893611853,0.9374325782092773,1.158981959305584
0.8089628370172456,0.9374325782092773,1.1588079641157767
0.8090842846733058,0.9374325782092773,1.158634021161091
0.809205732329366,0.9374325782092773,1.1584601304180084
0.8093271799854262,0.9374325782092773,1.1582862918630237
0.8094486276414865,0.9385113268608414,1.1594452011061018
0.8095700752975468,0.9395900755124056,1.1606037626416363
0.809691522953607,0.9395900755124056,1.160429680781333
0.8098129706096673,0.9395900755124056,1.160255651135145
0.8099344182657274,0.9406688241639698,1.1614135699754278
0.8100558659217877,0.9406688241639698,1.161239445002418
0.810177313577848,0.9406688241639698,1.1610653722329676
0.8102987612339082,0.9406688241639698,1.1608913516436041
0.8104202088899685,0.9406688241639698,1.1607173832108688
0.8105416565460286,0.9406688241639698,1.1605434669113168
0.8106631042020889,0.9406688241639698,1.1603696027215173
0.8107845518581491,0.9406688241639698,1.1601957906180538
0.8109059995142094,0.9406688241639698,1.160022030577524
0.8110274471702696,0.9406688241639698,1.159848322576539
0.8111488948263299,0.9406688241639698,1.1596746665917244
0.81127034248239,0.9406688241639698,1.1595010625997197
0.8113917901384503,0.9406688241639698,1.159327510577178
0.8115132377945106,0.9406688241639698,1.1591540105007674
0.8116346854505708,0.9406688241639698,1.1589805623471685
0.8117561331066311,0.9406688241639698,1.158807166093077
0.8118775807626912,0.9406688241639698,1.1586338217152023
0.8119990284187515,0.9406688241639698,1.1584605291902674
0.8121204760748117,0.9406688241639698,1.1582872884950093
0.812241923730872,0.9406688241639698,1.1581140996061794
0.8123633713869323,0.9406688241639698,1.1579409625005421
0.8124848190429925,0.9406688241639698,1.157767877154877
0.8126062666990527,0.9406688241639698,1.1575948435459764
0.8127277143551129,0.9406688241639698,1.1574218616506466
0.8128491620111732,0.9406688241639698,1.1572489314457086
0.8129706096672334,0.9406688241639698,1.1570760529079962
0.8130920573232937,0.9406688241639698,1.156903226014358
0.8132135049793539,0.9406688241639698,1.1567304507416558
0.8133349526354141,0.941747572815534,1.1578840547354199
0.8134564002914744,0.941747572815534,1.1577111846167674
0.8135778479475346,0.941747572815534,1.157538366108838
0.8136992956035949,0.941747572815534,1.1573655991885234
0.8138207432596551,0.941747572815534,1.1571928838327274
0.8139421909157153,0.941747572815534,1.1570202200183688
0.8140636385717755,0.941747572815534,1.156847607722379
0.8141850862278358,0.941747572815534,1.1566750469217044
0.8143065338838961,0.941747572815534,1.1565025375933045
0.8144279815399563,0.941747572815534,1.1563300797141525
0.8145494291960165,0.9428263214670982,1.1574820234024283
0.8146708768520767,0.9428263214670982,1.1573094709242824
0.814792324508137,0.9428263214670982,1.1571369698852416
0.8149137721641972,0.9428263214670982,1.156964520262308
0.8150352198202575,0.9428263214670982,1.1567921220324968
0.8151566674763177,0.9428263214670982,1.1566197751728378
0.8152781151323779,0.9428263214670982,1.1564474796603734
0.8153995627884382,0.9428263214670982,1.1562752354721606
0.8155210104444984,0.9428263214670982,1.1561030425852699
0.8156424581005587,0.9428263214670982,1.1559309009767849
0.815763905756619,0.9428263214670982,1.1557588106238033
0.8158853534126791,0.9428263214670982,1.1555867715034367
0.8160068010687394,0.9428263214670982,1.1554147835928095
0.8161282487247996,0.9428263214670982,1.1552428468690605
0.8162496963808599,0.9428263214670982,1.155070961309342
0.8163711440369201,0.9428263214670982,1.154899126890819
0.8164925916929803,0.9428263214670982,1.154727343590672
0.8166140393490405,0.9428263214670982,1.1545556113860926
0.8167354870051008,0.9428263214670982,1.154383930254288
0.816856934661161,0.9428263214670982,1.154212300172478
0.8169783823172213,0.9428263214670982,1.154040721117896
0.8170998299732816,0.9428263214670982,1.1538691930677893
0.8172212776293417,0.9428263214670982,1.1536977159994184
0.817342725285402,0.9428263214670982,1.1535262898900576
0.8174641729414622,0.9428263214670982,1.153354914716994
0.8175856205975225,0.9428263214670982,1.1531835904575292
0.8177070682535827,0.9428263214670982,1.1530123170889777
0.8178285159096429,0.9428263214670982,1.1528410945886676
0.8179499635657032,0.9428263214670982,1.15266992293394
0.8180714112217634,0.9428263214670982,1.1524988021021507
0.8181928588778237,0.9428263214670982,1.1523277320706675
0.8183143065338839,0.9428263214670982,1.1521567128168724
0.8184357541899442,0.9428263214670982,1.151985744318161
0.8185572018460043,0.9428263214670982,1.1518148265519417
0.8186786495020646,0.9428263214670982,1.1516439594956367
0.8188000971581249,0.9428263214670982,1.1514731431266816
0.8189215448141851,0.9428263214670982,1.151302377422525
0.8190429924702454,0.9428263214670982,1.1511316623606296
0.8191644401263055,0.9428263214670982,1.150960997918471
0.8192858877823658,0.9428263214670982,1.1507903840735378
0.819407335438426,0.9428263214670982,1.150619820803333
0.8195287830944863,0.9428263214670982,1.1504493080853715
0.8196502307505465,0.9428263214670982,1.1502788458971827
0.8197716784066068,0.9428263214670982,1.150108434216309
0.819893126062667,0.9428263214670982,1.1499380730203062
0.8200145737187272,0.9428263214670982,1.1497677622867428
0.8201360213747875,0.9428263214670982,1.149597501993201
0.8202574690308477,0.9428263214670982,1.1494272921172766
0.820378916686908,0.9428263214670982,1.1492571326365784
0.8205003643429681,0.9428263214670982,1.149087023528728
0.8206218119990284,0.9428263214670982,1.148916964771361
0.8207432596550887,0.9428263214670982,1.148746956342126
0.8208647073111489,0.9428263214670982,1.1485769982186842
0.8209861549672092,0.9428263214670982,1.148407090378711
0.8211076026232693,0.9428263214670982,1.1482372327998946
0.8212290502793296,0.9428263214670982,1.148067425459936
0.8213504979353898,0.9428263214670982,1.1478976683365498
0.8214719455914501,0.9428263214670982,1.147727961407464
0.8215933932475104,0.9428263214670982,1.1475583046504192
0.8217148409035706,0.9428263214670982,1.1473886980431698
0.8218362885596308,0.9428263214670982,1.1472191415634827
0.821957736215691,0.9428263214670982,1.1470496351891382
0.8220791838717513,0.9428263214670982,1.1468801788979297
0.8222006315278115,0.9428263214670982,1.1467107726676642
0.8223220791838718,0.9428263214670982,1.146541416476161
0.8224435268399319,0.9428263214670982,1.1463721103012532
0.8225649744959922,0.9428263214670982,1.1462028541207865
0.8226864221520525,0.9428263214670982,1.1460336479126199
0.8228078698081127,0.9428263214670982,1.1458644916546252
0.822929317464173,0.9428263214670982,1.145695385324688
0.8230507651202332,0.9428263214670982,1.1455263289007063
0.8231722127762934,0.9428263214670982,1.1453573223605913
0.8232936604323536,0.9428263214670982,1.1451883656822668
0.8234151080884139,0.9428263214670982,1.1450194588436706
0.8235365557444742,0.9439050701186623,1.1461604995365087
0.8236580034005344,0.9439050701186623,1.145991499167954
0.8237794510565946,0.9439050701186623,1.145822548629967
0.8239008987126548,0.9439050701186623,1.1456536479005108
0.8240223463687151,0.9439050701186623,1.145484796957563
0.8241437940247753,0.9439050701186623,1.1453159957791137
0.8242652416808356,0.9439050701186623,1.1451472443431656
0.8243866893368959,0.9439050701186623,1.144978542627735
0.824508136992956,0.9439050701186623,1.1448098906108508
0.8246295846490163,0.9439050701186623,1.1446412882705546
0.8247510323050765,0.9439050701186623,1.1444727355849014
0.8248724799611368,0.9439050701186623,1.144304232531959
0.824993927617197,0.9439050701186623,1.144135779089808
0.8251153752732572,0.9439050701186623,1.143967375236542
0.8252368229293174,0.9439050701186623,1.1437990209502673
0.8253582705853777,0.9439050701186623,1.1436307162091033
0.825479718241438,0.9439050701186623,1.143462460991182
0.8256011658974982,0.9439050701186623,1.1432942552746492
0.8257226135535585,0.9439050701186623,1.1431260990376622
0.8258440612096186,0.9439050701186623,1.1429579922583921
0.8259655088656789,0.9439050701186623,1.1427899349150221
0.8260869565217391,0.9439050701186623,1.1426219269857492
0.8262084041777994,0.9439050701186623,1.1424539684487822
0.8263298518338597,0.9439050701186623,1.1422860592823434
0.8264512994899198,0.9439050701186623,1.142118199464668
0.8265727471459801,0.9439050701186623,1.1419503889740032
0.8266941948020403,0.9439050701186623,1.1417826277886096
0.8268156424581006,0.9439050701186623,1.1416149158867606
0.8269370901141608,0.9439050701186623,1.141447253246742
0.827058537770221,0.9439050701186623,1.1412796398468525
0.8271799854262812,0.9439050701186623,1.1411120756654038
0.8273014330823415,0.9439050701186623,1.1409445606807203
0.8274228807384018,0.9439050701186623,1.1407770948711384
0.827544328394462,0.9439050701186623,1.1406096782150081
0.8276657760505223,0.9439050701186623,1.1404423106906918
0.8277872237065824,0.9439050701186623,1.140274992276565
0.8279086713626427,0.9449838187702265,1.1414107032058156
0.8280301190187029,0.9449838187702265,1.1412432918383757
0.8281515666747632,0.9449838187702265,1.141075929572378
0.8282730143308235,0.9460625674217907,1.1422110234825549
0.8283944619868836,0.9460625674217907,1.1420435684138726
0.8285159096429439,0.9460625674217907,1.1418761624378517
0.8286373572990041,0.9460625674217907,1.141708805532907
0.8287588049550644,0.9460625674217907,1.1415414976774656
0.8288802526111246,0.9460625674217907,1.141374238849967
0.8290017002671849,0.9460625674217907,1.1412070290288638
0.829123147923245,0.9460625674217907,1.1410398681926213
0.8292445955793053,0.9460625674217907,1.1408727563197165
0.8293660432353656,0.9460625674217907,1.1407056933886404
0.8294874908914258,0.9460625674217907,1.1405386793778953
0.8296089385474861,0.9460625674217907,1.1403717142659968
0.8297303862035462,0.9460625674217907,1.1402047980314733
0.8298518338596065,0.9471413160733549,1.1413378598782387
0.8299732815156667,0.9471413160733549,1.141170851119111
0.830094729171727,0.9471413160733549,1.1410038912286766
0.8302161768277873,0.9471413160733549,1.1408369801854892
0.8303376244838475,0.9471413160733549,1.1406701179681153
0.8304590721399077,0.9471413160733549,1.1405033045551338
0.8305805197959679,0.9471413160733549,1.140336539925136
0.8307019674520282,0.9471413160733549,1.1401698240567257
0.8308234151080884,0.9471413160733549,1.1400031569285198
0.8309448627641487,0.9471413160733549,1.1398365385191471
0.8310663104202088,0.9471413160733549,1.139669968807249
0.8311877580762691,0.9471413160733549,1.1395034477714794
0.8313092057323294,0.948220064724919,1.1406346257041613
0.8314306533883896,0.948220064724919,1.140468012407973
0.8315521010444499,0.948220064724919,1.140301447779317
0.8316735487005101,0.948220064724919,1.1401349317968725
0.8317949963565703,0.948220064724919,1.1399684644393318
0.8319164440126305,0.948220064724919,1.139802045685399
0.8320378916686908,0.948220064724919,1.139635675513791
0.8321593393247511,0.948220064724919,1.1394693539032374
0.8322807869808113,0.948220064724919,1.1393030808324796
0.8324022346368715,0.948220064724919,1.139136856280272
0.8325236822929317,0.948220064724919,1.1389706802253805
0.832645129948992,0.948220064724919,1.1388045526465844
0.8327665776050522,0.948220064724919,1.138638473522675
0.8328880252611125,0.948220064724919,1.138472442832456
0.8330094729171726,0.948220064724919,1.1383064605547433
0.8331309205732329,0.948220064724919,1.138140526668365
0.8332523682292932,0.948220064724919,1.137974641152162
0.8333738158853534,0.948220064724919,1.1378088039849874
0.8334952635414137,0.948220064724919,1.1376430151457064
0.8336167111974739,0.948220064724919,1.137477274613197
0.8337381588535341,0.948220064724919,1.1373115823663487
0.8338596065095943,0.948220064724919,1.137145938384064
0.8339810541656546,0.948220064724919,1.1369803426452576
0.8341025018217149,0.9492988133764833,1.1381080997877058
0.8342239494777751,0.9492988133764833,1.1379424121912889
0.8343453971338353,0.9492988133764833,1.1377767728299801
0.8344668447898955,0.9492988133764833,1.1376111816827192
0.8345882924459558,0.9492988133764833,1.137445638728458
0.834709740102016,0.9492988133764833,1.1372801439461608
0.8348311877580763,0.9492988133764833,1.137114697314804
0.8349526354141366,0.9492988133764833,1.1369492988133765
0.8350740830701967,0.9492988133764833,1.1367839484208788
0.835195530726257,0.9492988133764833,1.1366186461163243
0.8353169783823172,0.9492988133764833,1.1364533918787385
0.8354384260383775,0.9492988133764833,1.1362881856871585
0.8355598736944377,0.9492988133764833,1.1361230275206342
0.8356813213504979,0.9492988133764833,1.1359579173582275
0.8358027690065581,0.9492988133764833,1.1357928551790124
0.8359242166626184,0.9492988133764833,1.135627840962075
0.8360456643186787,0.9492988133764833,1.135462874686514
0.8361671119747389,0.9492988133764833,1.1352979563314398
0.8362885596307992,0.9492988133764833,1.1351330858759747
0.8364100072868593,0.9492988133764833,1.1349682632992542
0.8365314549429196,0.9492988133764833,1.1348034885804243
0.8366529025989798,0.9492988133764833,1.1346387616986446
0.8367743502550401,0.9492988133764833,1.1344740826330861
0.8368957979111004,0.9492988133764833,1.1343094513629317
0.8370172455671605,0.9492988133764833,1.1341448678673771
0.8371386932232208,0.9492988133764833,1.1339803321256294
0.837260140879281,0.9503775620280475,1.1351042712124952
0.8373815885353413,0.9503775620280475,1.1349396440520585
0.8375030361914015,0.9503775620280475,1.1347750646373176
0.8376244838474618,0.9503775620280475,1.1346105329475051
0.837745931503522,0.9503775620280475,1.1344460489618649
0.8378673791595822,0.9503775620280475,1.1342816126596527
0.8379888268156425,0.9503775620280475,1.1341172240201367
0.8381102744717027,0.9503775620280475,1.1339528830225971
0.838231722127763,0.9503775620280475,1.133788589646326
0.8383531697838231,0.9503775620280475,1.1336243438706277
0.8384746174398834,0.9503775620280475,1.133460145674818
0.8385960650959436,0.9503775620280475,1.1332959950382249
0.8387175127520039,0.9503775620280475,1.1331318919401887
0.8388389604080642,0.9503775620280475,1.1329678363600613
0.8389604080641243,0.9503775620280475,1.1328038282772066
0.8390818557201846,0.9503775620280475,1.1326398676710006
0.8392033033762448,0.9503775620280475,1.1324759545208312
0.8393247510323051,0.9503775620280475,1.132312088806098
0.8394461986883653,0.9503775620280475,1.1321482705062127
0.8395676463444256,0.9503775620280475,1.1319844996005992
0.8396890940004857,0.9503775620280475,1.131820776068693
0.839810541656546,0.9503775620280475,1.1316570998899411
0.8399319893126063,0.9503775620280475,1.1314934710438032
0.8400534369686665,0.9503775620280475,1.1313298895097503
0.8401748846247268,0.9503775620280475,1.1311663552672655
0.8402963322807869,0.9503775620280475,1.1310028682958437
0.8404177799368472,0.9503775620280475,1.1308394285749919
0.8405392275929074,0.9503775620280475,1.130676036084228
0.8406606752489677,0.9503775620280475,1.1305126908030834
0.840782122905028,0.9503775620280475,1.1303493927110997
0.8409035705610882,0.9503775620280475,1.1301861417878312
0.8410250182171484,0.9503775620280475,1.1300229380128437
0.8411464658732086,0.9503775620280475,1.1298597813657152
0.8412679135292689,0.9503775620280475,1.1296966718260348
0.8413893611853291,0.9503775620280475,1.1295336093734039
0.8415108088413894,0.9503775620280475,1.1293705939874357
0.8416322564974495,0.9503775620280475,1.1292076256477552
0.8417537041535098,0.9503775620280475,1.1290447043339984
0.8418751518095701,0.9503775620280475,1.128881830025814
0.8419965994656303,0.9503775620280475,1.128719002702862
0.8421180471216906,0.9503775620280475,1.1285562223448142
0.8422394947777508,0.9503775620280475,1.1283934889313543
0.842360942433811,0.9514563106796117,1.1295114276435876
0.8424823900898712,0.9514563106796117,1.1293486034504718
0.8426038377459315,0.9514563106796117,1.129185826194281
0.8427252854019918,0.9514563106796117,1.129023095854723
0.842846733058052,0.9514563106796117,1.1288604124115162
0.8429681807141122,0.9514563106796117,1.1286977758443917
0.8430896283701724,0.9514563106796117,1.1285351861330917
0.8432110760262327,0.9514563106796117,1.1283726432573704
0.843332523682293,0.9514563106796117,1.1282101471969934
0.8434539713383532,0.9514563106796117,1.1280476979317382
0.8435754189944135,0.9514563106796117,1.1278852954413938
0.8436968666504736,0.9514563106796117,1.127722939705761
0.8438183143065339,0.9514563106796117,1.1275606307046522
0.8439397619625941,0.9514563106796117,1.1273983684178908
0.8440612096186544,0.9514563106796117,1.1272361528253125
0.8441826572747146,0.9514563106796117,1.1270739839067647
0.8443041049307748,0.9514563106796117,1.1269118616421063
0.844425552586835,0.9514563106796117,1.126749786011207
0.8445470002428953,0.9514563106796117,1.126587756993949
0.8446684478989556,0.9514563106796117,1.126425774570226
0.8447898955550158,0.9514563106796117,1.1262638387199428
0.844911343211076,0.9514563106796117,1.126101949423016
0.8450327908671362,0.9514563106796117,1.1259401066593737
0.8451542385231965,0.9514563106796117,1.1257783104089556
0.8452756861792567,0.9514563106796117,1.125616560651713
0.845397133835317,0.9514563106796117,1.1254548573676084
0.8455185814913773,0.9514563106796117,1.1252932005366163
0.8456400291474374,0.9514563106796117,1.1251315901387222
0.8457614768034977,0.9514563106796117,1.1249700261539235
0.8458829244595579,0.9514563106796117,1.1248085085622286
0.8460043721156182,0.9514563106796117,1.1246470373436581
0.8461258197716784,0.9514563106796117,1.1244856124782434
0.8462472674277386,0.9514563106796117,1.124324233946028
0.8463687150837989,0.9514563106796117,1.124162901727066
0.8464901627398591,0.9514563106796117,1.1240016158014237
0.8466116103959194,0.9514563106796117,1.1238403761491784
0.8467330580519796,0.9514563106796117,1.1236791827504191
0.8468545057080399,0.9514563106796117,1.1235180355852463
0.8469759533641,0.9514563106796117,1.1233569346337715
0.8470974010201603,0.9514563106796117,1.123195879876118
0.8472188486762205,0.9514563106796117,1.12303487129242
0.8473402963322808,0.9514563106796117,1.122873908862824
0.8474617439883411,0.9514563106796117,1.1227129925674868
0.8475831916444012,0.9514563106796117,1.1225521223865773
0.8477046393004615,0.9514563106796117,1.1223912983002755
0.8478260869565217,0.9514563106796117,1.1222305202887728
0.847947534612582,0.9514563106796117,1.122069788332272
0.8480689822686422,0.9514563106796117,1.121909102410987
0.8481904299247025,0.9514563106796117,1.1217484625051435
0.8483118775807627,0.9514563106796117,1.1215878685949783
0.8484333252368229,0.9514563106796117,1.121427320660739
0.8485547728928832,0.9514563106796117,1.1212668186826853
0.8486762205489434,0.9514563106796117,1.121106362641088
0.8487976682050037,0.9514563106796117,1.1209459525162286
0.8489191158610638,0.9514563106796117,1.120785588288401
0.8490405635171241,0.9514563106796117,1.1206252699379091
0.8491620111731844,0.9514563106796117,1.120464997445069
0.8492834588292446,0.9514563106796117,1.1203047707902076
0.8494049064853049,0.9514563106796117,1.1201445899536635
0.8495263541413651,0.9514563106796117,1.1199844549157858
0.8496478017974253,0.9514563106796117,1.1198243656569358
0.8497692494534855,0.9514563106796117,1.1196643221574851
0.8498906971095458,0.9514563106796117,1.1195043243978169
0.850012144765606,0.9514563106796117,1.1193443723583258
0.8501335924216663,0.9514563106796117,1.1191844660194175
0.8502550400777265,0.9514563106796117,1.1190246053615087
0.8503764877337867,0.9514563106796117,1.1188647903650275
0.850497935389847,0.9514563106796117,1.118705021010413
0.8506193830459072,0.9514563106796117,1.1185452972781158
0.8507408307019675,0.9514563106796117,1.118385619148597
0.8508622783580276,0.9514563106796117,1.1182259866023299
0.8509837260140879,0.9514563106796117,1.1180663996197977
0.8511051736701482,0.9514563106796117,1.1179068581814957
0.8512266213262084,0.9514563106796117,1.1177473622679301
0.8513480689822687,0.9514563106796117,1.117587911859618
0.8514695166383289,0.9514563106796117,1.1174285069370877
0.8515909642943891,0.9514563106796117,1.117269147480879
0.8517124119504493,0.9514563106796117,1.117109833471542
0.8518338596065096,0.9514563106796117,1.1169505648896383
0.8519553072625698,0.9514563106796117,1.116791341715741
0.8520767549186301,0.9514563106796117,1.1166321639304335
0.8521982025746903,0.9514563106796117,1.1164730315143114
0.8523196502307505,0.9514563106796117,1.11631394444798
0.8524410978868108,0.9514563106796117,1.1161549027120563
0.852562545542871,0.9514563106796117,1.1159959062871685
0.8526839931989313,0.9514563106796117,1.1158369551539555
0.8528054408549915,0.9514563106796117,1.1156780492930678
0.8529268885110517,0.9514563106796117,1.1155191886851663
0.853048336167112,0.9514563106796117,1.115360373310923
0.8531697838231722,0.9514563106796117,1.115201603151021
0.8532912314792325,0.9514563106796117,1.1150428781861546
0.8534126791352927,0.9514563106796117,1.114884198397029
0.8535341267913529,0.9514563106796117,1.11472556376436
0.8536555744474131,0.9514563106796117,1.114566974268875
0.8537770221034734,0.9514563106796117,1.114408429891312
0.8538984697595337,0.9514563106796117,1.1142499306124196
0.8540199174155939,0.9514563106796117,1.1140914764129581
0.8541413650716542,0.9514563106796117,1.1139330672736987
0.8542628127277143,0.9514563106796117,1.1137747031754226
0.8543842603837746,0.9514563106796117,1.1136163840989228
0.8545057080398348,0.9514563106796117,1.1134581100250032
0.8546271556958951,0.9514563106796117,1.113299880934478
0.8547486033519553,0.9514563106796117,1.113141696808173
0.8548700510080155,0.9514563106796117,1.1129835576269247
0.8549914986640758,0.9514563106796117,1.11282546337158
0.855112946320136,0.9514563106796117,1.112667414022997
0.8552343939761963,0.9514563106796117,1.1125094095620451
0.8553558416322565,0.9514563106796117,1.1123514499696041
0.8554772892883168,0.9514563106796117,1.1121935352265648
0.8555987369443769,0.9514563106796117,1.1120356653138286
0.8557201846004372,0.9514563106796117,1.1118778402123082
0.8558416322564975,0.9514563106796117,1.1117200599029264
0.8559630799125577,0.9514563106796117,1.1115623243666177
0.856084527568618,0.9514563106796117,1.111404633584327
0.8562059752246781,0.9514563106796117,1.1112469875370103
0.8563274228807384,0.9514563106796117,1.1110893862056337
0.8564488705367986,0.9514563106796117,1.1109318295711745
0.8565703181928589,0.9514563106796117,1.110774317614621
0.8566917658489192,0.9514563106796117,1.1106168503169722
0.8568132135049793,0.9514563106796117,1.1104594276592379
0.8569346611610396,0.9514563106796117,1.110302049622438
0.8570561088170998,0.9514563106796117,1.1101447161876041
0.8571775564731601,0.9514563106796117,1.1099874273357782
0.8572990041292203,0.9514563106796117,1.1098301830480128
0.8574204517852806,0.9514563106796117,1.1096729833053713
0.8575418994413407,0.9514563106796117,1.1095158280889283
0.857663347097401,0.9514563106796117,1.109358717379768
0.8577847947534613,0.9514563106796117,1.1092016511589866
0.8579062424095215,0.9514563106796117,1.10904462940769
0.8580276900655818,0.9514563106796117,1.1088876521069952
0.8581491377216419,0.9514563106796117,1.1087307192380305
0.8582705853777022,0.9514563106796117,1.1085738307819333
0.8583920330337624,0.9525350593311759,1.1096736953215764
0.8585134806898227,0.9525350593311759,1.1095167178572503
0.858634928345883,0.9525350593311759,1.1093597847995618
0.8587563760019432,0.9525350593311759,1.1092028961296707
0.8588778236580034,0.9525350593311759,1.1090460518287475
0.8589992713140636,0.9525350593311759,1.108889251877973
0.8591207189701239,0.9525350593311759,1.1087324962585385
0.8592421666261841,0.9525350593311759,1.1085757849516469
0.8593636142822444,0.9525350593311759,1.1084191179385108
0.8594850619383045,0.9525350593311759,1.1082624952003537
0.8596065095943648,0.9525350593311759,1.1081059167184095
0.8597279572504251,0.9525350593311759,1.1079493824739233
0.8598494049064853,0.9525350593311759,1.10779289244815
0.8599708525625456,0.9525350593311759,1.1076364466223558
0.8600923002186058,0.9525350593311759,1.1074800449778173
0.860213747874666,0.9525350593311759,1.1073236874958214
0.8603351955307262,0.9525350593311759,1.1071673741576655
0.8604566431867865,0.9525350593311759,1.107011104944658
0.8605780908428468,0.9525350593311759,1.1068548798381177
0.860699538498907,0.9525350593311759,1.1066986988193737
0.8608209861549672,0.9525350593311759,1.1065425618697662
0.8609424338110274,0.9525350593311759,1.106386468970645
0.8610638814670877,0.9525350593311759,1.1062304201033712
0.8611853291231479,0.9525350593311759,1.1060744152493163
0.8613067767792082,0.9525350593311759,1.1059184543898621
0.8614282244352685,0.9525350593311759,1.1057625375064009
0.8615496720913286,0.9525350593311759,1.105606664580336
0.8616711197473889,0.9525350593311759,1.1054508355930799
0.8617925674034491,0.9525350593311759,1.1052950505260573
0.8619140150595094,0.9525350593311759,1.105139309360702
0.8620354627155696,0.9525350593311759,1.104983612078459
0.8621569103716298,0.9525350593311759,1.1048279586607836
0.86227835802769,0.9525350593311759,1.1046723490891412
0.8623998056837503,0.9525350593311759,1.104516783345008
0.8625212533398106,0.9525350593311759,1.1043612614098708
0.8626427009958708,0.9525350593311759,1.1042057832652263
0.8627641486519311,0.9525350593311759,1.104050348892582
0.8628855963079912,0.9525350593311759,1.1038949582734556
0.8630070439640515,0.9525350593311759,1.1037396113893756
0.8631284916201117,0.9525350593311759,1.1035843082218801
0.863249939276172,0.9525350593311759,1.1034290487525185
0.8633713869322323,0.9525350593311759,1.1032738329628502
0.8634928345882924,0.9525350593311759,1.1031186608344448
0.8636142822443527,0.9525350593311759,1.1029635323488824
0.8637357299004129,0.9525350593311759,1.1028084474877533
0.8638571775564732,0.9525350593311759,1.1026534062326587
0.8639786252125334,0.9525350593311759,1.1024984085652096
0.8641000728685936,0.95361380798274,1.1035918615502294
0.8642215205246538,0.95361380798274,1.1034367755663128
0.8643429681807141,0.95361380798274,1.103281733164238
0.8644644158367744,0.95361380798274,1.1031267343256366
0.8645858634928346,0.9546925566343042,1.1042194846645401
0.8647073111488949,0.9546925566343042,1.104064397658267
0.864828758804955,0.9546925566343042,1.103909354209642
0.8649502064610153,0.9546925566343042,1.1037543543003174
0.8650716541170755,0.9546925566343042,1.1035993979119558
0.8651931017731358,0.9546925566343042,1.1034444850262297
0.8653145494291961,0.9546925566343042,1.1032896156248224
0.8654359970852562,0.9546925566343042,1.1031347896894277
0.8655574447413165,0.9546925566343042,1.1029800072017484
0.8656788923973767,0.9546925566343042,1.102825268143499
0.865800340053437,0.9546925566343042,1.1026705724964034
0.8659217877094972,0.9546925566343042,1.1025159202421964
0.8660432353655575,0.9546925566343042,1.1023613113626225
0.8661646830216176,0.9546925566343042,1.1022067458394365
0.8662861306776779,0.9546925566343042,1.1020522236544037
0.8664075783337382,0.9546925566343042,1.1018977447892992
0.8665290259897984,0.9546925566343042,1.101743309225909
0.8666504736458587,0.9546925566343042,1.1015889169460287
0.8667719213019188,0.9546925566343042,1.1014345679314643
0.8668933689579791,0.9546925566343042,1.101280262164032
0.8670148166140393,0.9546925566343042,1.1011259996255582
0.8671362642700996,0.9546925566343042,1.1009717802978796
0.8672577119261599,0.9546925566343042,1.1008176041628428
0.8673791595822201,0.9546925566343042,1.1006634712023047
0.8675006072382803,0.9546925566343042,1.1005093813981326
0.8676220548943405,0.9546925566343042,1.1003553347322033
0.8677435025504008,0.9546925566343042,1.1002013311864045
0.867864950206461,0.9546925566343042,1.1000473707426337
0.8679863978625213,0.9557713052858684,1.101136270844248
0.8681078455185814,0.9557713052858684,1.1009822226810073
0.8682292931746417,0.9557713052858684,1.1008282176141895
0.868350740830702,0.9557713052858684,1.1006742556257119
0.8684721884867622,0.9557713052858684,1.1005203366975025
0.8685936361428225,0.9557713052858684,1.100366460811499
0.8687150837988827,0.9557713052858684,1.1002126279496491
0.8688365314549429,0.9557713052858684,1.1000588380939111
0.8689579791110031,0.9557713052858684,1.0999050912262531
0.8690794267670634,0.9557713052858684,1.0997513873286529
0.8692008744231237,0.9557713052858684,1.0995977263830992
0.8693223220791839,0.9557713052858684,1.0994441083715898
0.8694437697352441,0.9557713052858684,1.0992905332761336
0.8695652173913043,0.9557713052858684,1.0991370010787487
0.8696866650473646,0.9557713052858684,1.0989835117614635
0.8698081127034248,0.9557713052858684,1.0988300653063168
0.8699295603594851,0.9557713052858684,1.0986766616953567
0.8700510080155452,0.9557713052858684,1.0985233009106423
0.8701724556716055,0.9557713052858684,1.0983699829342415
0.8702939033276658,0.9557713052858684,1.0982167077482334
0.870415350983726,0.9557713052858684,1.0980634753347063
0.8705367986397863,0.9557713052858684,1.097910285675759
0.8706582462958465,0.9557713052858684,1.0977571387535
0.8707796939519067,0.9557713052858684,1.0976040345500475
0.8709011416079669,0.9557713052858684,1.0974509730475304
0.8710225892640272,0.9557713052858684,1.097297954228087
0.8711440369200875,0.9557713052858684,1.097144978073866
0.8712654845761477,0.9557713052858684,1.0969920445670254
0.8713869322322079,0.9557713052858684,1.096839153689734
0.8715083798882681,0.9557713052858684,1.0966863054241696
0.8716298275443284,0.9557713052858684,1.0965334997525207
0.8717512752003886,0.9557713052858684,1.0963807366569853
0.8718727228564489,0.9557713052858684,1.0962280161197715
0.8719941705125092,0.9557713052858684,1.0960753381230974
0.8721156181685693,0.9557713052858684,1.0959227026491911
0.8722370658246296,0.9557713052858684,1.0957701096802897
0.8723585134806898,0.9557713052858684,1.0956175591986412
0.8724799611367501,0.9557713052858684,1.0954650511865034
0.8726014087928103,0.9557713052858684,1.0953125856261434
0.8727228564488705,0.9557713052858684,1.0951601624998386
0.8728443041049307,0.9557713052858684,1.0950077817898762
0.872965751760991,0.9557713052858684,1.0948554434785531
0.8730871994170513,0.9557713052858684,1.0947031475481763
0.8732086470731115,0.9557713052858684,1.0945508939810626
0.8733300947291718,0.9557713052858684,1.0943986827595382
0.8734515423852319,0.9557713052858684,1.09424651386594
0.8735729900412922,0.9557713052858684,1.0940943872826137
0.8736944376973524,0.9568500539374326,1.0951770008508228
0.8738158853534127,0.9568500539374326,1.0950247872301349
0.873937333009473,0.9568500539374326,1.0948726159145108
0.8740587806655331,0.9568500539374326,1.0947204868863165
0.8741802283215934,0.9568500539374326,1.0945684001279272
0.8743016759776536,0.9568500539374326,1.0944163556217281
0.8744231236337139,0.9568500539374326,1.094264353350114
0.8745445712897741,0.9568500539374326,1.0941123932954895
0.8746660189458344,0.9579288025889967,1.0951938017936405
0.8747874666018945,0.9579288025889967,1.0950417548962654
0.8749089142579548,0.9579288025889967,1.0948897502106885
0.8750303619140151,0.9579288025889967,1.0947377877193336
0.8751518095700753,0.9579288025889967,1.094585867404635
0.8752732572261356,0.9579288025889967,1.0944339892490353
0.8753947048821957,0.9579288025889967,1.094282153234989
0.875516152538256,0.9579288025889967,1.0941303593449576
0.8756376001943162,0.9579288025889967,1.0939786075614146
0.8757590478503765,0.9579288025889967,1.0938268978668422
0.8758804955064368,0.9579288025889967,1.0936752302437325
0.8760019431624969,0.9579288025889967,1.0935236046745875
0.8761233908185572,0.9579288025889967,1.0933720211419184
0.8762448384746174,0.9579288025889967,1.0932204796282465
0.8763662861306777,0.9590075512405609,1.0942999136522698
0.8764877337867379,0.9590075512405609,1.0941482855639155
0.8766091814427982,0.9590075512405609,1.0939966994894401
0.8767306290988583,0.9590075512405609,1.0938451554113837
0.8768520767549186,0.9590075512405609,1.0936936533122963
0.8769735244109789,0.9590075512405609,1.0935421931747373
0.8770949720670391,0.9590075512405609,1.0933907749812763
0.8772164197230994,0.9590075512405609,1.0932393987144924
0.8773378673791595,0.9590075512405609,1.0930880643569738
0.8774593150352198,0.9590075512405609,1.0929367718913188
0.87758076269128,0.9590075512405609,1.0927855213001354
0.8777022103473403,0.9590075512405609,1.092634312566041
0.8778236580034006,0.9590075512405609,1.0924831456716628
0.8779451056594608,0.9600862998921251,1.0935607405328203
0.878066553315521,0.9600862998921251,1.0934094873183622
0.8781880009715812,0.9600862998921251,1.0932582759385643
0.8783094486276415,0.9600862998921251,1.0931071063760727
0.8784308962837017,0.9600862998921251,1.0929559786135432
0.878552343939762,0.9600862998921251,1.092804892633641
0.8786737915958222,0.9600862998921251,1.0926538484190407
0.8787952392518824,0.9600862998921251,1.0925028459524266
0.8789166869079427,0.9600862998921251,1.0923518852164928
0.8790381345640029,0.9600862998921251,1.092200966193943
0.8791595822200632,0.9600862998921251,1.0920500888674898
0.8792810298761234,0.9600862998921251,1.0918992532198561
0.8794024775321836,0.9600862998921251,1.091748459233774
0.8795239251882438,0.9600862998921251,1.0915977068919853
0.8796453728443041,0.9600862998921251,1.0914469961772413
0.8797668205003644,0.9600862998921251,1.0912963270723024
0.8798882681564246,0.9600862998921251,1.091145699559939
0.8800097158124848,0.9600862998921251,1.090995113622931
0.880131163468545,0.9600862998921251,1.0908445692440676
0.8802526111246053,0.9600862998921251,1.0906940664061477
0.8803740587806655,0.9600862998921251,1.0905436050919792
0.8804955064367258,0.9600862998921251,1.0903931852843805
0.8806169540927861,0.9600862998921251,1.0902428069661783
0.8807384017488462,0.9600862998921251,1.0900924701202095
0.8808598494049065,0.9600862998921251,1.08994217472932
0.8809812970609667,0.9600862998921251,1.089791920776366
0.881102744717027,0.9600862998921251,1.089641708244212
0.8812241923730872,0.9600862998921251,1.089491537115733
0.8813456400291474,0.9600862998921251,1.0893414073738128
0.8814670876852077,0.9600862998921251,1.0891913190013445
0.8815885353412679,0.9600862998921251,1.0890412719812312
0.8817099829973282,0.9600862998921251,1.0888912662963854
0.8818314306533884,0.9600862998921251,1.0887413019297285
0.8819528783094486,0.9600862998921251,1.0885913788641914
0.8820743259655088,0.9600862998921251,1.088441497082715
0.8821957736215691,0.9600862998921251,1.0882916565682488
0.8823172212776293,0.9600862998921251,1.088141857303752
0.8824386689336896,0.9600862998921251,1.0879920992721934
0.8825601165897499,0.9600862998921251,1.0878423824565513
0.88268156424581,0.9600862998921251,1.0876927068398128
0.8828030119018703,0.9600862998921251,1.0875430724049744
0.8829244595579305,0.9600862998921251,1.0873934791350424
0.8830459072139908,0.9600862998921251,1.0872439270130323
0.883167354870051,0.9600862998921251,1.0870944160219689
0.8832888025261112,0.9600862998921251,1.0869449461448863
0.8834102501821715,0.9600862998921251,1.086795517364828
0.8835316978382317,0.9600862998921251,1.0866461296648464
0.883653145494292,0.9600862998921251,1.0864967830280041
0.8837745931503522,0.9600862998921251,1.0863474774373723
0.8838960408064125,0.9600862998921251,1.0861982128760317
0.8840174884624726,0.9600862998921251,1.0860489893270722
0.8841389361185329,0.9600862998921251,1.0858998067735932
0.8842603837745932,0.9600862998921251,1.0857506651987032
0.8843818314306534,0.9600862998921251,1.0856015645855202
0.8845032790867137,0.9611650485436893,1.0866721144732578
0.8846247267427738,0.9622437971952535,1.0877423704153923
0.8847461743988341,0.9622437971952535,1.0875930578044912
0.8848676220548943,0.9622437971952535,1.0874437861797581
0.8849890697109546,0.9622437971952535,1.0872945555243196
0.8851105173670148,0.9622437971952535,1.0871453658213115
0.8852319650230751,0.9633225458468176,1.0882148226783779
0.8853534126791353,0.9633225458468176,1.0880655476684082
0.8854748603351955,0.9633225458468176,1.0879163136061853
0.8855963079912558,0.9633225458468176,1.0877671204748625
0.885717755647316,0.9633225458468176,1.0876179682576026
0.8858392033033763,0.9633225458468176,1.0874688569375783
0.8859606509594364,0.9633225458468176,1.087319786497971
0.8860820986154967,0.9633225458468176,1.0871707569219704
0.886203546271557,0.9633225458468176,1.0870217681927774
0.8863249939276172,0.9633225458468176,1.0868728202936004
0.8864464415836775,0.9633225458468176,1.086723913207658
0.8865678892397377,0.9633225458468176,1.0865750469181776
0.8866893368957979,0.9633225458468176,1.0864262214083957
0.8868107845518581,0.9633225458468176,1.086277436661558
0.8869322322079184,0.9633225458468176,1.0861286926609197
0.8870536798639787,0.9633225458468176,1.0859799893897448
0.8871751275200389,0.9633225458468176,1.085831326831307
0.8872965751760991,0.9633225458468176,1.0856827049688882
0.8874180228321593,0.9644012944983819,1.0867497275078248
0.8875394704882196,0.9644012944983819,1.08660102064856
0.8876609181442798,0.9644012944983819,1.0864523544807327
0.8877823658003401,0.9654800431499461,1.0875188338299118
0.8879038134564002,0.9654800431499461,1.0873700827925943
0.8880252611124605,0.9654800431499461,1.087221372442103
0.8881467087685208,0.9654800431499461,1.087072702761747
0.888268156424581,0.9654800431499461,1.086924073734845
0.8883896040806413,0.9654800431499461,1.086775485344724
0.8885110517367015,0.9654800431499461,1.0866269375747206
0.8886324993927617,0.9654800431499461,1.0864784304081805
0.8887539470488219,0.9654800431499461,1.086329963828458
0.8888753947048822,0.9654800431499461,1.0861815378189172
0.8889968423609425,0.9654800431499461,1.0860331523629312
0.8891182900170027,0.9654800431499461,1.0858848074438814
0.8892397376730629,0.9654800431499461,1.0857365030451593
0.8893611853291231,0.9654800431499461,1.0855882391501648
0.8894826329851834,0.9654800431499461,1.085440015742307
0.8896040806412436,0.9654800431499461,1.0852918328050043
0.8897255282973039,0.9654800431499461,1.0851436903216838
0.8898469759533641,0.9654800431499461,1.084995588275782
0.8899684236094243,0.9654800431499461,1.0848475266507447
0.8900898712654846,0.9654800431499461,1.0846995054300255
0.8902113189215448,0.9654800431499461,1.084551524597088
0.8903327665776051,0.9654800431499461,1.0844035841354052
0.8904542142336653,0.9654800431499461,1.0842556840284583
0.8905756618897255,0.9654800431499461,1.0841078242597377
0.8906971095457857,0.9654800431499461,1.083960004812743
0.890818557201846,0.9654800431499461,1.0838122256709823
0.8909400048579063,0.9654800431499461,1.083664486817974
0.8910614525139665,0.9654800431499461,1.0835167882372434
0.8911829001700268,0.9654800431499461,1.083369129912327
0.8913043478260869,0.9654800431499461,1.0832215118267687
0.8914257954821472,0.9654800431499461,1.083073933964122
0.8915472431382074,0.9654800431499461,1.0829263963079494
0.8916686907942677,0.9654800431499461,1.0827788988418219
0.891790138450328,0.9654800431499461,1.08263144154932
0.8919115861063881,0.9654800431499461,1.0824840244140328
0.8920330337624484,0.9654800431499461,1.0823366474195584
0.8921544814185086,0.9654800431499461,1.082189310549504
0.8922759290745689,0.9654800431499461,1.0820420137874855
0.8923973767306291,0.9654800431499461,1.0818947571171278
0.8925188243866894,0.9654800431499461,1.081747540522065
0.8926402720427495,0.9654800431499461,1.0816003639859397
0.8927617196988098,0.9654800431499461,1.0814532274924031
0.89288316735487,0.9654800431499461,1.0813061310251164
0.8930046150109303,0.9654800431499461,1.0811590745677486
0.8931260626669906,0.9654800431499461,1.0810120581039782
0.8932475103230507,0.9654800431499461,1.0808650816174923
0.893368957979111,0.9654800431499461,1.080718145091987
0.8934904056351712,0.9654800431499461,1.0805712485111671
0.8936118532912315,0.9654800431499461,1.0804243918587464
0.8937333009472918,0.9654800431499461,1.0802775751184475
0.8938547486033519,0.9654800431499461,1.0801307982740023
0.8939761962594122,0.9654800431499461,1.0799840613091505
0.8940976439154724,0.9654800431499461,1.0798373642076413
0.8942190915715327,0.9654800431499461,1.079690706953233
0.8943405392275929,0.9654800431499461,1.0795440895296926
0.8944619868836532,0.9654800431499461,1.079397511920795
0.8945834345397133,0.9654800431499461,1.0792509741103253
0.8947048821957736,0.9654800431499461,1.0791044760820763
0.8948263298518339,0.9654800431499461,1.0789580178198501
0.8949477775078941,0.9654800431499461,1.0788115993074576
0.8950692251639544,0.9654800431499461,1.0786652205287186
0.8951906728200145,0.9654800431499461,1.078518881467461
0.8953121204760748,0.9654800431499461,1.0783725821075225
0.895433568132135,0.9654800431499461,1.0782263224327486
0.8955550157881953,0.9654800431499461,1.0780801024269944
0.8956764634442556,0.9665587918015103,1.079138317517781
0.8957979111003158,0.9676375404530745,1.0801962456738903
0.895919358756376,0.9676375404530745,1.0800498180955151
0.8960408064124362,0.9676375404530745,1.0799034302101675
0.8961622540684965,0.9676375404530745,1.0797570820017097
0.8962837017245567,0.9676375404530745,1.0796107734540128
0.896405149380617,0.9676375404530745,1.0794645045509572
0.8965265970366771,0.9676375404530745,1.0793182752764312
0.8966480446927374,0.9676375404530745,1.0791720856143323
0.8967694923487977,0.9676375404530745,1.0790259355485665
0.8968909400048579,0.9676375404530745,1.0788798250630487
0.8970123876609182,0.9676375404530745,1.0787337541417026
0.8971338353169784,0.9676375404530745,1.0785877227684602
0.8972552829730386,0.9676375404530745,1.0784417309272625
0.8973767306290988,0.9676375404530745,1.0782957786020593
0.8974981782851591,0.9676375404530745,1.0781498657768085
0.8976196259412194,0.9676375404530745,1.0780039924354776
0.8977410735972796,0.9676375404530745,1.0778581585620421
0.8978625212533398,0.9676375404530745,1.0777123641404864
0.8979839689094,0.9676375404530745,1.0775666091548033
0.8981054165654603,0.9676375404530745,1.0774208935889946
0.8982268642215205,0.9676375404530745,1.0772752174270708
0.8983483118775808,0.9676375404530745,1.0771295806530505
0.898469759533641,0.9676375404530745,1.0769839832509618
0.8985912071897012,0.9676375404530745,1.0768384252048406
0.8987126548457615,0.9676375404530745,1.0766929064987318
0.8988341025018217,0.9676375404530745,1.076547427116689
0.898955550157882,0.9676375404530745,1.0764019870427743
0.8990769978139422,0.9676375404530745,1.0762565862610582
0.8991984454700024,0.9676375404530745,1.0761112247556206
0.8993198931260626,0.9676375404530745,1.075965902510549
0.8994413407821229,0.9676375404530745,1.07582061950994
0.8995627884381832,0.9676375404530745,1.0756753757378987
0.8996842360942434,0.9676375404530745,1.0755301711785388
0.8998056837503036,0.9676375404530745,1.0753850058159826
0.8999271314063638,0.9676375404530745,1.0752398796343612
0.9000485790624241,0.9676375404530745,1.0750947926178134
0.9001700267184843,0.9676375404530745,1.0749497447504877
0.9002914743745446,0.9676375404530745,1.0748047360165405
0.9004129220306049,0.9676375404530745,1.074659766400137
0.900534369686665,0.9676375404530745,1.0745148358854506
0.9006558173427253,0.9676375404530745,1.0743699444566635
0.9007772649987855,0.9676375404530745,1.0742250920979661
0.9008987126548458,0.9676375404530745,1.0740802787935582
0.901020160310906,0.9676375404530745,1.0739355045276473
0.9011416079669662,0.9687162891046386,1.074987860443072
0.9012630556230264,0.9687162891046386,1.074843002895512
0.9013845032790867,0.9687162891046386,1.0746981843825916
0.901505950935147,0.9687162891046386,1.0745534048885348
0.9016273985912072,0.9687162891046386,1.0744086643975745
0.9017488462472675,0.9687162891046386,1.074263962893952
0.9018702939033276,0.9687162891046386,1.074119300361917
0.9019917415593879,0.9687162891046386,1.073974676785727
0.9021131892154481,0.9687162891046386,1.073830092149649
0.9022346368715084,0.9687162891046386,1.0736855464379584
0.9023560845275687,0.9687162891046386,1.0735410396349385
0.9024775321836288,0.9687162891046386,1.0733965717248815
0.9025989798396891,0.9687162891046386,1.0732521426920876
0.9027204274957493,0.9687162891046386,1.0731077525208657
0.9028418751518096,0.9687162891046386,1.0729634011955331
0.9029633228078698,0.9687162891046386,1.072819088700416
0.9030847704639301,0.9687162891046386,1.0726748150198486
0.9032062181199902,0.9687162891046386,1.0725305801381733
0.9033276657760505,0.9687162891046386,1.0723863840397412
0.9034491134321108,0.9687162891046386,1.0722422267089118
0.903570561088171,0.9687162891046386,1.072098108130053
0.9036920087442313,0.9687162891046386,1.071954028287541
0.9038134564002914,0.9687162891046386,1.0718099871657611
0.9039349040563517,0.9687162891046386,1.0716659847491057
0.9040563517124119,0.9687162891046386,1.0715220210219767
0.9041777993684722,0.9687162891046386,1.0713780959687835
0.9042992470245325,0.9687162891046386,1.0712342095739449
0.9044206946805927,0.9687162891046386,1.0710903618218872
0.9045421423366529,0.9687162891046386,1.0709465526970454
0.9046635899927131,0.9687162891046386,1.0708027821838628
0.9047850376487734,0.9687162891046386,1.0706590502667912
0.9049064853048336,0.9687162891046386,1.0705153569302903
0.9050279329608939,0.9687162891046386,1.070371702158829
0.905149380616954,0.9687162891046386,1.0702280859368838
0.9052708282730143,0.9687162891046386,1.0700845082489394
0.9053922759290746,0.9687162891046386,1.0699409690794894
0.9055137235851348,0.9687162891046386,1.0697974684130356
0.9056351712411951,0.9687162891046386,1.069654006234088
0.9057566188972552,0.9687162891046386,1.0695105825271647
0.9058780665533155,0.9687162891046386,1.0693671972767924
0.9059995142093757,0.9687162891046386,1.069223850467506
0.906120961865436,0.9687162891046386,1.0690805420838485
0.9062424095214963,0.9687162891046386,1.0689372721103718
0.9063638571775565,0.9687162891046386,1.0687940405316352
0.9064853048336167,0.9687162891046386,1.0686508473322072
0.9066067524896769,0.9687162891046386,1.0685076924966637
0.9067282001457372,0.9687162891046386,1.0683645760095895
0.9068496478017974,0.9687162891046386,1.068221497855577
0.9069710954578577,0.9687162891046386,1.068078458019228
0.9070925431139178,0.9687162891046386,1.0679354564851513
0.9072139907699781,0.9687162891046386,1.0677924932379645
0.9073354384260384,0.9687162891046386,1.0676495682622935
0.9074568860820986,0.9687162891046386,1.0675066815427723
0.9075783337381589,0.9687162891046386,1.0673638330640431
0.9076997813942191,0.9687162891046386,1.0672210228107564
0.9078212290502793,0.9687162891046386,1.0670782507675711
0.9079426767063395,0.9687162891046386,1.066935516919154
0.9080641243623998,0.9687162891046386,1.0667928212501798
0.9081855720184601,0.9687162891046386,1.066650163745332
0.9083070196745203,0.9687162891046386,1.0665075443893026
0.9084284673305805,0.9687162891046386,1.0663649631667906
0.9085499149866407,0.9687162891046386,1.0662224200625043
0.908671362642701,0.9687162891046386,1.0660799150611593
0.9087928102987612,0.9687162891046386,1.0659374481474801
0.9089142579548215,0.9687162891046386,1.0657950193061991
0.9090357056108818,0.9687162891046386,1.0656526285220567
0.9091571532669419,0.9687162891046386,1.0655102757798016
0.9092786009230022,0.9687162891046386,1.0653679610641904
0.9094000485790624,0.9687162891046386,1.0652256843599885
0.9095214962351227,0.9687162891046386,1.0650834456519687
0.9096429438911829,0.9687162891046386,1.0649412449249125
0.9097643915472431,0.9687162891046386,1.0647990821636089
0.9098858392033033,0.9687162891046386,1.0646569573528557
0.9100072868593636,0.9687162891046386,1.064514870477458
0.9101287345154239,0.9687162891046386,1.0643728215222303
0.9102501821714841,0.9687162891046386,1.0642308104719937
0.9103716298275444,0.9687162891046386,1.0640888373115787
0.9104930774836045,0.9687162891046386,1.063946902025823
0.9106145251396648,0.9687162891046386,1.0638050045995724
0.910735972795725,0.9687162891046386,1.0636631450176817
0.9108574204517853,0.9687162891046386,1.0635213232650125
0.9109788681078456,0.9687162891046386,1.0633795393264356
0.9111003157639057,0.9687162891046386,1.0632377931868295
0.911221763419966,0.9687162891046386,1.0630960848310802
0.9113432110760262,0.9687162891046386,1.0629544142440823
0.9114646587320865,0.9687162891046386,1.0628127814107386
0.9115861063881467,0.9687162891046386,1.0626711863159597
0.9117075540442069,0.9687162891046386,1.0625296289446642
0.9118290017002671,0.9687162891046386,1.0623881092817786
0.9119504493563274,0.9687162891046386,1.062246627312238
0.9120718970123877,0.9687162891046386,1.0621051830209847
0.9121933446684479,0.9687162891046386,1.0619637763929695
0.9123147923245082,0.9687162891046386,1.0618224074131515
0.9124362399805683,0.9687162891046386,1.0616810760664974
0.9125576876366286,0.9687162891046386,1.0615397823379817
0.9126791352926888,0.9687162891046386,1.0613985262125873
0.9128005829487491,0.9687162891046386,1.0612573076753051
0.9129220306048094,0.9687162891046386,1.061116126711134
0.9130434782608695,0.9687162891046386,1.0609749833050803
0.9131649259169298,0.9687162891046386,1.060833877442159
0.91328637357299,0.9687162891046386,1.0606928091073928
0.9134078212290503,0.9687162891046386,1.0605517782858123
0.9135292688851105,0.9687162891046386,1.060410784962456
0.9136507165411708,0.9687162891046386,1.0602698291223704
0.913772164197231,0.9697950377562028,1.0613094551946536
0.9138936118532912,0.9697950377562028,1.061168417393299
0.9140150595093515,0.9697950377562028,1.0610274170720932
0.9141365071654117,0.9697950377562028,1.0608864542160985
0.914257954821472,0.9697950377562028,1.0607455288103844
0.9143794024775321,0.9697950377562028,1.0606046408400285
0.9145008501335924,0.9697950377562028,1.0604637902901162
0.9146222977896526,0.9697950377562028,1.0603229771457408
0.9147437454457129,0.9697950377562028,1.060182201392004
0.9148651931017732,0.9697950377562028,1.0600414630140147
0.9149866407578334,0.9697950377562028,1.0599007619968905
0.9151080884138936,0.9697950377562028,1.0597600983257565
0.9152295360699538,0.9697950377562028,1.059619471985745
0.9153509837260141,0.9697950377562028,1.0594788829619972
0.9154724313820743,0.9697950377562028,1.0593383312396623
0.9155938790381346,0.9697950377562028,1.0591978168038962
0.9157153266941948,0.9697950377562028,1.059057339639864
0.915836774350255,0.9697950377562028,1.0589168997327376
0.9159582220063153,0.9697950377562028,1.0587764970676974
0.9160796696623755,0.9697950377562028,1.0586361316299315
0.9162011173184358,0.9697950377562028,1.058495803404636
0.916322564974496,0.9697950377562028,1.0583555123770143
0.9164440126305562,0.9697950377562028,1.0582152585322786
0.9165654602866165,0.9697950377562028,1.0580750418556477
0.9166869079426767,0.9697950377562028,1.0579348623323495
0.916808355598737,0.9697950377562028,1.0577947199476188
0.9169298032547972,0.9697950377562028,1.0576546146866985
0.9170512509108574,0.9697950377562028,1.0575145465348397
0.9171726985669176,0.9697950377562028,1.0573745154773007
0.9172941462229779,0.9697950377562028,1.0572345214993477
0.9174155938790381,0.9697950377562028,1.0570945645862555
0.9175370415350984,0.9697950377562028,1.0569546447233056
0.9176584891911587,0.9697950377562028,1.056814761895788
0.9177799368472188,0.9697950377562028,1.056674916089
0.9179013845032791,0.9697950377562028,1.0565351072882474
0.9180228321593393,0.9697950377562028,1.056395335478843
0.9181442798153996,0.9697950377562028,1.0562556006461077
0.9182657274714598,0.9697950377562028,1.0561159027753702
0.91838717512752,0.9697950377562028,1.055976241851967
0.9185086227835803,0.9697950377562028,1.0558366178612422
0.9186300704396405,0.9697950377562028,1.0556970307885476
0.9187515180957008,0.9697950377562028,1.0555574806192431
0.918872965751761,0.9697950377562028,1.0554179673386959
0.9189944134078212,0.9697950377562028,1.0552784909322814
0.9191158610638814,0.9697950377562028,1.0551390513853824
0.9192373087199417,0.9697950377562028,1.0549996486833892
0.919358756376002,0.9697950377562028,1.0548602828117006
0.9194802040320622,0.9697950377562028,1.0547209537557223
0.9196016516881225,0.9697950377562028,1.054581661500868
0.9197230993441826,0.9697950377562028,1.0544424060325597
0.9198445470002429,0.9697950377562028,1.0543031873362259
0.9199659946563031,0.9697950377562028,1.0541640053973034
0.9200874423123634,0.9697950377562028,1.0540248602012372
0.9202088899684236,0.9697950377562028,1.0538857517334794
0.9203303376244838,0.9697950377562028,1.05374667997949
0.920451785280544,0.9697950377562028,1.053607644924736
0.9205732329366043,0.9697950377562028,1.0534686465546932
0.9206946805926646,0.9697950377562028,1.0533296848548441
0.9208161282487248,0.9697950377562028,1.0531907598106798
0.9209375759047851,0.970873786407767,1.0542232305527566
0.9210590235608452,0.970873786407767,1.0540842243250994
0.9211804712169055,0.970873786407767,1.0539452547503696
0.9213019188729658,0.970873786407767,1.0538063218140725
0.921423366529026,0.970873786407767,1.0536674255017204
0.9215448141850863,0.970873786407767,1.053528565798834
0.9216662618411464,0.970873786407767,1.0533897426909413
0.9217877094972067,0.970873786407767,1.0532509561635777
0.9219091571532669,0.970873786407767,1.0531122062022862
0.9220306048093272,0.970873786407767,1.0529734927926178
0.9221520524653875,0.970873786407767,1.0528348159201308
0.9222735001214477,0.970873786407767,1.0526961755703914
0.9223949477775079,0.970873786407767,1.0525575717289735
0.9225163954335681,0.970873786407767,1.0524190043814579
0.9226378430896284,0.970873786407767,1.0522804735134335
0.9227592907456886,0.970873786407767,1.0521419791104967
0.9228807384017489,0.970873786407767,1.0520035211582515
0.923002186057809,0.970873786407767,1.0518650996423098
0.9231236337138693,0.970873786407767,1.0517267145482903
0.9232450813699296,0.970873786407767,1.0515883658618197
0.9233665290259898,0.970873786407767,1.0514500535685325
0.9234879766820501,0.970873786407767,1.0513117776540706
0.9236094243381103,0.970873786407767,1.0511735381040832
0.9237308719941705,0.970873786407767,1.0510353349042274
0.9238523196502307,0.970873786407767,1.0508971680401675
0.923973767306291,0.970873786407767,1.0507590374975753
0.9240952149623513,0.970873786407767,1.0506209432621307
0.9242166626184115,0.970873786407767,1.0504828853195207
0.9243381102744717,0.970873786407767,1.05034486365544
0.9244595579305319,0.970873786407767,1.0502068782555904
0.9245810055865922,0.970873786407767,1.0500689291056815
0.9247024532426524,0.970873786407767,1.0499310161914308
0.9248239008987127,0.970873786407767,1.0497931394985625
0.9249453485547728,0.970873786407767,1.0496552990128092
0.9250667962108331,0.9719525350593312,1.0506836252695988
0.9251882438668934,0.9719525350593312,1.0505457040796184
0.9253096915229536,0.9719525350593312,1.0504078190941768
0.9254311391790139,0.9719525350593312,1.0502699702990201
0.9255525868350741,0.9719525350593312,1.0501321576799019
0.9256740344911343,0.9719525350593312,1.0499943812225838
0.9257954821471945,0.9719525350593312,1.049856640912834
0.9259169298032548,0.9719525350593312,1.0497189367364288
0.926038377459315,0.9719525350593312,1.049581268679152
0.9261598251153753,0.9719525350593312,1.0494436367267943
0.9262812727714355,0.9719525350593312,1.0493060408651544
0.9264027204274957,0.9719525350593312,1.0491684810800386
0.926524168083556,0.9719525350593312,1.0490309573572596
0.9266456157396162,0.9719525350593312,1.0488934696826386
0.9267670633956765,0.9719525350593312,1.0487560180420041
0.9268885110517368,0.9719525350593312,1.0486186024211914
0.9270099587077969,0.9719525350593312,1.048481222806044
0.9271314063638572,0.9719525350593312,1.048343879182412
0.9272528540199174,0.9719525350593312,1.0482065715361537
0.9273743016759777,0.9719525350593312,1.0480692998531342
0.9274957493320379,0.9719525350593312,1.0479320641192265
0.9276171969880981,0.9719525350593312,1.0477948643203108
0.9277386446441583,0.9719525350593312,1.0476577004422742
0.9278600923002186,0.9719525350593312,1.0475205724710122
0.9279815399562789,0.9730312837108953,1.0485459481842052
0.9281029876123391,0.9730312837108953,1.0484087398685569
0.9282244352683994,0.9730312837108953,1.0482715674572172
0.9283458829244595,0.9730312837108953,1.0481344309360954
0.9284673305805198,0.9730312837108953,1.047997330291107
0.92858877823658,0.9730312837108953,1.0478602655081757
0.9287102258926403,0.9730312837108953,1.047723236573233
0.9288316735487006,0.9730312837108953,1.0475862434722165
0.9289531212047607,0.9730312837108953,1.0474492861910722
0.929074568860821,0.9730312837108953,1.0473123647157532
0.9291960165168812,0.9730312837108953,1.0471754790322196
0.9293174641729415,0.9730312837108953,1.047038629126439
0.9294389118290017,0.9730312837108953,1.0469018149843867
0.929560359485062,0.9730312837108953,1.046765036592045
0.9296818071411221,0.9730312837108953,1.0466282939354032
0.9298032547971824,0.9730312837108953,1.0464915870004587
0.9299247024532427,0.9730312837108953,1.0463549157732157
0.9300461501093029,0.9730312837108953,1.0462182802396855
0.9301675977653632,0.9730312837108953,1.0460816803858874
0.9302890454214233,0.9730312837108953,1.0459451161978475
0.9304104930774836,0.9730312837108953,1.0458085876615992
0.9305319407335438,0.9730312837108953,1.0456720947631835
0.9306533883896041,0.9730312837108953,1.0455356374886482
0.9307748360456644,0.9730312837108953,1.045399215824049
0.9308962837017245,0.9730312837108953,1.0452628297554485
0.9310177313577848,0.9730312837108953,1.0451264792689163
0.931139179013845,0.9730312837108953,1.0449901643505297
0.9312606266699053,0.9730312837108953,1.0448538849863735
0.9313820743259655,0.9730312837108953,1.044717641162539
0.9315035219820258,0.9730312837108953,1.0445814328651253
0.9316249696380859,0.9741100323624595,1.0456031816546072
0.9317464172941462,0.9741100323624595,1.045466893440106
0.9318678649502065,0.9741100323624595,1.0453306407497056
0.9319893126062667,0.9741100323624595,1.0451944235695194
0.932110760262327,0.9741100323624595,1.0450582418856667
0.9322322079183871,0.9741100323624595,1.0449220956842746
0.9323536555744474,0.9741100323624595,1.0447859849514773
0.9324751032305076,0.9741100323624595,1.0446499096734165
0.9325965508865679,0.9741100323624595,1.0445138698362406
0.9327179985426282,0.9751887810140237,1.0455344300611291
0.9328394461986884,0.9751887810140237,1.0453983104894506
0.9329608938547486,0.9751887810140237,1.045262226356349
0.9330823415108088,0.9751887810140237,1.0451261776479854
0.9332037891668691,0.9751887810140237,1.04499016435053
0.9333252368229293,0.9751887810140237,1.0448541864501588
0.9334466844789896,0.9751887810140237,1.0447182439330562
0.9335681321350497,0.9751887810140237,1.0445823367854132
0.93368957979111,0.9751887810140237,1.0444464649934275
0.9338110274471703,0.9751887810140237,1.0443106285433048
0.9339324751032305,0.9751887810140237,1.0441748274212577
0.9340539227592908,0.9751887810140237,1.0440390616135056
0.934175370415351,0.9751887810140237,1.0439033311062755
0.9342968180714112,0.9751887810140237,1.0437676358858017
0.9344182657274714,0.9751887810140237,1.0436319759383248
0.9345397133835317,0.9751887810140237,1.0434963512500937
0.934661161039592,0.9751887810140237,1.0433607618073637
0.9347826086956522,0.9751887810140237,1.0432252075963975
0.9349040563517124,0.9751887810140237,1.0430896886034648
0.9350255040077726,0.9751887810140237,1.0429542048148424
0.9351469516638329,0.9751887810140237,1.0428187562168145
0.9352683993198931,0.9751887810140237,1.042683342795672
0.9353898469759534,0.9751887810140237,1.0425479645377138
0.9355112946320137,0.9751887810140237,1.0424126214292446
0.9356327422880738,0.9751887810140237,1.0422773134565773
0.9357541899441341,0.9751887810140237,1.0421420406060313
0.9358756376001943,0.9751887810140237,1.0420068028639335
0.9359970852562546,0.9751887810140237,1.0418716002166175
0.9361185329123148,0.9751887810140237,1.0417364326504244
0.936239980568375,0.9751887810140237,1.0416013001517022
0.9363614282244352,0.9751887810140237,1.0414662027068056
0.9364828758804955,0.9751887810140237,1.0413311403020973
0.9366043235365558,0.9762675296655879,1.0423478785355875
0.936725771192616,0.9762675296655879,1.0422127368425322
0.9368472188486762,0.9762675296655879,1.0420776301875099
0.9369686665047364,0.9762675296655879,1.0419425585568958
0.9370901141607967,0.9762675296655879,1.0418075219370724
0.9372115618168569,0.9762675296655879,1.0416725203144293
0.9373330094729172,0.9762675296655879,1.0415375536753628
0.9374544571289775,0.9762675296655879,1.0414026220062769
0.9375759047850376,0.9762675296655879,1.0412677252935818
0.9376973524410979,0.9762675296655879,1.0411328635236954
0.9378188000971581,0.9762675296655879,1.040998036683042
0.9379402477532184,0.9762675296655879,1.040863244758054
0.9380616954092786,0.9762675296655879,1.0407284877351697
0.9381831430653388,0.9762675296655879,1.040593765600835
0.938304590721399,0.9762675296655879,1.0404590783415029
0.9384260383774593,0.9762675296655879,1.0403244259436328
0.9385474860335196,0.9762675296655879,1.0401898083936918
0.9386689336895798,0.9762675296655879,1.040055225678154
0.9387903813456401,0.9762675296655879,1.0399206777834995
0.9389118290017002,0.9762675296655879,1.0397861646962168
0.9390332766577605,0.9762675296655879,1.0396516864028003
0.9391547243138207,0.9762675296655879,1.039517242889752
0.939276171969881,0.9762675296655879,1.0393828341435805
0.9393976196259413,0.9762675296655879,1.0392484601508016
0.9395190672820014,0.9762675296655879,1.0391141208979384
0.9396405149380617,0.9762675296655879,1.03897981637152
0.9397619625941219,0.9762675296655879,1.0388455465580837
0.9398834102501822,0.9762675296655879,1.0387113114441726
0.9400048579062424,0.9762675296655879,1.0385771110163373
0.9401263055623027,0.9762675296655879,1.0384429452611357
0.9402477532183628,0.9762675296655879,1.038308814165132
0.9403692008744231,0.9762675296655879,1.0381747177148974
0.9404906485304834,0.9762675296655879,1.0380406558970108
0.9406120961865436,0.9762675296655879,1.037906628698057
0.9407335438426039,0.9762675296655879,1.0377726361046282
0.940854991498664,0.9773462783171522,1.0387852401785764
0.9409764391547243,0.9773462783171522,1.03865116877432
0.9410978868107845,0.9773462783171522,1.0385171319736006
0.9412193344668448,0.9773462783171522,1.0383831297630233
0.9413407821229051,0.9773462783171522,1.0382491621292003
0.9414622297789653,0.9773462783171522,1.03811522905875
0.9415836774350255,0.9773462783171522,1.0379813305382988
0.9417051250910857,0.9773462783171522,1.037847466554479
0.941826572747146,0.9773462783171522,1.0377136370939304
0.9419480204032062,0.9773462783171522,1.0375798421432993
0.9420694680592665,0.9773462783171522,1.0374460816892395
0.9421909157153266,0.9773462783171522,1.0373123557184107
0.9423123633713869,0.9773462783171522,1.0371786642174805
0.9424338110274472,0.9773462783171522,1.0370450071731225
0.9425552586835074,0.9773462783171522,1.036911384572018
0.9426767063395677,0.9773462783171522,1.0367777964008542
0.9427981539956278,0.9784250269687162,1.0377884415896446
0.9429196016516881,0.9784250269687162,1.0376547748661011
0.9430410493077483,0.9784250269687162,1.0375211425705615
0.9431624969638086,0.9784250269687162,1.0373875446897256
0.9432839446198689,0.9784250269687162,1.0372539812103012
0.9434053922759291,0.9784250269687162,1.0371204521190023
0.9435268399319893,0.9784250269687162,1.0369869574025499
0.9436482875880495,0.9784250269687162,1.0368534970476717
0.9437697352441098,0.9784250269687162,1.0367200710411029
0.94389118290017,0.9784250269687162,1.0365866793695844
0.9440126305562303,0.9784250269687162,1.0364533220198648
0.9441340782122905,0.9784250269687162,1.0363199989786995
0.9442555258683507,0.9784250269687162,1.0361867102328501
0.944376973524411,0.9784250269687162,1.0360534557690857
0.9444984211804712,0.9784250269687162,1.0359202355741814
0.9446198688365315,0.9784250269687162,1.0357870496349202
0.9447413164925917,0.9784250269687162,1.035653897938091
0.9448627641486519,0.9784250269687162,1.0355207804704898
0.9449842118047121,0.9784250269687162,1.035387697218919
0.9451056594607724,0.9784250269687162,1.0352546481701888
0.9452271071168327,0.9795037756202805,1.0362628920027481
0.9453485547728929,0.9795037756202805,1.0361297647041867
0.9454700024289531,0.9795037756202805,1.0359966716066011
0.9455914500850133,0.9795037756202805,1.0358636126968135
0.9457128977410736,0.9795037756202805,1.0357305879616527
0.9458343453971338,0.9795037756202805,1.0355975973879545
0.9459557930531941,0.9795037756202805,1.0354646409625612
0.9460772407092544,0.9795037756202805,1.035331718672322
0.9461986883653145,0.9795037756202805,1.0351988305040931
0.9463201360213748,0.9795037756202805,1.0350659764447367
0.946441583677435,0.9795037756202805,1.0349331564811226
0.9465630313334953,0.9795037756202805,1.034800370600127
0.9466844789895555,0.9805825242718447,1.0358071205714392
0.9468059266456157,0.9805825242718447,1.035674256651407
0.946927374301676,0.9805825242718447,1.0355414268121546
0.9470488219577362,0.9805825242718447,1.0354086310405706
0.9471702696137965,0.9805825242718447,1.0352758693235502
0.9472917172698567,0.9805825242718447,1.035143141647996
0.947413164925917,0.9805825242718447,1.0350104480008164
0.9475346125819771,0.9805825242718447,1.034877788368927
0.9476560602380374,0.9805825242718447,1.03474516273925
0.9477775078940976,0.9805825242718447,1.0346125710987146
0.9478989555501579,0.9805825242718447,1.034480013434256
0.9480204032062182,0.9805825242718447,1.0343474897328169
0.9481418508622783,0.9805825242718447,1.0342149999813461
0.9482632985183386,0.9805825242718447,1.0340825441667993
0.9483847461743988,0.9805825242718447,1.033950122276139
0.9485061938304591,0.9805825242718447,1.033817734296334
0.9486276414865193,0.9805825242718447,1.0336853802143604
0.9487490891425795,0.9805825242718447,1.0335530600172005
0.9488705367986398,0.9805825242718447,1.033420773691843
0.9489919844547,0.9805825242718447,1.033288521225284
0.9491134321107603,0.9805825242718447,1.0331563026045258
0.9492348797668205,0.9816612729234089,1.034160557990193
0.9493563274228808,0.9816612729234089,1.034028261641467
0.9494777750789409,0.9816612729234089,1.0338959991367804
0.9495992227350012,0.9816612729234089,1.0337637704631473
0.9497206703910615,0.9816612729234089,1.0336315756075893
0.9498421180471217,0.9816612729234089,1.0334994145571343
0.949963565703182,0.9816612729234089,1.0333672872988173
0.9500850133592421,0.9816612729234089,1.033235193819679
0.9502064610153024,0.9816612729234089,1.0331031341067676
0.9503279086713626,0.9816612729234089,1.0329711081471373
0.9504493563274229,0.9816612729234089,1.0328391159278494
0.9505708039834831,0.9816612729234089,1.0327071574359714
0.9506922516395434,0.9816612729234089,1.032575232658578
0.9508136992956036,0.9816612729234089,1.0324433415827499
0.9509351469516638,0.9816612729234089,1.0323114841955745
0.9510565946077241,0.9816612729234089,1.0321796604841462
0.9511780422637843,0.9816612729234089,1.0320478704355653
0.9512994899198446,0.9816612729234089,1.0319161140369397
0.9514209375759047,0.9816612729234089,1.0317843912753828
0.951542385231965,0.9816612729234089,1.031652702138015
0.9516638328880253,0.9816612729234089,1.0315210466119638
0.9517852805440855,0.9816612729234089,1.0313894246843625
0.9519067282001458,0.982740021574973,1.0323910867119581
0.952028175856206,0.982740021574973,1.0322593873770032
0.9521496235122662,0.982740021574973,1.0321277216388174
0.9522710711683264,0.982740021574973,1.0319960894845464
0.9523925188243867,0.982740021574973,1.0318644909013424
0.952513966480447,0.982740021574973,1.0317329258763646
0.9526354141365072,0.982740021574973,1.0316013943967781
0.9527568617925674,0.982740021574973,1.031469896449755
0.9528783094486276,0.982740021574973,1.0313384320224737
0.9529997571046879,0.982740021574973,1.031207001102119
0.9531212047607481,0.982740021574973,1.0310756036758828
0.9532426524168084,0.982740021574973,1.0309442397309627
0.9533641000728686,0.982740021574973,1.030812909254564
0.9534855477289288,0.982740021574973,1.0306816122338973
0.953606995384989,0.982740021574973,1.0305503486561802
0.9537284430410493,0.982740021574973,1.030419118508637
0.9538498906971096,0.982740021574973,1.0302879217784986
0.9539713383531698,0.982740021574973,1.0301567584530016
0.95409278600923,0.982740021574973,1.03002562851939
0.9542142336652902,0.982740021574973,1.0298945319649138
0.9543356813213505,0.982740021574973,1.0297634687768296
0.9544571289774108,0.982740021574973,1.0296324389424008
0.954578576633471,0.982740021574973,1.0295014424488966
0.9547000242895312,0.982740021574973,1.0293704792835934
0.9548214719455914,0.982740021574973,1.0292395494337736
0.9549429196016517,0.982740021574973,1.0291086528867261
0.9550643672577119,0.982740021574973,1.0289777896297467
0.9551858149137722,0.982740021574973,1.028846959650137
0.9553072625698324,0.982740021574973,1.0287161629352055
0.9554287102258926,0.982740021574973,1.0285853994722673
0.9555501578819529,0.982740021574973,1.0284546692486436
0.9556716055380131,0.982740021574973,1.028323972251662
0.9557930531940734,0.982740021574973,1.0281933084686565
0.9559145008501336,0.982740021574973,1.0280626778869684
0.9560359485061938,0.982740021574973,1.027932080493944
0.956157396162254,0.982740021574973,1.0278015162769374
0.9562788438183143,0.982740021574973,1.0276709852233081
0.9564002914743746,0.982740021574973,1.0275404873204226
0.9565217391304348,0.982740021574973,1.0274100225556535
0.9566431867864951,0.982740021574973,1.0272795909163803
0.9567646344425552,0.982740021574973,1.0271491923899883
0.9568860820986155,0.982740021574973,1.0270188269638696
0.9570075297546757,0.982740021574973,1.0268884946254222
0.957128977410736,0.982740021574973,1.0267581953620515
0.9572504250667963,0.982740021574973,1.0266279291611682
0.9573718727228564,0.982740021574973,1.02649769601019
0.9574933203789167,0.9838187702265372,1.0274941342015864
0.9576147680349769,0.9838187702265372,1.0273638242289547
0.9577362156910372,0.9838187702265372,1.0272335473047562
0.9578576633470974,0.9838187702265372,1.0271033034164203
0.9579791110031577,0.9838187702265372,1.0269730925513827
0.9581005586592178,0.9838187702265372,1.0268429146970854
0.9582220063152781,0.9838187702265372,1.0267127698409768
0.9583434539713384,0.9838187702265372,1.0265826579705115
0.9584649016273986,0.9838187702265372,1.026452579073151
0.9585863492834589,0.9838187702265372,1.0263225331363621
0.958707796939519,0.9838187702265372,1.0261925201476194
0.9588292445955793,0.9838187702265372,1.0260625400944026
0.9589506922516395,0.9838187702265372,1.025932592964198
0.9590721399076998,0.9838187702265372,1.0258026787444987
0.95919358756376,0.9838187702265372,1.0256727974228042
0.9593150352198203,0.9838187702265372,1.0255429489866195
0.9594364828758805,0.9838187702265372,1.0254131334234566
0.9595579305319407,0.9838187702265372,1.0252833507208337
0.959679378188001,0.9838187702265372,1.0251536008662752
0.9598008258440612,0.9838187702265372,1.025023883847312
0.9599222735001215,0.9838187702265372,1.024894199651481
0.9600437211561816,0.9838187702265372,1.0247645482663261
0.9601651688122419,0.9838187702265372,1.0246349296793964
0.9602866164683022,0.9838187702265372,1.024505343878248
0.9604080641243624,0.9838187702265372,1.0243757908504434
0.9605295117804227,0.9838187702265372,1.0242462705835513
0.9606509594364828,0.9838187702265372,1.0241167830651463
0.9607724070925431,0.9838187702265372,1.0239873282828096
0.9608938547486033,0.9838187702265372,1.0238579062241289
0.9610153024046636,0.9838187702265372,1.0237285168766974
0.9611367500607239,0.9838187702265372,1.0235991602281156
0.9612581977167841,0.9838187702265372,1.0234698362659895
0.9613796453728443,0.9838187702265372,1.0233405449779318
0.9615010930289045,0.9838187702265372,1.0232112863515608
0.9616225406849648,0.9848975188781014,1.0242038608792987
0.961743988341025,0.9848975188781014,1.024074525879819
0.9618654359970853,0.9848975188781014,1.0239452235406927
0.9619868836531454,0.9848975188781014,1.0238159538495502
0.9621083313092057,0.9848975188781014,1.0236867167940276
0.962229778965266,0.9859762675296656,1.024678604927334
0.9623512266213262,0.9859762675296656,1.0245492916253491
0.9624726742773865,0.9859762675296656,1.0244200109576362
0.9625941219334467,0.9859762675296656,1.0242907629118427
0.9627155695895069,0.9859762675296656,1.0241615474756234
0.9628370172455671,0.9859762675296656,1.024032364636638
0.9629584649016274,0.9859762675296656,1.0239032143825535
0.9630799125576877,0.9859762675296656,1.0237740967010425
0.9632013602137479,0.9859762675296656,1.023645011579784
0.9633228078698081,0.9859762675296656,1.0235159590064633
0.9634442555258683,0.9859762675296656,1.0233869389687718
0.9635657031819286,0.9859762675296656,1.0232579514544071
0.9636871508379888,0.9859762675296656,1.0231289964510732
0.9638085984940491,0.9859762675296656,1.0230000739464802
0.9639300461501094,0.9859762675296656,1.022871183928344
0.9640514938061695,0.9859762675296656,1.0227423263843873
0.9641729414622298,0.9859762675296656,1.0226135013023387
0.96429438911829,0.9859762675296656,1.022484708669933
0.9644158367743503,0.9859762675296656,1.0223559484749107
0.9645372844304105,0.9859762675296656,1.0222272207050196
0.9646587320864707,0.9859762675296656,1.022098525348013
0.9647801797425309,0.9859762675296656,1.02196986239165
0.9649016273985912,0.9859762675296656,1.0218412318236962
0.9650230750546515,0.9859762675296656,1.0217126336319238
0.9651445227107117,0.9859762675296656,1.0215840678041106
0.965265970366772,0.9859762675296656,1.0214555343280405
0.9653874180228321,0.9859762675296656,1.0213270331915043
0.9655088656788924,0.9859762675296656,1.0211985643822976
0.9656303133349526,0.9859762675296656,1.0210701278882237
0.9657517609910129,0.9859762675296656,1.0209417236970908
0.9658732086470732,0.9859762675296656,1.020813351796714
0.9659946563031333,0.9859762675296656,1.020685012174914
0.9661161039591936,0.9859762675296656,1.020556704819518
0.9662375516152538,0.9859762675296656,1.0204284297183592
0.9663589992713141,0.9859762675296656,1.020300186859277
0.9664804469273743,0.9859762675296656,1.0201719762301165
0.9666018945834345,0.9859762675296656,1.0200437978187293
0.9667233422394947,0.9859762675296656,1.0199156516129733
0.966844789895555,0.9859762675296656,1.0197875376007117
0.9669662375516153,0.9859762675296656,1.0196594557698149
0.9670876852076755,0.9859762675296656,1.0195314061081586
0.9672091328637358,0.9859762675296656,1.0194033886036247
0.9673305805197959,0.9859762675296656,1.0192754032441014
0.9674520281758562,0.9870550161812298,1.0202624909912437
0.9675734758319164,0.9870550161812298,1.0201344299279838
0.9676949234879767,0.9870550161812298,1.020006401008565
0.967816371144037,0.9870550161812298,1.0198784042208866
0.9679378188000971,0.9870550161812298,1.019750439552854
0.9680592664561574,0.9870550161812298,1.019622506992378
0.9681807141122176,0.9870550161812298,1.0194946065273767
0.9683021617682779,0.9870550161812298,1.0193667381457727
0.9684236094243381,0.9870550161812298,1.0192389018354961
0.9685450570803984,0.9870550161812298,1.0191110975844822
0.9686665047364585,0.9870550161812298,1.0189833253806728
0.9687879523925188,0.9870550161812298,1.0188555852120154
0.9689094000485791,0.9870550161812298,1.0187278770664636
0.9690308477046393,0.9870550161812298,1.0186002009319772
0.9691522953606996,0.9870550161812298,1.018472556796522
0.9692737430167597,0.9870550161812298,1.01834494464807
0.96939519067282,0.9870550161812298,1.0182173644745987
0.9695166383288802,0.9870550161812298,1.018089816264092
0.9696380859849405,0.9870550161812298,1.01796230000454
0.9697595336410008,0.9870550161812298,1.017834815683938
0.969880981297061,0.9870550161812298,1.0177073632902887
0.9700024289531212,0.9870550161812298,1.0175799428115997
0.9701238766091814,0.9870550161812298,1.0174525542358845
0.9702453242652417,0.9870550161812298,1.0173251975511637
0.9703667719213019,0.9870550161812298,1.0171978727454627
0.9704882195773622,0.9870550161812298,1.0170705798068134
0.9706096672334223,0.9870550161812298,1.0169433187232542
0.9707311148894826,0.9870550161812298,1.0168160894828282
0.9708525625455429,0.9870550161812298,1.016688892073586
0.9709740102016031,0.9870550161812298,1.0165617264835831
0.9710954578576634,0.9870550161812298,1.016434592700881
0.9712169055137236,0.9870550161812298,1.0163074907135483
0.9713383531697838,0.9870550161812298,1.0161804205096583
0.971459800825844,0.9881337648327939,1.0171638229320197
0.9715812484819043,0.9881337648327939,1.017036677454153
0.9717026961379646,0.9881337648327939,1.0169095637586834
0.9718241437940248,0.9881337648327939,1.0167824818336946
0.971945591450085,0.9881337648327939,1.016655431667278
0.9720670391061452,0.9881337648327939,1.0165284132475294
0.9721884867622055,0.9881337648327939,1.0164014265625516
0.9723099344182657,0.9881337648327939,1.0162744716004528
0.972431382074326,0.9881337648327939,1.0161475483493474
0.9725528297303863,0.9881337648327939,1.0160206567973558
0.9726742773864464,0.9881337648327939,1.015893796932604
0.9727957250425067,0.9881337648327939,1.015766968743224
0.9729171726985669,0.9881337648327939,1.0156401722173543
0.9730386203546272,0.9881337648327939,1.0155134073431384
0.9731600680106874,0.9881337648327939,1.0153866741087265
0.9732815156667476,0.9881337648327939,1.0152599725022742
0.9734029633228078,0.9881337648327939,1.0151333025119433
0.9735244109788681,0.9881337648327939,1.0150066641259012
0.9736458586349284,0.9881337648327939,1.014880057332322
0.9737673062909886,0.9892125134843581,1.0158612915976808
0.9738887539470488,0.9892125134843581,1.0157346098054876
0.974010201603109,0.9892125134843581,1.0156079596047638
0.9741316492591693,0.9892125134843581,1.0154813409836934
0.9742530969152295,0.9892125134843581,1.0153547539304668
0.9743745445712898,0.9892125134843581,1.0152281984332798
0.9744959922273501,0.9892125134843581,1.0151016744803345
0.9746174398834102,0.9892125134843581,1.0149751820598387
0.9747388875394705,0.9892125134843581,1.0148487211600057
0.9748603351955307,0.9892125134843581,1.014722291769055
0.974981782851591,0.9892125134843581,1.0145958938752124
0.9751032305076512,0.9892125134843581,1.0144695274667088
0.9752246781637114,0.9892125134843581,1.0143431925317814
0.9753461258197716,0.9892125134843581,1.0142168890586734
0.9754675734758319,0.9892125134843581,1.014090617035633
0.9755890211318922,0.9892125134843581,1.0139643764509156
0.9757104687879524,0.9892125134843581,1.0138381672927812
0.9758319164440127,0.9892125134843581,1.0137119895494966
0.9759533641000728,0.9892125134843581,1.0135858432093336
0.9760748117561331,0.9892125134843581,1.0134597282605704
0.9761962594121933,0.9892125134843581,1.0133336446914911
0.9763177070682536,0.9892125134843581,1.013207592490385
0.9764391547243139,0.9892125134843581,1.013081571645548
0.976560602380374,0.9892125134843581,1.0129555821452811
0.9766820500364343,0.9892125134843581,1.0128296239778918
0.9768034976924945,0.9892125134843581,1.0127036971316927
0.9769249453485548,0.9892125134843581,1.012577801595003
0.977046393004615,0.9892125134843581,1.0124519373561471
0.9771678406606753,0.9892125134843581,1.0123261044034557
0.9772892883167354,0.9892125134843581,1.0122003027252646
0.9774107359727957,0.9892125134843581,1.012074532309916
0.977532183628856,0.9892125134843581,1.0119487931457578
0.9776536312849162,0.9902912621359223,1.0129264909847433
0.9777750789409765,0.9913700107874865,1.0139039459476045
0.9778965265970366,0.9913700107874865,1.0137780264312177
0.9780179742530969,0.9913700107874865,1.013652138187528
0.9781394219091571,0.9913700107874865,1.0135262812048875
0.9782608695652174,0.9913700107874865,1.013400455471653
0.9783823172212777,0.9913700107874865,1.0132746609761871
0.9785037648773379,0.9913700107874865,1.013148897706859
0.9786252125333981,0.9913700107874865,1.0130231656520432
0.9787466601894583,0.9913700107874865,1.0128974648001197
0.9788681078455186,0.9913700107874865,1.0127717951394744
0.9789895555015788,0.9913700107874865,1.0126461566584994
0.9791110031576391,0.9913700107874865,1.0125205493455922
0.9792324508136993,0.9913700107874865,1.012394973189156
0.9793538984697595,0.9913700107874865,1.0122694281775997
0.9794753461258198,0.9913700107874865,1.0121439142993385
0.97959679378188,0.9913700107874865,1.0120184315427925
0.9797182414379403,0.9913700107874865,1.0118929798963883
0.9798396890940004,0.9913700107874865,1.0117675593485578
0.9799611367500607,0.9913700107874865,1.011642169887739
0.980082584406121,0.9913700107874865,1.0115168115023747
0.9802040320621812,0.9913700107874865,1.0113914841809148
0.9803254797182415,0.9924487594390508,1.0123665863752656
0.9804469273743017,0.9924487594390508,1.0122411848409691
0.9805683750303619,0.9924487594390508,1.012115814369723
0.9806898226864221,0.9924487594390508,1.0119904749499868
0.9808112703424824,0.9924487594390508,1.0118651665702258
0.9809327179985426,0.9924487594390508,1.011739889218911
0.9810541656546029,0.9924487594390508,1.011614642884519
0.981175613310663,0.9924487594390508,1.0114894275555322
0.9812970609667233,0.9924487594390508,1.0113642432204386
0.9814185086227836,0.9924487594390508,1.0112390898677321
0.9815399562788438,0.9924487594390508,1.0111139674859124
0.9816614039349041,0.9924487594390508,1.0109888760634842
0.9817828515909643,0.9924487594390508,1.0108638155889589
0.9819042992470245,0.9924487594390508,1.0107387860508528
0.9820257469030848,0.9924487594390508,1.010613787437688
0.982147194559145,0.9924487594390508,1.0104888197379924
0.9822686422152053,0.9924487594390508,1.0103638829402997
0.9823900898712655,0.9924487594390508,1.0102389770331492
0.9825115375273257,0.9924487594390508,1.010114102005086
0.9826329851833859,0.9924487594390508,1.00998925784466
0.9827544328394462,0.9924487594390508,1.0098644445404281
0.9828758804955064,0.9924487594390508,1.009739662080952
0.9829973281515667,0.9924487594390508,1.0096149104547991
0.983118775807627,0.9924487594390508,1.0094901896505428
0.9832402234636871,0.9924487594390508,1.0093654996567618
0.9833616711197474,0.9924487594390508,1.0092408404620408
0.9834831187758076,0.9924487594390508,1.0091162120549697
0.9836045664318679,0.9924487594390508,1.0089916144241442
0.9837260140879281,0.9924487594390508,1.0088670475581658
0.9838474617439883,0.9924487594390508,1.0087425114456419
0.9839689094000486,0.9924487594390508,1.0086180060751844
0.9840903570561088,0.9924487594390508,1.008493531435412
0.9842118047121691,0.9924487594390508,1.0083690875149487
0.9843332523682293,0.9924487594390508,1.0082446743024236
0.9844547000242896,0.9924487594390508,1.0081202917864722
0.9845761476803497,0.9924487594390508,1.007995939955735
0.98469759533641,0.9924487594390508,1.0078716187988583
0.9848190429924703,0.9924487594390508,1.0077473283044942
0.9849404906485305,0.9924487594390508,1.0076230684613001
0.9850619383045908,0.9924487594390508,1.007498839257939
0.9851833859606509,0.9924487594390508,1.00737464068308
0.9853048336167112,0.9924487594390508,1.0072504727253968
0.9854262812727714,0.9935275080906149,1.0082210379120191
0.9855477289288317,0.9935275080906149,1.008096796256084
0.985669176584892,0.9935275080906149,1.0079725852166241
0.9857906242409521,0.9946062567421791,1.0089427027245415
0.9859120718970124,0.9946062567421791,1.008818418085132
0.9860335195530726,0.9946062567421791,1.0086941640614735
0.9861549672091329,0.9946062567421791,1.008569940642254
0.9862764148651931,0.9946062567421791,1.0084457478161681
0.9863978625212534,0.9946062567421791,1.008321585571916
0.9865193101773135,0.9946062567421791,1.008197453898203
0.9866407578333738,0.9946062567421791,1.0080733527837398
0.986762205489434,0.9946062567421791,1.0079492822172433
0.9868836531454943,0.9946062567421791,1.0078252421874356
0.9870051008015546,0.9946062567421791,1.0077012326830443
0.9871265484576147,0.9946062567421791,1.007577253692803
0.987247996113675,0.9946062567421791,1.00745330520545
0.9873694437697352,0.9946062567421791,1.0073293872097298
0.9874908914257955,0.9946062567421791,1.0072054996943922
0.9876123390818558,0.9946062567421791,1.0070816426481926
0.987733786737916,0.9946062567421791,1.006957816059892
0.9878552343939762,0.9946062567421791,1.006834019918257
0.9879766820500364,0.9946062567421791,1.0067102542120594
0.9880981297060967,0.9946062567421791,1.0065865189300764
0.9882195773621569,0.9946062567421791,1.0064628140610916
0.9883410250182172,0.9946062567421791,1.0063391395938932
0.9884624726742773,0.9946062567421791,1.0062154955172753
0.9885839203303376,0.9946062567421791,1.0060918818200373
0.9887053679863979,0.9946062567421791,1.0059682984909841
0.9888268156424581,0.9946062567421791,1.0058447455189268
0.9889482632985184,0.9946062567421791,1.005721222892681
0.9890697109545786,0.9946062567421791,1.0055977306010686
0.9891911586106388,0.9946062567421791,1.0054742686329163
0.989312606266699,0.9946062567421791,1.0053508369770565
0.9894340539227593,0.9946062567421791,1.0052274356223276
0.9895555015788196,0.9946062567421791,1.0051040645575726
0.9896769492348798,0.9946062567421791,1.004980723771641
0.98979839689094,0.9946062567421791,1.004857413253387
0.9899198445470002,0.9946062567421791,1.0047341329916701
0.9900412922030605,0.9946062567421791,1.004610882975356
0.9901627398591207,0.9946062567421791,1.0044876631933157
0.990284187515181,0.9946062567421791,1.004364473634425
0.9904056351712412,0.9946062567421791,1.0042413142875661
0.9905270828273014,0.9946062567421791,1.004118185141626
0.9906485304833617,0.9946062567421791,1.0039950861854974
0.9907699781394219,0.9946062567421791,1.0038720174080782
0.9908914257954822,0.9946062567421791,1.003748978798272
0.9910128734515424,0.9946062567421791,1.003625970344988
0.9911343211076026,0.9946062567421791,1.0035029920371403
0.9912557687636628,0.9946062567421791,1.0033800438636489
0.9913772164197231,0.9946062567421791,1.003257125813439
0.9914986640757834,0.9946062567421791,1.0031342378754413
0.9916201117318436,0.9946062567421791,1.0030113800385918
0.9917415593879038,0.9946062567421791,1.0028885522918323
0.991863007043964,0.9946062567421791,1.0027657546241096
0.9919844547000243,0.9946062567421791,1.0026429870243758
0.9921059023560845,0.9946062567421791,1.0025202494815892
0.9922273500121448,0.9946062567421791,1.0023975419847126
0.992348797668205,0.9946062567421791,1.0022748645227146
0.9924702453242652,0.9946062567421791,1.0021522170845696
0.9925916929803255,0.9946062567421791,1.0020295996592563
0.9927131406363857,0.9946062567421791,1.00190701223576
0.992834588292446,0.9946062567421791,1.0017844548030705
0.9929560359485062,0.9946062567421791,1.0016619273501837
0.9930774836045664,0.9946062567421791,1.0015394298661005
0.9931989312606266,0.9946062567421791,1.0014169623398268
0.9933203789166869,0.9946062567421791,1.0012945247603744
0.9934418265727472,0.9946062567421791,1.0011721171167607
0.9935632742288074,0.9946062567421791,1.0010497393980078
0.9936847218848677,0.9946062567421791,1.0009273915931438
0.9938061695409278,0.9946062567421791,1.0008050736912015
0.9939276171969881,0.9946062567421791,1.0006827856812197
0.9940490648530483,0.9946062567421791,1.0005605275522422
0.9941705125091086,0.9946062567421791,1.000438299293318
0.9942919601651689,0.9946062567421791,1.0003161008935022
0.994413407821229,0.9956850053937433,1.0012787413791013
0.9945348554772893,0.9956850053937433,1.001156470193196
0.9946563031333495,0.9967637540453075,1.0021187729925594
0.9947777507894098,0.9967637540453075,1.0019964291062218
0.99489919844547,0.9967637540453075,1.0018741150889967
0.9950206461015303,0.9967637540453075,1.0017518309299476
0.9951420937575904,0.9967637540453075,1.001629576618143
0.9952635414136507,0.9967637540453075,1.0015073521426556
0.995384989069711,0.9967637540453075,1.001385157492565
0.9955064367257712,0.9967637540453075,1.0012629926569552
0.9956278843818315,0.9978425026968716,1.0022243434015663
0.9957493320378916,0.9978425026968716,1.0021021060136652
0.9958707796939519,0.9978425026968716,1.001979898439761
0.9959922273500121,0.9978425026968716,1.0018577206689478
0.9961136750060724,0.9978425026968716,1.0017355726903243
0.9962351226621327,0.9989212513484358,1.0026962798492038
0.9963565703181929,0.9989212513484358,1.0025740594347903
0.9964780179742531,0.9989212513484358,1.0024518688120683
0.9965994656303133,0.9989212513484358,1.0023297079701463
0.9967209132863736,0.9989212513484358,1.0022075768981382
0.9968423609424338,0.9989212513484358,1.0020854755851634
0.9969638085984941,0.9989212513484358,1.001963404020346
0.9970852562545542,0.9989212513484358,1.0018413621928162
0.9972067039106145,0.9989212513484358,1.0017193500917088
0.9973281515666748,0.9989212513484358,1.0015973677061643
0.997449599222735,0.9989212513484358,1.0014754150253282
0.9975710468787953,0.9989212513484358,1.0013534920383516
0.9976924945348554,0.9989212513484358,1.001231598734391
0.9978139421909157,1.0,1.002190847127556
0.9979353898469759,1.0,1.0020688815869538
0.9980568375030362,1.0,1.0019469457288879
0.9981782851590965,1.0,1.0018250395425234
0.9982997328151567,1.0,1.0017031630170317
0.9984211804712169,1.0,1.0015813161415887
0.9985426281272771,1.0,1.0014594989053758
0.9986640757833374,1.0,1.0013377112975799
0.9987855234393976,1.0,1.001215953307393
0.9989069710954579,1.0,1.001094224924012
0.999028418751518,1.0,1.00097252613664
0.9991498664075783,1.0,1.000850856934484
0.9992713140636386,1.0,1.0007292173067575
0.9993927617196988,1.0,1.0006076072426784
0.9995142093757591,1.0,1.0004860267314701
0.9996356570318193,1.0,1.0003644757623618
0.9997571046878795,1.0,1.000242954324587
0.9998785523439397,1.0,1.0001214624073849
1.0,1.0,1.0
